timestamp_utc,alertDate,colorDate,alertLevel,colorCode,noticeSynopsis,noticeId,noticeUrl,vName,nvewsThreat,new_notice
2025-10-14 08:18:57,2025-10-13 19:02:50,2025-10-13 19:02:50,WATCH,ORANGE,HVO Kilauea ORANGE/WATCH - Episode 34 lava fountaining ended October 1. Episode 35 is likely to start between October 17 and 21.,DOI-USGS-HVO-2025-10-13T18:35:32+00:00,https://volcanoes.usgs.gov/hans2/view/notice/DOI-USGS-HVO-2025-10-13T18:35:32+00:00,Kilauea,Very High Threat,True
2025-10-16 10:21:42,2025-10-15 18:36:11,2025-10-15 18:36:11,WATCH,ORANGE,HVO Kilauea ORANGE/WATCH - Episode 34 lava fountaining ended October 1. Episode 35 is likely to start between October 17 and 22.,DOI-USGS-HVO-2025-10-15T18:09:57+00:00,https://volcanoes.usgs.gov/hans2/view/notice/DOI-USGS-HVO-2025-10-15T18:09:57+00:00,Kilauea,Very High Threat,True
2025-10-18 01:23:01,2025-10-17 19:34:01,2025-10-17 19:34:01,WATCH,ORANGE,HVO Kilauea ORANGE/WATCH - Episode 35 is likely to start between today and October 22. Precursory low-level activity increased over the past 24 hours.,DOI-USGS-HVO-2025-10-17T18:07:31+00:00,https://volcanoes.usgs.gov/hans2/view/notice/DOI-USGS-HVO-2025-10-17T18:07:31+00:00,Kilauea,Very High Threat,True
2025-10-18 02:54:43,2025-10-17 19:34:01,2025-10-17 19:34:01,WATCH,ORANGE,HVO Kilauea ORANGE/WATCH - Episode 35 is likely to start between today and October 22. Precursory low-level activity increased over the past 24 hours.,DOI-USGS-HVO-2025-10-17T18:07:31+00:00,https://volcanoes.usgs.gov/hans2/view/notice/DOI-USGS-HVO-2025-10-17T18:07:31+00:00,Kilauea,Very High Threat,False
2025-10-18 03:28:11,2025-10-17 19:34:01,2025-10-17 19:34:01,WATCH,ORANGE,HVO Kilauea ORANGE/WATCH - Episode 35 is likely to start between today and October 22. Precursory low-level activity increased over the past 24 hours.,DOI-USGS-HVO-2025-10-17T18:07:31+00:00,https://volcanoes.usgs.gov/hans2/view/notice/DOI-USGS-HVO-2025-10-17T18:07:31+00:00,Kilauea,Very High Threat,False
2025-10-18 04:21:31,2025-10-17 19:34:01,2025-10-17 19:34:01,WATCH,ORANGE,HVO Kilauea ORANGE/WATCH - Episode 35 is likely to start between today and October 22. Precursory low-level activity increased over the past 24 hours.,DOI-USGS-HVO-2025-10-17T18:07:31+00:00,https://volcanoes.usgs.gov/hans2/view/notice/DOI-USGS-HVO-2025-10-17T18:07:31+00:00,Kilauea,Very High Threat,False
2025-10-18 05:17:20,2025-10-17 19:34:01,2025-10-17 19:34:01,WATCH,ORANGE,HVO Kilauea ORANGE/WATCH - Episode 35 is likely to start between today and October 22. Precursory low-level activity increased over the past 24 hours.,DOI-USGS-HVO-2025-10-17T18:07:31+00:00,https://volcanoes.usgs.gov/hans2/view/notice/DOI-USGS-HVO-2025-10-17T18:07:31+00:00,Kilauea,Very High Threat,False
2025-10-18 06:26:25,2025-10-17 19:34:01,2025-10-17 19:34:01,WATCH,ORANGE,HVO Kilauea ORANGE/WATCH - Episode 35 is likely to start between today and October 22. Precursory low-level activity increased over the past 24 hours.,DOI-USGS-HVO-2025-10-17T18:07:31+00:00,https://volcanoes.usgs.gov/hans2/view/notice/DOI-USGS-HVO-2025-10-17T18:07:31+00:00,Kilauea,Very High Threat,False
2025-10-18 07:16:18,2025-10-18 06:35:52,2025-10-18 06:35:52,WATCH,ORANGE,"HVO Kilauea ORANGE/WATCH - Episode 35 of the ongoing Halemaʻumaʻu eruption began at approximately 8:05 p.m. HST on October 17, 2025.",DOI-USGS-HVO-2025-10-17T05:15:25+00:00,https://volcanoes.usgs.gov/hans2/view/notice/DOI-USGS-HVO-2025-10-17T05:15:25+00:00,Kilauea,Very High Threat,True
2025-10-18 08:22:55,2025-10-18 08:05:46,2025-10-18 08:05:46,WATCH,ORANGE,HVO Kilauea ORANGE/WATCH - Episode 35 of the ongoing Halemaʻumaʻu eruption continues with fountains approaching 1500 feet high from the south vent and 1100 feet from the north vent.,DOI-USGS-HVO-2025-10-18T07:33:48+00:00,https://volcanoes.usgs.gov/hans2/view/notice/DOI-USGS-HVO-2025-10-18T07:33:48+00:00,Kilauea,Very High Threat,True
2025-10-18 09:17:44,2025-10-18 08:05:46,2025-10-18 08:05:46,WATCH,ORANGE,HVO Kilauea ORANGE/WATCH - Episode 35 of the ongoing Halemaʻumaʻu eruption continues with fountains approaching 1500 feet high from the south vent and 1100 feet from the north vent.,DOI-USGS-HVO-2025-10-18T07:33:48+00:00,https://volcanoes.usgs.gov/hans2/view/notice/DOI-USGS-HVO-2025-10-18T07:33:48+00:00,Kilauea,Very High Threat,False
2025-10-18 10:17:54,2025-10-18 08:05:46,2025-10-18 08:05:46,WATCH,ORANGE,HVO Kilauea ORANGE/WATCH - Episode 35 of the ongoing Halemaʻumaʻu eruption continues with fountains approaching 1500 feet high from the south vent and 1100 feet from the north vent.,DOI-USGS-HVO-2025-10-18T07:33:48+00:00,https://volcanoes.usgs.gov/hans2/view/notice/DOI-USGS-HVO-2025-10-18T07:33:48+00:00,Kilauea,Very High Threat,False
2025-10-18 11:14:10,2025-10-18 08:05:46,2025-10-18 08:05:46,WATCH,ORANGE,HVO Kilauea ORANGE/WATCH - Episode 35 of the ongoing Halemaʻumaʻu eruption continues with fountains approaching 1500 feet high from the south vent and 1100 feet from the north vent.,DOI-USGS-HVO-2025-10-18T07:33:48+00:00,https://volcanoes.usgs.gov/hans2/view/notice/DOI-USGS-HVO-2025-10-18T07:33:48+00:00,Kilauea,Very High Threat,False
2025-10-18 12:35:29,2025-10-18 08:05:46,2025-10-18 08:05:46,WATCH,ORANGE,HVO Kilauea ORANGE/WATCH - Episode 35 of the ongoing Halemaʻumaʻu eruption continues with fountains approaching 1500 feet high from the south vent and 1100 feet from the north vent.,DOI-USGS-HVO-2025-10-18T07:33:48+00:00,https://volcanoes.usgs.gov/hans2/view/notice/DOI-USGS-HVO-2025-10-18T07:33:48+00:00,Kilauea,Very High Threat,False
2025-10-18 13:22:40,2025-10-18 08:05:46,2025-10-18 08:05:46,WATCH,ORANGE,HVO Kilauea ORANGE/WATCH - Episode 35 of the ongoing Halemaʻumaʻu eruption continues with fountains approaching 1500 feet high from the south vent and 1100 feet from the north vent.,DOI-USGS-HVO-2025-10-18T07:33:48+00:00,https://volcanoes.usgs.gov/hans2/view/notice/DOI-USGS-HVO-2025-10-18T07:33:48+00:00,Kilauea,Very High Threat,False
2025-10-18 14:15:36,2025-10-18 08:05:46,2025-10-18 08:05:46,WATCH,ORANGE,HVO Kilauea ORANGE/WATCH - Episode 35 of the ongoing Halemaʻumaʻu eruption continues with fountains approaching 1500 feet high from the south vent and 1100 feet from the north vent.,DOI-USGS-HVO-2025-10-18T07:33:48+00:00,https://volcanoes.usgs.gov/hans2/view/notice/DOI-USGS-HVO-2025-10-18T07:33:48+00:00,Kilauea,Very High Threat,False
2025-10-18 15:16:42,2025-10-18 14:30:33,2025-10-18 14:30:33,WATCH,ORANGE,HVO Kilauea ORANGE/WATCH - Episode 35 of the ongoing Halemaʻumaʻu eruption ended abruptly at 3:32 a.m. HST on October 18.,DOI-USGS-HVO-2025-10-18T10:16:28+00:00,https://volcanoes.usgs.gov/hans2/view/notice/DOI-USGS-HVO-2025-10-18T10:16:28+00:00,Kilauea,Very High Threat,True
2025-10-18 16:20:56,2025-10-18 14:30:33,2025-10-18 14:30:33,WATCH,ORANGE,HVO Kilauea ORANGE/WATCH - Episode 35 of the ongoing Halemaʻumaʻu eruption ended abruptly at 3:32 a.m. HST on October 18.,DOI-USGS-HVO-2025-10-18T10:16:28+00:00,https://volcanoes.usgs.gov/hans2/view/notice/DOI-USGS-HVO-2025-10-18T10:16:28+00:00,Kilauea,Very High Threat,False
2025-10-18 17:14:28,2025-10-18 14:30:33,2025-10-18 14:30:33,WATCH,ORANGE,HVO Kilauea ORANGE/WATCH - Episode 35 of the ongoing Halemaʻumaʻu eruption ended abruptly at 3:32 a.m. HST on October 18.,DOI-USGS-HVO-2025-10-18T10:16:28+00:00,https://volcanoes.usgs.gov/hans2/view/notice/DOI-USGS-HVO-2025-10-18T10:16:28+00:00,Kilauea,Very High Threat,False
2025-10-18 18:24:02,2025-10-18 14:30:33,2025-10-18 14:30:33,WATCH,ORANGE,HVO Kilauea ORANGE/WATCH - Episode 35 of the ongoing Halemaʻumaʻu eruption ended abruptly at 3:32 a.m. HST on October 18.,DOI-USGS-HVO-2025-10-18T10:16:28+00:00,https://volcanoes.usgs.gov/hans2/view/notice/DOI-USGS-HVO-2025-10-18T10:16:28+00:00,Kilauea,Very High Threat,False
2025-10-18 19:13:46,2025-10-18 14:30:33,2025-10-18 14:30:33,WATCH,ORANGE,HVO Kilauea ORANGE/WATCH - Episode 35 of the ongoing Halemaʻumaʻu eruption ended abruptly at 3:32 a.m. HST on October 18.,DOI-USGS-HVO-2025-10-18T10:16:28+00:00,https://volcanoes.usgs.gov/hans2/view/notice/DOI-USGS-HVO-2025-10-18T10:16:28+00:00,Kilauea,Very High Threat,False
2025-10-18 20:19:12,2025-10-18 14:30:33,2025-10-18 14:30:33,WATCH,ORANGE,HVO Kilauea ORANGE/WATCH - Episode 35 of the ongoing Halemaʻumaʻu eruption ended abruptly at 3:32 a.m. HST on October 18.,DOI-USGS-HVO-2025-10-18T10:16:28+00:00,https://volcanoes.usgs.gov/hans2/view/notice/DOI-USGS-HVO-2025-10-18T10:16:28+00:00,Kilauea,Very High Threat,False
2025-10-18 21:15:20,2025-10-18 20:34:15,2025-10-18 20:34:15,WATCH,ORANGE,HVO Kilauea ORANGE/WATCH - Episode 35 of the ongoing Halemaʻumaʻu eruption ended abruptly at 3:32 a.m. HST on October 18. Summit inflation has resumed.,DOI-USGS-HVO-2025-10-18T20:28:54+00:00,https://volcanoes.usgs.gov/hans2/view/notice/DOI-USGS-HVO-2025-10-18T20:28:54+00:00,Kilauea,Very High Threat,True
2025-10-18 22:16:25,2025-10-18 20:34:15,2025-10-18 20:34:15,WATCH,ORANGE,HVO Kilauea ORANGE/WATCH - Episode 35 of the ongoing Halemaʻumaʻu eruption ended abruptly at 3:32 a.m. HST on October 18. Summit inflation has resumed.,DOI-USGS-HVO-2025-10-18T20:28:54+00:00,https://volcanoes.usgs.gov/hans2/view/notice/DOI-USGS-HVO-2025-10-18T20:28:54+00:00,Kilauea,Very High Threat,False
2025-10-18 23:16:55,2025-10-18 20:34:15,2025-10-18 20:34:15,WATCH,ORANGE,HVO Kilauea ORANGE/WATCH - Episode 35 of the ongoing Halemaʻumaʻu eruption ended abruptly at 3:32 a.m. HST on October 18. Summit inflation has resumed.,DOI-USGS-HVO-2025-10-18T20:28:54+00:00,https://volcanoes.usgs.gov/hans2/view/notice/DOI-USGS-HVO-2025-10-18T20:28:54+00:00,Kilauea,Very High Threat,False
2025-10-19 01:41:43,2025-10-18 20:34:15,2025-10-18 20:34:15,WATCH,ORANGE,HVO Kilauea ORANGE/WATCH - Episode 35 of the ongoing Halemaʻumaʻu eruption ended abruptly at 3:32 a.m. HST on October 18. Summit inflation has resumed.,DOI-USGS-HVO-2025-10-18T20:28:54+00:00,https://volcanoes.usgs.gov/hans2/view/notice/DOI-USGS-HVO-2025-10-18T20:28:54+00:00,Kilauea,Very High Threat,False
2025-10-19 03:15:53,2025-10-18 20:34:15,2025-10-18 20:34:15,WATCH,ORANGE,HVO Kilauea ORANGE/WATCH - Episode 35 of the ongoing Halemaʻumaʻu eruption ended abruptly at 3:32 a.m. HST on October 18. Summit inflation has resumed.,DOI-USGS-HVO-2025-10-18T20:28:54+00:00,https://volcanoes.usgs.gov/hans2/view/notice/DOI-USGS-HVO-2025-10-18T20:28:54+00:00,Kilauea,Very High Threat,False
2025-10-19 04:23:11,2025-10-18 20:34:15,2025-10-18 20:34:15,WATCH,ORANGE,HVO Kilauea ORANGE/WATCH - Episode 35 of the ongoing Halemaʻumaʻu eruption ended abruptly at 3:32 a.m. HST on October 18. Summit inflation has resumed.,DOI-USGS-HVO-2025-10-18T20:28:54+00:00,https://volcanoes.usgs.gov/hans2/view/notice/DOI-USGS-HVO-2025-10-18T20:28:54+00:00,Kilauea,Very High Threat,False
2025-10-19 05:18:26,2025-10-18 20:34:15,2025-10-18 20:34:15,WATCH,ORANGE,HVO Kilauea ORANGE/WATCH - Episode 35 of the ongoing Halemaʻumaʻu eruption ended abruptly at 3:32 a.m. HST on October 18. Summit inflation has resumed.,DOI-USGS-HVO-2025-10-18T20:28:54+00:00,https://volcanoes.usgs.gov/hans2/view/notice/DOI-USGS-HVO-2025-10-18T20:28:54+00:00,Kilauea,Very High Threat,False
2025-10-19 06:27:23,2025-10-18 20:34:15,2025-10-18 20:34:15,WATCH,ORANGE,HVO Kilauea ORANGE/WATCH - Episode 35 of the ongoing Halemaʻumaʻu eruption ended abruptly at 3:32 a.m. HST on October 18. Summit inflation has resumed.,DOI-USGS-HVO-2025-10-18T20:28:54+00:00,https://volcanoes.usgs.gov/hans2/view/notice/DOI-USGS-HVO-2025-10-18T20:28:54+00:00,Kilauea,Very High Threat,False
2025-10-19 07:16:22,2025-10-18 20:34:15,2025-10-18 20:34:15,WATCH,ORANGE,HVO Kilauea ORANGE/WATCH - Episode 35 of the ongoing Halemaʻumaʻu eruption ended abruptly at 3:32 a.m. HST on October 18. Summit inflation has resumed.,DOI-USGS-HVO-2025-10-18T20:28:54+00:00,https://volcanoes.usgs.gov/hans2/view/notice/DOI-USGS-HVO-2025-10-18T20:28:54+00:00,Kilauea,Very High Threat,False
2025-10-19 08:21:51,2025-10-18 20:34:15,2025-10-18 20:34:15,WATCH,ORANGE,HVO Kilauea ORANGE/WATCH - Episode 35 of the ongoing Halemaʻumaʻu eruption ended abruptly at 3:32 a.m. HST on October 18. Summit inflation has resumed.,DOI-USGS-HVO-2025-10-18T20:28:54+00:00,https://volcanoes.usgs.gov/hans2/view/notice/DOI-USGS-HVO-2025-10-18T20:28:54+00:00,Kilauea,Very High Threat,False
2025-10-19 09:17:18,2025-10-18 20:34:15,2025-10-18 20:34:15,WATCH,ORANGE,HVO Kilauea ORANGE/WATCH - Episode 35 of the ongoing Halemaʻumaʻu eruption ended abruptly at 3:32 a.m. HST on October 18. Summit inflation has resumed.,DOI-USGS-HVO-2025-10-18T20:28:54+00:00,https://volcanoes.usgs.gov/hans2/view/notice/DOI-USGS-HVO-2025-10-18T20:28:54+00:00,Kilauea,Very High Threat,False
2025-10-19 10:17:49,2025-10-18 20:34:15,2025-10-18 20:34:15,WATCH,ORANGE,HVO Kilauea ORANGE/WATCH - Episode 35 of the ongoing Halemaʻumaʻu eruption ended abruptly at 3:32 a.m. HST on October 18. Summit inflation has resumed.,DOI-USGS-HVO-2025-10-18T20:28:54+00:00,https://volcanoes.usgs.gov/hans2/view/notice/DOI-USGS-HVO-2025-10-18T20:28:54+00:00,Kilauea,Very High Threat,False
2025-10-19 11:14:01,2025-10-18 20:34:15,2025-10-18 20:34:15,WATCH,ORANGE,HVO Kilauea ORANGE/WATCH - Episode 35 of the ongoing Halemaʻumaʻu eruption ended abruptly at 3:32 a.m. HST on October 18. Summit inflation has resumed.,DOI-USGS-HVO-2025-10-18T20:28:54+00:00,https://volcanoes.usgs.gov/hans2/view/notice/DOI-USGS-HVO-2025-10-18T20:28:54+00:00,Kilauea,Very High Threat,False
2025-10-19 12:35:20,2025-10-18 20:34:15,2025-10-18 20:34:15,WATCH,ORANGE,HVO Kilauea ORANGE/WATCH - Episode 35 of the ongoing Halemaʻumaʻu eruption ended abruptly at 3:32 a.m. HST on October 18. Summit inflation has resumed.,DOI-USGS-HVO-2025-10-18T20:28:54+00:00,https://volcanoes.usgs.gov/hans2/view/notice/DOI-USGS-HVO-2025-10-18T20:28:54+00:00,Kilauea,Very High Threat,False
2025-10-19 13:22:30,2025-10-18 20:34:15,2025-10-18 20:34:15,WATCH,ORANGE,HVO Kilauea ORANGE/WATCH - Episode 35 of the ongoing Halemaʻumaʻu eruption ended abruptly at 3:32 a.m. HST on October 18. Summit inflation has resumed.,DOI-USGS-HVO-2025-10-18T20:28:54+00:00,https://volcanoes.usgs.gov/hans2/view/notice/DOI-USGS-HVO-2025-10-18T20:28:54+00:00,Kilauea,Very High Threat,False
2025-10-19 14:15:50,2025-10-18 20:34:15,2025-10-18 20:34:15,WATCH,ORANGE,HVO Kilauea ORANGE/WATCH - Episode 35 of the ongoing Halemaʻumaʻu eruption ended abruptly at 3:32 a.m. HST on October 18. Summit inflation has resumed.,DOI-USGS-HVO-2025-10-18T20:28:54+00:00,https://volcanoes.usgs.gov/hans2/view/notice/DOI-USGS-HVO-2025-10-18T20:28:54+00:00,Kilauea,Very High Threat,False
2025-10-19 15:16:50,2025-10-18 20:34:15,2025-10-18 20:34:15,WATCH,ORANGE,HVO Kilauea ORANGE/WATCH - Episode 35 of the ongoing Halemaʻumaʻu eruption ended abruptly at 3:32 a.m. HST on October 18. Summit inflation has resumed.,DOI-USGS-HVO-2025-10-18T20:28:54+00:00,https://volcanoes.usgs.gov/hans2/view/notice/DOI-USGS-HVO-2025-10-18T20:28:54+00:00,Kilauea,Very High Threat,False
2025-10-19 16:21:00,2025-10-18 20:34:15,2025-10-18 20:34:15,WATCH,ORANGE,HVO Kilauea ORANGE/WATCH - Episode 35 of the ongoing Halemaʻumaʻu eruption ended abruptly at 3:32 a.m. HST on October 18. Summit inflation has resumed.,DOI-USGS-HVO-2025-10-18T20:28:54+00:00,https://volcanoes.usgs.gov/hans2/view/notice/DOI-USGS-HVO-2025-10-18T20:28:54+00:00,Kilauea,Very High Threat,False
2025-10-19 17:15:16,2025-10-18 20:34:15,2025-10-18 20:34:15,WATCH,ORANGE,HVO Kilauea ORANGE/WATCH - Episode 35 of the ongoing Halemaʻumaʻu eruption ended abruptly at 3:32 a.m. HST on October 18. Summit inflation has resumed.,DOI-USGS-HVO-2025-10-18T20:28:54+00:00,https://volcanoes.usgs.gov/hans2/view/notice/DOI-USGS-HVO-2025-10-18T20:28:54+00:00,Kilauea,Very High Threat,False
2025-10-19 18:24:55,2025-10-18 20:34:15,2025-10-18 20:34:15,WATCH,ORANGE,HVO Kilauea ORANGE/WATCH - Episode 35 of the ongoing Halemaʻumaʻu eruption ended abruptly at 3:32 a.m. HST on October 18. Summit inflation has resumed.,DOI-USGS-HVO-2025-10-18T20:28:54+00:00,https://volcanoes.usgs.gov/hans2/view/notice/DOI-USGS-HVO-2025-10-18T20:28:54+00:00,Kilauea,Very High Threat,False
2025-10-19 19:14:15,2025-10-18 20:34:15,2025-10-18 20:34:15,WATCH,ORANGE,HVO Kilauea ORANGE/WATCH - Episode 35 of the ongoing Halemaʻumaʻu eruption ended abruptly at 3:32 a.m. HST on October 18. Summit inflation has resumed.,DOI-USGS-HVO-2025-10-18T20:28:54+00:00,https://volcanoes.usgs.gov/hans2/view/notice/DOI-USGS-HVO-2025-10-18T20:28:54+00:00,Kilauea,Very High Threat,False
2025-10-19 20:19:42,2025-10-19 19:47:31,2025-10-19 19:47:31,WATCH,ORANGE,HVO Kilauea ORANGE/WATCH - Episode 35 of the ongoing Halemaʻumaʻu eruption ended abruptly at 3:32 a.m. HST on October 18. Summit inflation has resumed.,DOI-USGS-HVO-2025-10-19T18:26:37+00:00,https://volcanoes.usgs.gov/hans2/view/notice/DOI-USGS-HVO-2025-10-19T18:26:37+00:00,Kilauea,Very High Threat,True
2025-10-19 21:15:53,2025-10-19 19:47:31,2025-10-19 19:47:31,WATCH,ORANGE,HVO Kilauea ORANGE/WATCH - Episode 35 of the ongoing Halemaʻumaʻu eruption ended abruptly at 3:32 a.m. HST on October 18. Summit inflation has resumed.,DOI-USGS-HVO-2025-10-19T18:26:37+00:00,https://volcanoes.usgs.gov/hans2/view/notice/DOI-USGS-HVO-2025-10-19T18:26:37+00:00,Kilauea,Very High Threat,False
2025-10-19 22:17:27,2025-10-19 19:47:31,2025-10-19 19:47:31,WATCH,ORANGE,HVO Kilauea ORANGE/WATCH - Episode 35 of the ongoing Halemaʻumaʻu eruption ended abruptly at 3:32 a.m. HST on October 18. Summit inflation has resumed.,DOI-USGS-HVO-2025-10-19T18:26:37+00:00,https://volcanoes.usgs.gov/hans2/view/notice/DOI-USGS-HVO-2025-10-19T18:26:37+00:00,Kilauea,Very High Threat,False
2025-10-19 23:16:54,2025-10-19 19:47:31,2025-10-19 19:47:31,WATCH,ORANGE,HVO Kilauea ORANGE/WATCH - Episode 35 of the ongoing Halemaʻumaʻu eruption ended abruptly at 3:32 a.m. HST on October 18. Summit inflation has resumed.,DOI-USGS-HVO-2025-10-19T18:26:37+00:00,https://volcanoes.usgs.gov/hans2/view/notice/DOI-USGS-HVO-2025-10-19T18:26:37+00:00,Kilauea,Very High Threat,False
2025-10-20 01:39:25,2025-10-19 19:47:31,2025-10-19 19:47:31,WATCH,ORANGE,HVO Kilauea ORANGE/WATCH - Episode 35 of the ongoing Halemaʻumaʻu eruption ended abruptly at 3:32 a.m. HST on October 18. Summit inflation has resumed.,DOI-USGS-HVO-2025-10-19T18:26:37+00:00,https://volcanoes.usgs.gov/hans2/view/notice/DOI-USGS-HVO-2025-10-19T18:26:37+00:00,Kilauea,Very High Threat,False
2025-10-20 03:15:14,2025-10-19 19:47:31,2025-10-19 19:47:31,WATCH,ORANGE,HVO Kilauea ORANGE/WATCH - Episode 35 of the ongoing Halemaʻumaʻu eruption ended abruptly at 3:32 a.m. HST on October 18. Summit inflation has resumed.,DOI-USGS-HVO-2025-10-19T18:26:37+00:00,https://volcanoes.usgs.gov/hans2/view/notice/DOI-USGS-HVO-2025-10-19T18:26:37+00:00,Kilauea,Very High Threat,False
2025-10-20 04:25:16,2025-10-19 19:47:31,2025-10-19 19:47:31,WATCH,ORANGE,HVO Kilauea ORANGE/WATCH - Episode 35 of the ongoing Halemaʻumaʻu eruption ended abruptly at 3:32 a.m. HST on October 18. Summit inflation has resumed.,DOI-USGS-HVO-2025-10-19T18:26:37+00:00,https://volcanoes.usgs.gov/hans2/view/notice/DOI-USGS-HVO-2025-10-19T18:26:37+00:00,Kilauea,Very High Threat,False
2025-10-20 05:20:02,2025-10-19 19:47:31,2025-10-19 19:47:31,WATCH,ORANGE,HVO Kilauea ORANGE/WATCH - Episode 35 of the ongoing Halemaʻumaʻu eruption ended abruptly at 3:32 a.m. HST on October 18. Summit inflation has resumed.,DOI-USGS-HVO-2025-10-19T18:26:37+00:00,https://volcanoes.usgs.gov/hans2/view/notice/DOI-USGS-HVO-2025-10-19T18:26:37+00:00,Kilauea,Very High Threat,False
2025-10-20 06:30:15,2025-10-19 19:47:31,2025-10-19 19:47:31,WATCH,ORANGE,HVO Kilauea ORANGE/WATCH - Episode 35 of the ongoing Halemaʻumaʻu eruption ended abruptly at 3:32 a.m. HST on October 18. Summit inflation has resumed.,DOI-USGS-HVO-2025-10-19T18:26:37+00:00,https://volcanoes.usgs.gov/hans2/view/notice/DOI-USGS-HVO-2025-10-19T18:26:37+00:00,Kilauea,Very High Threat,False
2025-10-20 07:19:50,2025-10-19 19:47:31,2025-10-19 19:47:31,WATCH,ORANGE,HVO Kilauea ORANGE/WATCH - Episode 35 of the ongoing Halemaʻumaʻu eruption ended abruptly at 3:32 a.m. HST on October 18. Summit inflation has resumed.,DOI-USGS-HVO-2025-10-19T18:26:37+00:00,https://volcanoes.usgs.gov/hans2/view/notice/DOI-USGS-HVO-2025-10-19T18:26:37+00:00,Kilauea,Very High Threat,False
2025-10-20 08:26:59,2025-10-19 19:47:31,2025-10-19 19:47:31,WATCH,ORANGE,HVO Kilauea ORANGE/WATCH - Episode 35 of the ongoing Halemaʻumaʻu eruption ended abruptly at 3:32 a.m. HST on October 18. Summit inflation has resumed.,DOI-USGS-HVO-2025-10-19T18:26:37+00:00,https://volcanoes.usgs.gov/hans2/view/notice/DOI-USGS-HVO-2025-10-19T18:26:37+00:00,Kilauea,Very High Threat,False
2025-10-20 09:22:48,2025-10-19 19:47:31,2025-10-19 19:47:31,WATCH,ORANGE,HVO Kilauea ORANGE/WATCH - Episode 35 of the ongoing Halemaʻumaʻu eruption ended abruptly at 3:32 a.m. HST on October 18. Summit inflation has resumed.,DOI-USGS-HVO-2025-10-19T18:26:37+00:00,https://volcanoes.usgs.gov/hans2/view/notice/DOI-USGS-HVO-2025-10-19T18:26:37+00:00,Kilauea,Very High Threat,False
2025-10-20 10:21:37,2025-10-19 19:47:31,2025-10-19 19:47:31,WATCH,ORANGE,HVO Kilauea ORANGE/WATCH - Episode 35 of the ongoing Halemaʻumaʻu eruption ended abruptly at 3:32 a.m. HST on October 18. Summit inflation has resumed.,DOI-USGS-HVO-2025-10-19T18:26:37+00:00,https://volcanoes.usgs.gov/hans2/view/notice/DOI-USGS-HVO-2025-10-19T18:26:37+00:00,Kilauea,Very High Threat,False
2025-10-20 11:17:06,2025-10-19 19:47:31,2025-10-19 19:47:31,WATCH,ORANGE,HVO Kilauea ORANGE/WATCH - Episode 35 of the ongoing Halemaʻumaʻu eruption ended abruptly at 3:32 a.m. HST on October 18. Summit inflation has resumed.,DOI-USGS-HVO-2025-10-19T18:26:37+00:00,https://volcanoes.usgs.gov/hans2/view/notice/DOI-USGS-HVO-2025-10-19T18:26:37+00:00,Kilauea,Very High Threat,False
2025-10-20 12:41:06,2025-10-19 19:47:31,2025-10-19 19:47:31,WATCH,ORANGE,HVO Kilauea ORANGE/WATCH - Episode 35 of the ongoing Halemaʻumaʻu eruption ended abruptly at 3:32 a.m. HST on October 18. Summit inflation has resumed.,DOI-USGS-HVO-2025-10-19T18:26:37+00:00,https://volcanoes.usgs.gov/hans2/view/notice/DOI-USGS-HVO-2025-10-19T18:26:37+00:00,Kilauea,Very High Threat,False
2025-10-20 13:29:08,2025-10-19 19:47:31,2025-10-19 19:47:31,WATCH,ORANGE,HVO Kilauea ORANGE/WATCH - Episode 35 of the ongoing Halemaʻumaʻu eruption ended abruptly at 3:32 a.m. HST on October 18. Summit inflation has resumed.,DOI-USGS-HVO-2025-10-19T18:26:37+00:00,https://volcanoes.usgs.gov/hans2/view/notice/DOI-USGS-HVO-2025-10-19T18:26:37+00:00,Kilauea,Very High Threat,False
2025-10-20 14:19:09,2025-10-19 19:47:31,2025-10-19 19:47:31,WATCH,ORANGE,HVO Kilauea ORANGE/WATCH - Episode 35 of the ongoing Halemaʻumaʻu eruption ended abruptly at 3:32 a.m. HST on October 18. Summit inflation has resumed.,DOI-USGS-HVO-2025-10-19T18:26:37+00:00,https://volcanoes.usgs.gov/hans2/view/notice/DOI-USGS-HVO-2025-10-19T18:26:37+00:00,Kilauea,Very High Threat,False
2025-10-20 15:19:43,2025-10-19 19:47:31,2025-10-19 19:47:31,WATCH,ORANGE,HVO Kilauea ORANGE/WATCH - Episode 35 of the ongoing Halemaʻumaʻu eruption ended abruptly at 3:32 a.m. HST on October 18. Summit inflation has resumed.,DOI-USGS-HVO-2025-10-19T18:26:37+00:00,https://volcanoes.usgs.gov/hans2/view/notice/DOI-USGS-HVO-2025-10-19T18:26:37+00:00,Kilauea,Very High Threat,False
2025-10-20 16:24:33,2025-10-19 19:47:31,2025-10-19 19:47:31,WATCH,ORANGE,HVO Kilauea ORANGE/WATCH - Episode 35 of the ongoing Halemaʻumaʻu eruption ended abruptly at 3:32 a.m. HST on October 18. Summit inflation has resumed.,DOI-USGS-HVO-2025-10-19T18:26:37+00:00,https://volcanoes.usgs.gov/hans2/view/notice/DOI-USGS-HVO-2025-10-19T18:26:37+00:00,Kilauea,Very High Threat,False
2025-10-20 17:17:05,2025-10-19 19:47:31,2025-10-19 19:47:31,WATCH,ORANGE,HVO Kilauea ORANGE/WATCH - Episode 35 of the ongoing Halemaʻumaʻu eruption ended abruptly at 3:32 a.m. HST on October 18. Summit inflation has resumed.,DOI-USGS-HVO-2025-10-19T18:26:37+00:00,https://volcanoes.usgs.gov/hans2/view/notice/DOI-USGS-HVO-2025-10-19T18:26:37+00:00,Kilauea,Very High Threat,False
2025-10-20 18:29:44,2025-10-19 19:47:31,2025-10-19 19:47:31,WATCH,ORANGE,HVO Kilauea ORANGE/WATCH - Episode 35 of the ongoing Halemaʻumaʻu eruption ended abruptly at 3:32 a.m. HST on October 18. Summit inflation has resumed.,DOI-USGS-HVO-2025-10-19T18:26:37+00:00,https://volcanoes.usgs.gov/hans2/view/notice/DOI-USGS-HVO-2025-10-19T18:26:37+00:00,Kilauea,Very High Threat,False
2025-10-20 19:16:05,2025-10-19 19:47:31,2025-10-19 19:47:31,WATCH,ORANGE,HVO Kilauea ORANGE/WATCH - Episode 35 of the ongoing Halemaʻumaʻu eruption ended abruptly at 3:32 a.m. HST on October 18. Summit inflation has resumed.,DOI-USGS-HVO-2025-10-19T18:26:37+00:00,https://volcanoes.usgs.gov/hans2/view/notice/DOI-USGS-HVO-2025-10-19T18:26:37+00:00,Kilauea,Very High Threat,False
2025-10-20 20:22:13,2025-10-20 19:44:29,2025-10-20 19:44:29,WATCH,ORANGE,HVO Kilauea ORANGE/WATCH - Episode 35 of the ongoing Halemaʻumaʻu eruption ended on October 18. Summit inflation and tremor continue; the next episode is likely at least two weeks away.,DOI-USGS-HVO-2025-10-20T18:46:01+00:00,https://volcanoes.usgs.gov/hans2/view/notice/DOI-USGS-HVO-2025-10-20T18:46:01+00:00,Kilauea,Very High Threat,True
2025-10-20 21:17:50,2025-10-20 19:44:29,2025-10-20 19:44:29,WATCH,ORANGE,HVO Kilauea ORANGE/WATCH - Episode 35 of the ongoing Halemaʻumaʻu eruption ended on October 18. Summit inflation and tremor continue; the next episode is likely at least two weeks away.,DOI-USGS-HVO-2025-10-20T18:46:01+00:00,https://volcanoes.usgs.gov/hans2/view/notice/DOI-USGS-HVO-2025-10-20T18:46:01+00:00,Kilauea,Very High Threat,False
2025-10-20 22:17:36,2025-10-20 19:44:29,2025-10-20 19:44:29,WATCH,ORANGE,HVO Kilauea ORANGE/WATCH - Episode 35 of the ongoing Halemaʻumaʻu eruption ended on October 18. Summit inflation and tremor continue; the next episode is likely at least two weeks away.,DOI-USGS-HVO-2025-10-20T18:46:01+00:00,https://volcanoes.usgs.gov/hans2/view/notice/DOI-USGS-HVO-2025-10-20T18:46:01+00:00,Kilauea,Very High Threat,False
2025-10-20 23:17:32,2025-10-20 19:44:29,2025-10-20 19:44:29,WATCH,ORANGE,HVO Kilauea ORANGE/WATCH - Episode 35 of the ongoing Halemaʻumaʻu eruption ended on October 18. Summit inflation and tremor continue; the next episode is likely at least two weeks away.,DOI-USGS-HVO-2025-10-20T18:46:01+00:00,https://volcanoes.usgs.gov/hans2/view/notice/DOI-USGS-HVO-2025-10-20T18:46:01+00:00,Kilauea,Very High Threat,False
2025-10-21 01:26:48,2025-10-20 19:44:29,2025-10-20 19:44:29,WATCH,ORANGE,HVO Kilauea ORANGE/WATCH - Episode 35 of the ongoing Halemaʻumaʻu eruption ended on October 18. Summit inflation and tremor continue; the next episode is likely at least two weeks away.,DOI-USGS-HVO-2025-10-20T18:46:01+00:00,https://volcanoes.usgs.gov/hans2/view/notice/DOI-USGS-HVO-2025-10-20T18:46:01+00:00,Kilauea,Very High Threat,False
2025-10-21 03:05:28,2025-10-20 19:44:29,2025-10-20 19:44:29,WATCH,ORANGE,HVO Kilauea ORANGE/WATCH - Episode 35 of the ongoing Halemaʻumaʻu eruption ended on October 18. Summit inflation and tremor continue; the next episode is likely at least two weeks away.,DOI-USGS-HVO-2025-10-20T18:46:01+00:00,https://volcanoes.usgs.gov/hans2/view/notice/DOI-USGS-HVO-2025-10-20T18:46:01+00:00,Kilauea,Very High Threat,False
2025-10-21 04:23:00,2025-10-20 19:44:29,2025-10-20 19:44:29,WATCH,ORANGE,HVO Kilauea ORANGE/WATCH - Episode 35 of the ongoing Halemaʻumaʻu eruption ended on October 18. Summit inflation and tremor continue; the next episode is likely at least two weeks away.,DOI-USGS-HVO-2025-10-20T18:46:01+00:00,https://volcanoes.usgs.gov/hans2/view/notice/DOI-USGS-HVO-2025-10-20T18:46:01+00:00,Kilauea,Very High Threat,False
2025-10-21 05:19:01,2025-10-20 19:44:29,2025-10-20 19:44:29,WATCH,ORANGE,HVO Kilauea ORANGE/WATCH - Episode 35 of the ongoing Halemaʻumaʻu eruption ended on October 18. Summit inflation and tremor continue; the next episode is likely at least two weeks away.,DOI-USGS-HVO-2025-10-20T18:46:01+00:00,https://volcanoes.usgs.gov/hans2/view/notice/DOI-USGS-HVO-2025-10-20T18:46:01+00:00,Kilauea,Very High Threat,False
2025-10-21 06:29:19,2025-10-20 19:44:29,2025-10-20 19:44:29,WATCH,ORANGE,HVO Kilauea ORANGE/WATCH - Episode 35 of the ongoing Halemaʻumaʻu eruption ended on October 18. Summit inflation and tremor continue; the next episode is likely at least two weeks away.,DOI-USGS-HVO-2025-10-20T18:46:01+00:00,https://volcanoes.usgs.gov/hans2/view/notice/DOI-USGS-HVO-2025-10-20T18:46:01+00:00,Kilauea,Very High Threat,False
2025-10-21 07:19:56,2025-10-20 19:44:29,2025-10-20 19:44:29,WATCH,ORANGE,HVO Kilauea ORANGE/WATCH - Episode 35 of the ongoing Halemaʻumaʻu eruption ended on October 18. Summit inflation and tremor continue; the next episode is likely at least two weeks away.,DOI-USGS-HVO-2025-10-20T18:46:01+00:00,https://volcanoes.usgs.gov/hans2/view/notice/DOI-USGS-HVO-2025-10-20T18:46:01+00:00,Kilauea,Very High Threat,False
2025-10-21 08:28:01,2025-10-20 19:44:29,2025-10-20 19:44:29,WATCH,ORANGE,HVO Kilauea ORANGE/WATCH - Episode 35 of the ongoing Halemaʻumaʻu eruption ended on October 18. Summit inflation and tremor continue; the next episode is likely at least two weeks away.,DOI-USGS-HVO-2025-10-20T18:46:01+00:00,https://volcanoes.usgs.gov/hans2/view/notice/DOI-USGS-HVO-2025-10-20T18:46:01+00:00,Kilauea,Very High Threat,False
2025-10-21 09:21:08,2025-10-20 19:44:29,2025-10-20 19:44:29,WATCH,ORANGE,HVO Kilauea ORANGE/WATCH - Episode 35 of the ongoing Halemaʻumaʻu eruption ended on October 18. Summit inflation and tremor continue; the next episode is likely at least two weeks away.,DOI-USGS-HVO-2025-10-20T18:46:01+00:00,https://volcanoes.usgs.gov/hans2/view/notice/DOI-USGS-HVO-2025-10-20T18:46:01+00:00,Kilauea,Very High Threat,False
2025-10-21 10:20:48,2025-10-20 19:44:29,2025-10-20 19:44:29,WATCH,ORANGE,HVO Kilauea ORANGE/WATCH - Episode 35 of the ongoing Halemaʻumaʻu eruption ended on October 18. Summit inflation and tremor continue; the next episode is likely at least two weeks away.,DOI-USGS-HVO-2025-10-20T18:46:01+00:00,https://volcanoes.usgs.gov/hans2/view/notice/DOI-USGS-HVO-2025-10-20T18:46:01+00:00,Kilauea,Very High Threat,False
2025-10-21 11:16:31,2025-10-20 19:44:29,2025-10-20 19:44:29,WATCH,ORANGE,HVO Kilauea ORANGE/WATCH - Episode 35 of the ongoing Halemaʻumaʻu eruption ended on October 18. Summit inflation and tremor continue; the next episode is likely at least two weeks away.,DOI-USGS-HVO-2025-10-20T18:46:01+00:00,https://volcanoes.usgs.gov/hans2/view/notice/DOI-USGS-HVO-2025-10-20T18:46:01+00:00,Kilauea,Very High Threat,False
2025-10-21 12:41:31,2025-10-20 19:44:29,2025-10-20 19:44:29,WATCH,ORANGE,HVO Kilauea ORANGE/WATCH - Episode 35 of the ongoing Halemaʻumaʻu eruption ended on October 18. Summit inflation and tremor continue; the next episode is likely at least two weeks away.,DOI-USGS-HVO-2025-10-20T18:46:01+00:00,https://volcanoes.usgs.gov/hans2/view/notice/DOI-USGS-HVO-2025-10-20T18:46:01+00:00,Kilauea,Very High Threat,False
2025-10-21 13:33:30,2025-10-20 19:44:29,2025-10-20 19:44:29,WATCH,ORANGE,HVO Kilauea ORANGE/WATCH - Episode 35 of the ongoing Halemaʻumaʻu eruption ended on October 18. Summit inflation and tremor continue; the next episode is likely at least two weeks away.,DOI-USGS-HVO-2025-10-20T18:46:01+00:00,https://volcanoes.usgs.gov/hans2/view/notice/DOI-USGS-HVO-2025-10-20T18:46:01+00:00,Kilauea,Very High Threat,False
2025-10-21 14:18:15,2025-10-20 19:44:29,2025-10-20 19:44:29,WATCH,ORANGE,HVO Kilauea ORANGE/WATCH - Episode 35 of the ongoing Halemaʻumaʻu eruption ended on October 18. Summit inflation and tremor continue; the next episode is likely at least two weeks away.,DOI-USGS-HVO-2025-10-20T18:46:01+00:00,https://volcanoes.usgs.gov/hans2/view/notice/DOI-USGS-HVO-2025-10-20T18:46:01+00:00,Kilauea,Very High Threat,False
2025-10-21 15:20:11,2025-10-20 19:44:29,2025-10-20 19:44:29,WATCH,ORANGE,HVO Kilauea ORANGE/WATCH - Episode 35 of the ongoing Halemaʻumaʻu eruption ended on October 18. Summit inflation and tremor continue; the next episode is likely at least two weeks away.,DOI-USGS-HVO-2025-10-20T18:46:01+00:00,https://volcanoes.usgs.gov/hans2/view/notice/DOI-USGS-HVO-2025-10-20T18:46:01+00:00,Kilauea,Very High Threat,False
2025-10-21 16:26:01,2025-10-20 19:44:29,2025-10-20 19:44:29,WATCH,ORANGE,HVO Kilauea ORANGE/WATCH - Episode 35 of the ongoing Halemaʻumaʻu eruption ended on October 18. Summit inflation and tremor continue; the next episode is likely at least two weeks away.,DOI-USGS-HVO-2025-10-20T18:46:01+00:00,https://volcanoes.usgs.gov/hans2/view/notice/DOI-USGS-HVO-2025-10-20T18:46:01+00:00,Kilauea,Very High Threat,False
2025-10-21 17:18:08,2025-10-20 19:44:29,2025-10-20 19:44:29,WATCH,ORANGE,HVO Kilauea ORANGE/WATCH - Episode 35 of the ongoing Halemaʻumaʻu eruption ended on October 18. Summit inflation and tremor continue; the next episode is likely at least two weeks away.,DOI-USGS-HVO-2025-10-20T18:46:01+00:00,https://volcanoes.usgs.gov/hans2/view/notice/DOI-USGS-HVO-2025-10-20T18:46:01+00:00,Kilauea,Very High Threat,False
2025-10-21 18:28:03,2025-10-20 19:44:29,2025-10-20 19:44:29,WATCH,ORANGE,HVO Kilauea ORANGE/WATCH - Episode 35 of the ongoing Halemaʻumaʻu eruption ended on October 18. Summit inflation and tremor continue; the next episode is likely at least two weeks away.,DOI-USGS-HVO-2025-10-20T18:46:01+00:00,https://volcanoes.usgs.gov/hans2/view/notice/DOI-USGS-HVO-2025-10-20T18:46:01+00:00,Kilauea,Very High Threat,False
2025-10-21 19:16:28,2025-10-21 19:05:13,2025-10-21 19:05:13,WATCH,ORANGE,HVO Kilauea ORANGE/WATCH - Episode 35 of the ongoing Halemaʻumaʻu eruption ended October 18. Summit inflation and tremor continue. Preliminary forecast for episode 36 is November 2-10.,DOI-USGS-HVO-2025-10-21T18:04:45+00:00,https://volcanoes.usgs.gov/hans2/view/notice/DOI-USGS-HVO-2025-10-21T18:04:45+00:00,Kilauea,Very High Threat,True
2025-10-21 20:22:19,2025-10-21 19:05:13,2025-10-21 19:05:13,WATCH,ORANGE,HVO Kilauea ORANGE/WATCH - Episode 35 of the ongoing Halemaʻumaʻu eruption ended October 18. Summit inflation and tremor continue. Preliminary forecast for episode 36 is November 2-10.,DOI-USGS-HVO-2025-10-21T18:04:45+00:00,https://volcanoes.usgs.gov/hans2/view/notice/DOI-USGS-HVO-2025-10-21T18:04:45+00:00,Kilauea,Very High Threat,False
2025-10-21 21:18:03,2025-10-21 19:05:13,2025-10-21 19:05:13,WATCH,ORANGE,HVO Kilauea ORANGE/WATCH - Episode 35 of the ongoing Halemaʻumaʻu eruption ended October 18. Summit inflation and tremor continue. Preliminary forecast for episode 36 is November 2-10.,DOI-USGS-HVO-2025-10-21T18:04:45+00:00,https://volcanoes.usgs.gov/hans2/view/notice/DOI-USGS-HVO-2025-10-21T18:04:45+00:00,Kilauea,Very High Threat,False
2025-10-21 22:16:47,2025-10-21 19:05:13,2025-10-21 19:05:13,WATCH,ORANGE,HVO Kilauea ORANGE/WATCH - Episode 35 of the ongoing Halemaʻumaʻu eruption ended October 18. Summit inflation and tremor continue. Preliminary forecast for episode 36 is November 2-10.,DOI-USGS-HVO-2025-10-21T18:04:45+00:00,https://volcanoes.usgs.gov/hans2/view/notice/DOI-USGS-HVO-2025-10-21T18:04:45+00:00,Kilauea,Very High Threat,False
2025-10-21 23:18:33,2025-10-21 19:05:13,2025-10-21 19:05:13,WATCH,ORANGE,HVO Kilauea ORANGE/WATCH - Episode 35 of the ongoing Halemaʻumaʻu eruption ended October 18. Summit inflation and tremor continue. Preliminary forecast for episode 36 is November 2-10.,DOI-USGS-HVO-2025-10-21T18:04:45+00:00,https://volcanoes.usgs.gov/hans2/view/notice/DOI-USGS-HVO-2025-10-21T18:04:45+00:00,Kilauea,Very High Threat,False
2025-10-22 01:28:30,2025-10-21 19:05:13,2025-10-21 19:05:13,WATCH,ORANGE,HVO Kilauea ORANGE/WATCH - Episode 35 of the ongoing Halemaʻumaʻu eruption ended October 18. Summit inflation and tremor continue. Preliminary forecast for episode 36 is November 2-10.,DOI-USGS-HVO-2025-10-21T18:04:45+00:00,https://volcanoes.usgs.gov/hans2/view/notice/DOI-USGS-HVO-2025-10-21T18:04:45+00:00,Kilauea,Very High Threat,False
2025-10-22 03:10:53,2025-10-21 19:05:13,2025-10-21 19:05:13,WATCH,ORANGE,HVO Kilauea ORANGE/WATCH - Episode 35 of the ongoing Halemaʻumaʻu eruption ended October 18. Summit inflation and tremor continue. Preliminary forecast for episode 36 is November 2-10.,DOI-USGS-HVO-2025-10-21T18:04:45+00:00,https://volcanoes.usgs.gov/hans2/view/notice/DOI-USGS-HVO-2025-10-21T18:04:45+00:00,Kilauea,Very High Threat,False
2025-10-22 04:22:47,2025-10-21 19:05:13,2025-10-21 19:05:13,WATCH,ORANGE,HVO Kilauea ORANGE/WATCH - Episode 35 of the ongoing Halemaʻumaʻu eruption ended October 18. Summit inflation and tremor continue. Preliminary forecast for episode 36 is November 2-10.,DOI-USGS-HVO-2025-10-21T18:04:45+00:00,https://volcanoes.usgs.gov/hans2/view/notice/DOI-USGS-HVO-2025-10-21T18:04:45+00:00,Kilauea,Very High Threat,False
2025-10-22 05:19:32,2025-10-21 19:05:13,2025-10-21 19:05:13,WATCH,ORANGE,HVO Kilauea ORANGE/WATCH - Episode 35 of the ongoing Halemaʻumaʻu eruption ended October 18. Summit inflation and tremor continue. Preliminary forecast for episode 36 is November 2-10.,DOI-USGS-HVO-2025-10-21T18:04:45+00:00,https://volcanoes.usgs.gov/hans2/view/notice/DOI-USGS-HVO-2025-10-21T18:04:45+00:00,Kilauea,Very High Threat,False
2025-10-22 06:30:34,2025-10-21 19:05:13,2025-10-21 19:05:13,WATCH,ORANGE,HVO Kilauea ORANGE/WATCH - Episode 35 of the ongoing Halemaʻumaʻu eruption ended October 18. Summit inflation and tremor continue. Preliminary forecast for episode 36 is November 2-10.,DOI-USGS-HVO-2025-10-21T18:04:45+00:00,https://volcanoes.usgs.gov/hans2/view/notice/DOI-USGS-HVO-2025-10-21T18:04:45+00:00,Kilauea,Very High Threat,False
2025-10-22 07:19:05,2025-10-21 19:05:13,2025-10-21 19:05:13,WATCH,ORANGE,HVO Kilauea ORANGE/WATCH - Episode 35 of the ongoing Halemaʻumaʻu eruption ended October 18. Summit inflation and tremor continue. Preliminary forecast for episode 36 is November 2-10.,DOI-USGS-HVO-2025-10-21T18:04:45+00:00,https://volcanoes.usgs.gov/hans2/view/notice/DOI-USGS-HVO-2025-10-21T18:04:45+00:00,Kilauea,Very High Threat,False
2025-10-22 08:28:46,2025-10-21 19:05:13,2025-10-21 19:05:13,WATCH,ORANGE,HVO Kilauea ORANGE/WATCH - Episode 35 of the ongoing Halemaʻumaʻu eruption ended October 18. Summit inflation and tremor continue. Preliminary forecast for episode 36 is November 2-10.,DOI-USGS-HVO-2025-10-21T18:04:45+00:00,https://volcanoes.usgs.gov/hans2/view/notice/DOI-USGS-HVO-2025-10-21T18:04:45+00:00,Kilauea,Very High Threat,False
2025-10-22 09:22:19,2025-10-21 19:05:13,2025-10-21 19:05:13,WATCH,ORANGE,HVO Kilauea ORANGE/WATCH - Episode 35 of the ongoing Halemaʻumaʻu eruption ended October 18. Summit inflation and tremor continue. Preliminary forecast for episode 36 is November 2-10.,DOI-USGS-HVO-2025-10-21T18:04:45+00:00,https://volcanoes.usgs.gov/hans2/view/notice/DOI-USGS-HVO-2025-10-21T18:04:45+00:00,Kilauea,Very High Threat,False
2025-10-22 10:21:39,2025-10-21 19:05:13,2025-10-21 19:05:13,WATCH,ORANGE,HVO Kilauea ORANGE/WATCH - Episode 35 of the ongoing Halemaʻumaʻu eruption ended October 18. Summit inflation and tremor continue. Preliminary forecast for episode 36 is November 2-10.,DOI-USGS-HVO-2025-10-21T18:04:45+00:00,https://volcanoes.usgs.gov/hans2/view/notice/DOI-USGS-HVO-2025-10-21T18:04:45+00:00,Kilauea,Very High Threat,False
2025-10-22 11:17:25,2025-10-21 19:05:13,2025-10-21 19:05:13,WATCH,ORANGE,HVO Kilauea ORANGE/WATCH - Episode 35 of the ongoing Halemaʻumaʻu eruption ended October 18. Summit inflation and tremor continue. Preliminary forecast for episode 36 is November 2-10.,DOI-USGS-HVO-2025-10-21T18:04:45+00:00,https://volcanoes.usgs.gov/hans2/view/notice/DOI-USGS-HVO-2025-10-21T18:04:45+00:00,Kilauea,Very High Threat,False
2025-10-22 12:41:55,2025-10-21 19:05:13,2025-10-21 19:05:13,WATCH,ORANGE,HVO Kilauea ORANGE/WATCH - Episode 35 of the ongoing Halemaʻumaʻu eruption ended October 18. Summit inflation and tremor continue. Preliminary forecast for episode 36 is November 2-10.,DOI-USGS-HVO-2025-10-21T18:04:45+00:00,https://volcanoes.usgs.gov/hans2/view/notice/DOI-USGS-HVO-2025-10-21T18:04:45+00:00,Kilauea,Very High Threat,False
2025-10-22 13:33:10,2025-10-21 19:05:13,2025-10-21 19:05:13,WATCH,ORANGE,HVO Kilauea ORANGE/WATCH - Episode 35 of the ongoing Halemaʻumaʻu eruption ended October 18. Summit inflation and tremor continue. Preliminary forecast for episode 36 is November 2-10.,DOI-USGS-HVO-2025-10-21T18:04:45+00:00,https://volcanoes.usgs.gov/hans2/view/notice/DOI-USGS-HVO-2025-10-21T18:04:45+00:00,Kilauea,Very High Threat,False
2025-10-22 14:20:49,2025-10-21 19:05:13,2025-10-21 19:05:13,WATCH,ORANGE,HVO Kilauea ORANGE/WATCH - Episode 35 of the ongoing Halemaʻumaʻu eruption ended October 18. Summit inflation and tremor continue. Preliminary forecast for episode 36 is November 2-10.,DOI-USGS-HVO-2025-10-21T18:04:45+00:00,https://volcanoes.usgs.gov/hans2/view/notice/DOI-USGS-HVO-2025-10-21T18:04:45+00:00,Kilauea,Very High Threat,False
2025-10-22 15:20:04,2025-10-21 19:05:13,2025-10-21 19:05:13,WATCH,ORANGE,HVO Kilauea ORANGE/WATCH - Episode 35 of the ongoing Halemaʻumaʻu eruption ended October 18. Summit inflation and tremor continue. Preliminary forecast for episode 36 is November 2-10.,DOI-USGS-HVO-2025-10-21T18:04:45+00:00,https://volcanoes.usgs.gov/hans2/view/notice/DOI-USGS-HVO-2025-10-21T18:04:45+00:00,Kilauea,Very High Threat,False
2025-10-22 16:26:31,2025-10-21 19:05:13,2025-10-21 19:05:13,WATCH,ORANGE,HVO Kilauea ORANGE/WATCH - Episode 35 of the ongoing Halemaʻumaʻu eruption ended October 18. Summit inflation and tremor continue. Preliminary forecast for episode 36 is November 2-10.,DOI-USGS-HVO-2025-10-21T18:04:45+00:00,https://volcanoes.usgs.gov/hans2/view/notice/DOI-USGS-HVO-2025-10-21T18:04:45+00:00,Kilauea,Very High Threat,False
2025-10-22 17:18:25,2025-10-21 19:05:13,2025-10-21 19:05:13,WATCH,ORANGE,HVO Kilauea ORANGE/WATCH - Episode 35 of the ongoing Halemaʻumaʻu eruption ended October 18. Summit inflation and tremor continue. Preliminary forecast for episode 36 is November 2-10.,DOI-USGS-HVO-2025-10-21T18:04:45+00:00,https://volcanoes.usgs.gov/hans2/view/notice/DOI-USGS-HVO-2025-10-21T18:04:45+00:00,Kilauea,Very High Threat,False
2025-10-22 18:30:08,2025-10-22 18:28:04,2025-10-22 18:28:04,WATCH,ORANGE,HVO Kilauea ORANGE/WATCH - Episode 35 of the ongoing Halemaʻumaʻu eruption ended October 18. Summit inflation and tremor continue. Preliminary forecast for episode 36 is November 2–10.,DOI-USGS-HVO-2025-10-22T17:16:06+00:00,https://volcanoes.usgs.gov/hans2/view/notice/DOI-USGS-HVO-2025-10-22T17:16:06+00:00,Kilauea,Very High Threat,True
2025-10-22 19:15:07,2025-10-22 18:28:04,2025-10-22 18:28:04,WATCH,ORANGE,HVO Kilauea ORANGE/WATCH - Episode 35 of the ongoing Halemaʻumaʻu eruption ended October 18. Summit inflation and tremor continue. Preliminary forecast for episode 36 is November 2–10.,DOI-USGS-HVO-2025-10-22T17:16:06+00:00,https://volcanoes.usgs.gov/hans2/view/notice/DOI-USGS-HVO-2025-10-22T17:16:06+00:00,Kilauea,Very High Threat,False
2025-10-22 20:23:23,2025-10-22 18:28:04,2025-10-22 18:28:04,WATCH,ORANGE,HVO Kilauea ORANGE/WATCH - Episode 35 of the ongoing Halemaʻumaʻu eruption ended October 18. Summit inflation and tremor continue. Preliminary forecast for episode 36 is November 2–10.,DOI-USGS-HVO-2025-10-22T17:16:06+00:00,https://volcanoes.usgs.gov/hans2/view/notice/DOI-USGS-HVO-2025-10-22T17:16:06+00:00,Kilauea,Very High Threat,False
2025-10-22 21:14:45,2025-10-22 18:28:04,2025-10-22 18:28:04,WATCH,ORANGE,HVO Kilauea ORANGE/WATCH - Episode 35 of the ongoing Halemaʻumaʻu eruption ended October 18. Summit inflation and tremor continue. Preliminary forecast for episode 36 is November 2–10.,DOI-USGS-HVO-2025-10-22T17:16:06+00:00,https://volcanoes.usgs.gov/hans2/view/notice/DOI-USGS-HVO-2025-10-22T17:16:06+00:00,Kilauea,Very High Threat,False
2025-10-22 22:15:41,2025-10-22 18:28:04,2025-10-22 18:28:04,WATCH,ORANGE,HVO Kilauea ORANGE/WATCH - Episode 35 of the ongoing Halemaʻumaʻu eruption ended October 18. Summit inflation and tremor continue. Preliminary forecast for episode 36 is November 2–10.,DOI-USGS-HVO-2025-10-22T17:16:06+00:00,https://volcanoes.usgs.gov/hans2/view/notice/DOI-USGS-HVO-2025-10-22T17:16:06+00:00,Kilauea,Very High Threat,False
2025-10-22 23:16:17,2025-10-22 18:28:04,2025-10-22 18:28:04,WATCH,ORANGE,HVO Kilauea ORANGE/WATCH - Episode 35 of the ongoing Halemaʻumaʻu eruption ended October 18. Summit inflation and tremor continue. Preliminary forecast for episode 36 is November 2–10.,DOI-USGS-HVO-2025-10-22T17:16:06+00:00,https://volcanoes.usgs.gov/hans2/view/notice/DOI-USGS-HVO-2025-10-22T17:16:06+00:00,Kilauea,Very High Threat,False
2025-10-23 01:26:00,2025-10-22 18:28:04,2025-10-22 18:28:04,WATCH,ORANGE,HVO Kilauea ORANGE/WATCH - Episode 35 of the ongoing Halemaʻumaʻu eruption ended October 18. Summit inflation and tremor continue. Preliminary forecast for episode 36 is November 2–10.,DOI-USGS-HVO-2025-10-22T17:16:06+00:00,https://volcanoes.usgs.gov/hans2/view/notice/DOI-USGS-HVO-2025-10-22T17:16:06+00:00,Kilauea,Very High Threat,False
2025-10-23 03:03:22,2025-10-22 18:28:04,2025-10-22 18:28:04,WATCH,ORANGE,HVO Kilauea ORANGE/WATCH - Episode 35 of the ongoing Halemaʻumaʻu eruption ended October 18. Summit inflation and tremor continue. Preliminary forecast for episode 36 is November 2–10.,DOI-USGS-HVO-2025-10-22T17:16:06+00:00,https://volcanoes.usgs.gov/hans2/view/notice/DOI-USGS-HVO-2025-10-22T17:16:06+00:00,Kilauea,Very High Threat,False
2025-10-23 04:22:52,2025-10-22 18:28:04,2025-10-22 18:28:04,WATCH,ORANGE,HVO Kilauea ORANGE/WATCH - Episode 35 of the ongoing Halemaʻumaʻu eruption ended October 18. Summit inflation and tremor continue. Preliminary forecast for episode 36 is November 2–10.,DOI-USGS-HVO-2025-10-22T17:16:06+00:00,https://volcanoes.usgs.gov/hans2/view/notice/DOI-USGS-HVO-2025-10-22T17:16:06+00:00,Kilauea,Very High Threat,False
2025-10-23 05:19:05,2025-10-22 18:28:04,2025-10-22 18:28:04,WATCH,ORANGE,HVO Kilauea ORANGE/WATCH - Episode 35 of the ongoing Halemaʻumaʻu eruption ended October 18. Summit inflation and tremor continue. Preliminary forecast for episode 36 is November 2–10.,DOI-USGS-HVO-2025-10-22T17:16:06+00:00,https://volcanoes.usgs.gov/hans2/view/notice/DOI-USGS-HVO-2025-10-22T17:16:06+00:00,Kilauea,Very High Threat,False
2025-10-23 06:29:11,2025-10-22 18:28:04,2025-10-22 18:28:04,WATCH,ORANGE,HVO Kilauea ORANGE/WATCH - Episode 35 of the ongoing Halemaʻumaʻu eruption ended October 18. Summit inflation and tremor continue. Preliminary forecast for episode 36 is November 2–10.,DOI-USGS-HVO-2025-10-22T17:16:06+00:00,https://volcanoes.usgs.gov/hans2/view/notice/DOI-USGS-HVO-2025-10-22T17:16:06+00:00,Kilauea,Very High Threat,False
2025-10-23 07:19:24,2025-10-22 18:28:04,2025-10-22 18:28:04,WATCH,ORANGE,HVO Kilauea ORANGE/WATCH - Episode 35 of the ongoing Halemaʻumaʻu eruption ended October 18. Summit inflation and tremor continue. Preliminary forecast for episode 36 is November 2–10.,DOI-USGS-HVO-2025-10-22T17:16:06+00:00,https://volcanoes.usgs.gov/hans2/view/notice/DOI-USGS-HVO-2025-10-22T17:16:06+00:00,Kilauea,Very High Threat,False
2025-10-23 08:27:29,2025-10-22 18:28:04,2025-10-22 18:28:04,WATCH,ORANGE,HVO Kilauea ORANGE/WATCH - Episode 35 of the ongoing Halemaʻumaʻu eruption ended October 18. Summit inflation and tremor continue. Preliminary forecast for episode 36 is November 2–10.,DOI-USGS-HVO-2025-10-22T17:16:06+00:00,https://volcanoes.usgs.gov/hans2/view/notice/DOI-USGS-HVO-2025-10-22T17:16:06+00:00,Kilauea,Very High Threat,False
2025-10-23 09:21:26,2025-10-22 18:28:04,2025-10-22 18:28:04,WATCH,ORANGE,HVO Kilauea ORANGE/WATCH - Episode 35 of the ongoing Halemaʻumaʻu eruption ended October 18. Summit inflation and tremor continue. Preliminary forecast for episode 36 is November 2–10.,DOI-USGS-HVO-2025-10-22T17:16:06+00:00,https://volcanoes.usgs.gov/hans2/view/notice/DOI-USGS-HVO-2025-10-22T17:16:06+00:00,Kilauea,Very High Threat,False
2025-10-23 10:21:04,2025-10-22 18:28:04,2025-10-22 18:28:04,WATCH,ORANGE,HVO Kilauea ORANGE/WATCH - Episode 35 of the ongoing Halemaʻumaʻu eruption ended October 18. Summit inflation and tremor continue. Preliminary forecast for episode 36 is November 2–10.,DOI-USGS-HVO-2025-10-22T17:16:06+00:00,https://volcanoes.usgs.gov/hans2/view/notice/DOI-USGS-HVO-2025-10-22T17:16:06+00:00,Kilauea,Very High Threat,False
2025-10-23 11:17:09,2025-10-22 18:28:04,2025-10-22 18:28:04,WATCH,ORANGE,HVO Kilauea ORANGE/WATCH - Episode 35 of the ongoing Halemaʻumaʻu eruption ended October 18. Summit inflation and tremor continue. Preliminary forecast for episode 36 is November 2–10.,DOI-USGS-HVO-2025-10-22T17:16:06+00:00,https://volcanoes.usgs.gov/hans2/view/notice/DOI-USGS-HVO-2025-10-22T17:16:06+00:00,Kilauea,Very High Threat,False
2025-10-23 12:41:39,2025-10-22 18:28:04,2025-10-22 18:28:04,WATCH,ORANGE,HVO Kilauea ORANGE/WATCH - Episode 35 of the ongoing Halemaʻumaʻu eruption ended October 18. Summit inflation and tremor continue. Preliminary forecast for episode 36 is November 2–10.,DOI-USGS-HVO-2025-10-22T17:16:06+00:00,https://volcanoes.usgs.gov/hans2/view/notice/DOI-USGS-HVO-2025-10-22T17:16:06+00:00,Kilauea,Very High Threat,False
2025-10-23 13:32:02,2025-10-22 18:28:04,2025-10-22 18:28:04,WATCH,ORANGE,HVO Kilauea ORANGE/WATCH - Episode 35 of the ongoing Halemaʻumaʻu eruption ended October 18. Summit inflation and tremor continue. Preliminary forecast for episode 36 is November 2–10.,DOI-USGS-HVO-2025-10-22T17:16:06+00:00,https://volcanoes.usgs.gov/hans2/view/notice/DOI-USGS-HVO-2025-10-22T17:16:06+00:00,Kilauea,Very High Threat,False
2025-10-23 14:20:17,2025-10-22 18:28:04,2025-10-22 18:28:04,WATCH,ORANGE,HVO Kilauea ORANGE/WATCH - Episode 35 of the ongoing Halemaʻumaʻu eruption ended October 18. Summit inflation and tremor continue. Preliminary forecast for episode 36 is November 2–10.,DOI-USGS-HVO-2025-10-22T17:16:06+00:00,https://volcanoes.usgs.gov/hans2/view/notice/DOI-USGS-HVO-2025-10-22T17:16:06+00:00,Kilauea,Very High Threat,False
2025-10-23 15:20:36,2025-10-22 18:28:04,2025-10-22 18:28:04,WATCH,ORANGE,HVO Kilauea ORANGE/WATCH - Episode 35 of the ongoing Halemaʻumaʻu eruption ended October 18. Summit inflation and tremor continue. Preliminary forecast for episode 36 is November 2–10.,DOI-USGS-HVO-2025-10-22T17:16:06+00:00,https://volcanoes.usgs.gov/hans2/view/notice/DOI-USGS-HVO-2025-10-22T17:16:06+00:00,Kilauea,Very High Threat,False
2025-10-23 16:24:56,2025-10-22 18:28:04,2025-10-22 18:28:04,WATCH,ORANGE,HVO Kilauea ORANGE/WATCH - Episode 35 of the ongoing Halemaʻumaʻu eruption ended October 18. Summit inflation and tremor continue. Preliminary forecast for episode 36 is November 2–10.,DOI-USGS-HVO-2025-10-22T17:16:06+00:00,https://volcanoes.usgs.gov/hans2/view/notice/DOI-USGS-HVO-2025-10-22T17:16:06+00:00,Kilauea,Very High Threat,False
2025-10-23 17:17:14,2025-10-22 18:28:04,2025-10-22 18:28:04,WATCH,ORANGE,HVO Kilauea ORANGE/WATCH - Episode 35 of the ongoing Halemaʻumaʻu eruption ended October 18. Summit inflation and tremor continue. Preliminary forecast for episode 36 is November 2–10.,DOI-USGS-HVO-2025-10-22T17:16:06+00:00,https://volcanoes.usgs.gov/hans2/view/notice/DOI-USGS-HVO-2025-10-22T17:16:06+00:00,Kilauea,Very High Threat,False
2025-10-23 18:28:39,2025-10-22 18:28:04,2025-10-22 18:28:04,WATCH,ORANGE,HVO Kilauea ORANGE/WATCH - Episode 35 of the ongoing Halemaʻumaʻu eruption ended October 18. Summit inflation and tremor continue. Preliminary forecast for episode 36 is November 2–10.,DOI-USGS-HVO-2025-10-22T17:16:06+00:00,https://volcanoes.usgs.gov/hans2/view/notice/DOI-USGS-HVO-2025-10-22T17:16:06+00:00,Kilauea,Very High Threat,False
2025-10-23 19:15:41,2025-10-23 19:05:29,2025-10-23 19:05:29,WATCH,ORANGE,HVO Kilauea ORANGE/WATCH - Episode 35 of the ongoing Halemaʻumaʻu eruption ended October 18. Summit inflation and tremor continue. Preliminary forecast for episode 36 is November 2–10.,DOI-USGS-HVO-2025-10-23T17:33:48+00:00,https://volcanoes.usgs.gov/hans2/view/notice/DOI-USGS-HVO-2025-10-23T17:33:48+00:00,Kilauea,Very High Threat,True
2025-10-23 20:20:34,2025-10-23 19:05:29,2025-10-23 19:05:29,WATCH,ORANGE,HVO Kilauea ORANGE/WATCH - Episode 35 of the ongoing Halemaʻumaʻu eruption ended October 18. Summit inflation and tremor continue. Preliminary forecast for episode 36 is November 2–10.,DOI-USGS-HVO-2025-10-23T17:33:48+00:00,https://volcanoes.usgs.gov/hans2/view/notice/DOI-USGS-HVO-2025-10-23T17:33:48+00:00,Kilauea,Very High Threat,False
2025-10-23 21:16:49,2025-10-23 19:05:29,2025-10-23 19:05:29,WATCH,ORANGE,HVO Kilauea ORANGE/WATCH - Episode 35 of the ongoing Halemaʻumaʻu eruption ended October 18. Summit inflation and tremor continue. Preliminary forecast for episode 36 is November 2–10.,DOI-USGS-HVO-2025-10-23T17:33:48+00:00,https://volcanoes.usgs.gov/hans2/view/notice/DOI-USGS-HVO-2025-10-23T17:33:48+00:00,Kilauea,Very High Threat,False
2025-10-23 22:17:38,2025-10-23 19:05:29,2025-10-23 19:05:29,WATCH,ORANGE,HVO Kilauea ORANGE/WATCH - Episode 35 of the ongoing Halemaʻumaʻu eruption ended October 18. Summit inflation and tremor continue. Preliminary forecast for episode 36 is November 2–10.,DOI-USGS-HVO-2025-10-23T17:33:48+00:00,https://volcanoes.usgs.gov/hans2/view/notice/DOI-USGS-HVO-2025-10-23T17:33:48+00:00,Kilauea,Very High Threat,False
2025-10-23 23:16:56,2025-10-23 19:05:29,2025-10-23 19:05:29,WATCH,ORANGE,HVO Kilauea ORANGE/WATCH - Episode 35 of the ongoing Halemaʻumaʻu eruption ended October 18. Summit inflation and tremor continue. Preliminary forecast for episode 36 is November 2–10.,DOI-USGS-HVO-2025-10-23T17:33:48+00:00,https://volcanoes.usgs.gov/hans2/view/notice/DOI-USGS-HVO-2025-10-23T17:33:48+00:00,Kilauea,Very High Threat,False
2025-10-24 01:22:22,2025-10-23 19:05:29,2025-10-23 19:05:29,WATCH,ORANGE,HVO Kilauea ORANGE/WATCH - Episode 35 of the ongoing Halemaʻumaʻu eruption ended October 18. Summit inflation and tremor continue. Preliminary forecast for episode 36 is November 2–10.,DOI-USGS-HVO-2025-10-23T17:33:48+00:00,https://volcanoes.usgs.gov/hans2/view/notice/DOI-USGS-HVO-2025-10-23T17:33:48+00:00,Kilauea,Very High Threat,False
2025-10-24 02:59:54,2025-10-23 19:05:29,2025-10-23 19:05:29,WATCH,ORANGE,HVO Kilauea ORANGE/WATCH - Episode 35 of the ongoing Halemaʻumaʻu eruption ended October 18. Summit inflation and tremor continue. Preliminary forecast for episode 36 is November 2–10.,DOI-USGS-HVO-2025-10-23T17:33:48+00:00,https://volcanoes.usgs.gov/hans2/view/notice/DOI-USGS-HVO-2025-10-23T17:33:48+00:00,Kilauea,Very High Threat,False
2025-10-24 03:37:10,2025-10-23 19:05:29,2025-10-23 19:05:29,WATCH,ORANGE,HVO Kilauea ORANGE/WATCH - Episode 35 of the ongoing Halemaʻumaʻu eruption ended October 18. Summit inflation and tremor continue. Preliminary forecast for episode 36 is November 2–10.,DOI-USGS-HVO-2025-10-23T17:33:48+00:00,https://volcanoes.usgs.gov/hans2/view/notice/DOI-USGS-HVO-2025-10-23T17:33:48+00:00,Kilauea,Very High Threat,False
2025-10-24 04:23:20,2025-10-23 19:05:29,2025-10-23 19:05:29,WATCH,ORANGE,HVO Kilauea ORANGE/WATCH - Episode 35 of the ongoing Halemaʻumaʻu eruption ended October 18. Summit inflation and tremor continue. Preliminary forecast for episode 36 is November 2–10.,DOI-USGS-HVO-2025-10-23T17:33:48+00:00,https://volcanoes.usgs.gov/hans2/view/notice/DOI-USGS-HVO-2025-10-23T17:33:48+00:00,Kilauea,Very High Threat,False
2025-10-24 05:18:36,2025-10-23 19:05:29,2025-10-23 19:05:29,WATCH,ORANGE,HVO Kilauea ORANGE/WATCH - Episode 35 of the ongoing Halemaʻumaʻu eruption ended October 18. Summit inflation and tremor continue. Preliminary forecast for episode 36 is November 2–10.,DOI-USGS-HVO-2025-10-23T17:33:48+00:00,https://volcanoes.usgs.gov/hans2/view/notice/DOI-USGS-HVO-2025-10-23T17:33:48+00:00,Kilauea,Very High Threat,False
2025-10-24 06:28:23,2025-10-23 19:05:29,2025-10-23 19:05:29,WATCH,ORANGE,HVO Kilauea ORANGE/WATCH - Episode 35 of the ongoing Halemaʻumaʻu eruption ended October 18. Summit inflation and tremor continue. Preliminary forecast for episode 36 is November 2–10.,DOI-USGS-HVO-2025-10-23T17:33:48+00:00,https://volcanoes.usgs.gov/hans2/view/notice/DOI-USGS-HVO-2025-10-23T17:33:48+00:00,Kilauea,Very High Threat,False
2025-10-24 07:18:19,2025-10-23 19:05:29,2025-10-23 19:05:29,WATCH,ORANGE,HVO Kilauea ORANGE/WATCH - Episode 35 of the ongoing Halemaʻumaʻu eruption ended October 18. Summit inflation and tremor continue. Preliminary forecast for episode 36 is November 2–10.,DOI-USGS-HVO-2025-10-23T17:33:48+00:00,https://volcanoes.usgs.gov/hans2/view/notice/DOI-USGS-HVO-2025-10-23T17:33:48+00:00,Kilauea,Very High Threat,False
2025-10-24 08:26:18,2025-10-23 19:05:29,2025-10-23 19:05:29,WATCH,ORANGE,HVO Kilauea ORANGE/WATCH - Episode 35 of the ongoing Halemaʻumaʻu eruption ended October 18. Summit inflation and tremor continue. Preliminary forecast for episode 36 is November 2–10.,DOI-USGS-HVO-2025-10-23T17:33:48+00:00,https://volcanoes.usgs.gov/hans2/view/notice/DOI-USGS-HVO-2025-10-23T17:33:48+00:00,Kilauea,Very High Threat,False
2025-10-24 09:21:22,2025-10-23 19:05:29,2025-10-23 19:05:29,WATCH,ORANGE,HVO Kilauea ORANGE/WATCH - Episode 35 of the ongoing Halemaʻumaʻu eruption ended October 18. Summit inflation and tremor continue. Preliminary forecast for episode 36 is November 2–10.,DOI-USGS-HVO-2025-10-23T17:33:48+00:00,https://volcanoes.usgs.gov/hans2/view/notice/DOI-USGS-HVO-2025-10-23T17:33:48+00:00,Kilauea,Very High Threat,False
2025-10-24 10:21:43,2025-10-23 19:05:29,2025-10-23 19:05:29,WATCH,ORANGE,HVO Kilauea ORANGE/WATCH - Episode 35 of the ongoing Halemaʻumaʻu eruption ended October 18. Summit inflation and tremor continue. Preliminary forecast for episode 36 is November 2–10.,DOI-USGS-HVO-2025-10-23T17:33:48+00:00,https://volcanoes.usgs.gov/hans2/view/notice/DOI-USGS-HVO-2025-10-23T17:33:48+00:00,Kilauea,Very High Threat,False
2025-10-24 11:17:08,2025-10-23 19:05:29,2025-10-23 19:05:29,WATCH,ORANGE,HVO Kilauea ORANGE/WATCH - Episode 35 of the ongoing Halemaʻumaʻu eruption ended October 18. Summit inflation and tremor continue. Preliminary forecast for episode 36 is November 2–10.,DOI-USGS-HVO-2025-10-23T17:33:48+00:00,https://volcanoes.usgs.gov/hans2/view/notice/DOI-USGS-HVO-2025-10-23T17:33:48+00:00,Kilauea,Very High Threat,False
2025-10-24 12:41:35,2025-10-23 19:05:29,2025-10-23 19:05:29,WATCH,ORANGE,HVO Kilauea ORANGE/WATCH - Episode 35 of the ongoing Halemaʻumaʻu eruption ended October 18. Summit inflation and tremor continue. Preliminary forecast for episode 36 is November 2–10.,DOI-USGS-HVO-2025-10-23T17:33:48+00:00,https://volcanoes.usgs.gov/hans2/view/notice/DOI-USGS-HVO-2025-10-23T17:33:48+00:00,Kilauea,Very High Threat,False
2025-10-24 13:30:26,2025-10-23 19:05:29,2025-10-23 19:05:29,WATCH,ORANGE,HVO Kilauea ORANGE/WATCH - Episode 35 of the ongoing Halemaʻumaʻu eruption ended October 18. Summit inflation and tremor continue. Preliminary forecast for episode 36 is November 2–10.,DOI-USGS-HVO-2025-10-23T17:33:48+00:00,https://volcanoes.usgs.gov/hans2/view/notice/DOI-USGS-HVO-2025-10-23T17:33:48+00:00,Kilauea,Very High Threat,False
2025-10-24 14:19:38,2025-10-23 19:05:29,2025-10-23 19:05:29,WATCH,ORANGE,HVO Kilauea ORANGE/WATCH - Episode 35 of the ongoing Halemaʻumaʻu eruption ended October 18. Summit inflation and tremor continue. Preliminary forecast for episode 36 is November 2–10.,DOI-USGS-HVO-2025-10-23T17:33:48+00:00,https://volcanoes.usgs.gov/hans2/view/notice/DOI-USGS-HVO-2025-10-23T17:33:48+00:00,Kilauea,Very High Threat,False
2025-10-24 15:20:34,2025-10-23 19:05:29,2025-10-23 19:05:29,WATCH,ORANGE,HVO Kilauea ORANGE/WATCH - Episode 35 of the ongoing Halemaʻumaʻu eruption ended October 18. Summit inflation and tremor continue. Preliminary forecast for episode 36 is November 2–10.,DOI-USGS-HVO-2025-10-23T17:33:48+00:00,https://volcanoes.usgs.gov/hans2/view/notice/DOI-USGS-HVO-2025-10-23T17:33:48+00:00,Kilauea,Very High Threat,False
2025-10-24 16:24:45,2025-10-23 19:05:29,2025-10-23 19:05:29,WATCH,ORANGE,HVO Kilauea ORANGE/WATCH - Episode 35 of the ongoing Halemaʻumaʻu eruption ended October 18. Summit inflation and tremor continue. Preliminary forecast for episode 36 is November 2–10.,DOI-USGS-HVO-2025-10-23T17:33:48+00:00,https://volcanoes.usgs.gov/hans2/view/notice/DOI-USGS-HVO-2025-10-23T17:33:48+00:00,Kilauea,Very High Threat,False
2025-10-24 17:17:19,2025-10-23 19:05:29,2025-10-23 19:05:29,WATCH,ORANGE,HVO Kilauea ORANGE/WATCH - Episode 35 of the ongoing Halemaʻumaʻu eruption ended October 18. Summit inflation and tremor continue. Preliminary forecast for episode 36 is November 2–10.,DOI-USGS-HVO-2025-10-23T17:33:48+00:00,https://volcanoes.usgs.gov/hans2/view/notice/DOI-USGS-HVO-2025-10-23T17:33:48+00:00,Kilauea,Very High Threat,False
2025-10-24 18:26:57,2025-10-23 19:05:29,2025-10-23 19:05:29,WATCH,ORANGE,HVO Kilauea ORANGE/WATCH - Episode 35 of the ongoing Halemaʻumaʻu eruption ended October 18. Summit inflation and tremor continue. Preliminary forecast for episode 36 is November 2–10.,DOI-USGS-HVO-2025-10-23T17:33:48+00:00,https://volcanoes.usgs.gov/hans2/view/notice/DOI-USGS-HVO-2025-10-23T17:33:48+00:00,Kilauea,Very High Threat,False
2025-10-24 19:15:32,2025-10-24 18:50:56,2025-10-24 18:50:56,WATCH,ORANGE,HVO Kilauea ORANGE/WATCH - Episode 35 of the ongoing Halemaʻumaʻu eruption ended October 18. Summit inflation and tremor continue. Preliminary forecast for episode 36 is November 6–12,DOI-USGS-HVO-2025-10-24T18:02:55+00:00,https://volcanoes.usgs.gov/hans2/view/notice/DOI-USGS-HVO-2025-10-24T18:02:55+00:00,Kilauea,Very High Threat,True
2025-10-24 20:21:49,2025-10-24 18:50:56,2025-10-24 18:50:56,WATCH,ORANGE,HVO Kilauea ORANGE/WATCH - Episode 35 of the ongoing Halemaʻumaʻu eruption ended October 18. Summit inflation and tremor continue. Preliminary forecast for episode 36 is November 6–12,DOI-USGS-HVO-2025-10-24T18:02:55+00:00,https://volcanoes.usgs.gov/hans2/view/notice/DOI-USGS-HVO-2025-10-24T18:02:55+00:00,Kilauea,Very High Threat,False
2025-10-24 21:16:54,2025-10-24 18:50:56,2025-10-24 18:50:56,WATCH,ORANGE,HVO Kilauea ORANGE/WATCH - Episode 35 of the ongoing Halemaʻumaʻu eruption ended October 18. Summit inflation and tremor continue. Preliminary forecast for episode 36 is November 6–12,DOI-USGS-HVO-2025-10-24T18:02:55+00:00,https://volcanoes.usgs.gov/hans2/view/notice/DOI-USGS-HVO-2025-10-24T18:02:55+00:00,Kilauea,Very High Threat,False
2025-10-24 22:18:18,2025-10-24 18:50:56,2025-10-24 18:50:56,WATCH,ORANGE,HVO Kilauea ORANGE/WATCH - Episode 35 of the ongoing Halemaʻumaʻu eruption ended October 18. Summit inflation and tremor continue. Preliminary forecast for episode 36 is November 6–12,DOI-USGS-HVO-2025-10-24T18:02:55+00:00,https://volcanoes.usgs.gov/hans2/view/notice/DOI-USGS-HVO-2025-10-24T18:02:55+00:00,Kilauea,Very High Threat,False
2025-10-24 23:17:20,2025-10-24 18:50:56,2025-10-24 18:50:56,WATCH,ORANGE,HVO Kilauea ORANGE/WATCH - Episode 35 of the ongoing Halemaʻumaʻu eruption ended October 18. Summit inflation and tremor continue. Preliminary forecast for episode 36 is November 6–12,DOI-USGS-HVO-2025-10-24T18:02:55+00:00,https://volcanoes.usgs.gov/hans2/view/notice/DOI-USGS-HVO-2025-10-24T18:02:55+00:00,Kilauea,Very High Threat,False
2025-10-25 01:23:43,2025-10-24 18:50:56,2025-10-24 18:50:56,WATCH,ORANGE,HVO Kilauea ORANGE/WATCH - Episode 35 of the ongoing Halemaʻumaʻu eruption ended October 18. Summit inflation and tremor continue. Preliminary forecast for episode 36 is November 6–12,DOI-USGS-HVO-2025-10-24T18:02:55+00:00,https://volcanoes.usgs.gov/hans2/view/notice/DOI-USGS-HVO-2025-10-24T18:02:55+00:00,Kilauea,Very High Threat,False
2025-10-25 03:01:35,2025-10-24 18:50:56,2025-10-24 18:50:56,WATCH,ORANGE,HVO Kilauea ORANGE/WATCH - Episode 35 of the ongoing Halemaʻumaʻu eruption ended October 18. Summit inflation and tremor continue. Preliminary forecast for episode 36 is November 6–12,DOI-USGS-HVO-2025-10-24T18:02:55+00:00,https://volcanoes.usgs.gov/hans2/view/notice/DOI-USGS-HVO-2025-10-24T18:02:55+00:00,Kilauea,Very High Threat,False
2025-10-25 04:21:42,2025-10-24 18:50:56,2025-10-24 18:50:56,WATCH,ORANGE,HVO Kilauea ORANGE/WATCH - Episode 35 of the ongoing Halemaʻumaʻu eruption ended October 18. Summit inflation and tremor continue. Preliminary forecast for episode 36 is November 6–12,DOI-USGS-HVO-2025-10-24T18:02:55+00:00,https://volcanoes.usgs.gov/hans2/view/notice/DOI-USGS-HVO-2025-10-24T18:02:55+00:00,Kilauea,Very High Threat,False
2025-10-25 05:17:50,2025-10-24 18:50:56,2025-10-24 18:50:56,WATCH,ORANGE,HVO Kilauea ORANGE/WATCH - Episode 35 of the ongoing Halemaʻumaʻu eruption ended October 18. Summit inflation and tremor continue. Preliminary forecast for episode 36 is November 6–12,DOI-USGS-HVO-2025-10-24T18:02:55+00:00,https://volcanoes.usgs.gov/hans2/view/notice/DOI-USGS-HVO-2025-10-24T18:02:55+00:00,Kilauea,Very High Threat,False
2025-10-25 06:26:14,2025-10-24 18:50:56,2025-10-24 18:50:56,WATCH,ORANGE,HVO Kilauea ORANGE/WATCH - Episode 35 of the ongoing Halemaʻumaʻu eruption ended October 18. Summit inflation and tremor continue. Preliminary forecast for episode 36 is November 6–12,DOI-USGS-HVO-2025-10-24T18:02:55+00:00,https://volcanoes.usgs.gov/hans2/view/notice/DOI-USGS-HVO-2025-10-24T18:02:55+00:00,Kilauea,Very High Threat,False
2025-10-25 07:17:22,2025-10-24 18:50:56,2025-10-24 18:50:56,WATCH,ORANGE,HVO Kilauea ORANGE/WATCH - Episode 35 of the ongoing Halemaʻumaʻu eruption ended October 18. Summit inflation and tremor continue. Preliminary forecast for episode 36 is November 6–12,DOI-USGS-HVO-2025-10-24T18:02:55+00:00,https://volcanoes.usgs.gov/hans2/view/notice/DOI-USGS-HVO-2025-10-24T18:02:55+00:00,Kilauea,Very High Threat,False
2025-10-25 08:22:26,2025-10-24 18:50:56,2025-10-24 18:50:56,WATCH,ORANGE,HVO Kilauea ORANGE/WATCH - Episode 35 of the ongoing Halemaʻumaʻu eruption ended October 18. Summit inflation and tremor continue. Preliminary forecast for episode 36 is November 6–12,DOI-USGS-HVO-2025-10-24T18:02:55+00:00,https://volcanoes.usgs.gov/hans2/view/notice/DOI-USGS-HVO-2025-10-24T18:02:55+00:00,Kilauea,Very High Threat,False
2025-10-25 09:17:35,2025-10-24 18:50:56,2025-10-24 18:50:56,WATCH,ORANGE,HVO Kilauea ORANGE/WATCH - Episode 35 of the ongoing Halemaʻumaʻu eruption ended October 18. Summit inflation and tremor continue. Preliminary forecast for episode 36 is November 6–12,DOI-USGS-HVO-2025-10-24T18:02:55+00:00,https://volcanoes.usgs.gov/hans2/view/notice/DOI-USGS-HVO-2025-10-24T18:02:55+00:00,Kilauea,Very High Threat,False
2025-10-25 10:18:12,2025-10-24 18:50:56,2025-10-24 18:50:56,WATCH,ORANGE,HVO Kilauea ORANGE/WATCH - Episode 35 of the ongoing Halemaʻumaʻu eruption ended October 18. Summit inflation and tremor continue. Preliminary forecast for episode 36 is November 6–12,DOI-USGS-HVO-2025-10-24T18:02:55+00:00,https://volcanoes.usgs.gov/hans2/view/notice/DOI-USGS-HVO-2025-10-24T18:02:55+00:00,Kilauea,Very High Threat,False
2025-10-25 11:14:11,2025-10-24 18:50:56,2025-10-24 18:50:56,WATCH,ORANGE,HVO Kilauea ORANGE/WATCH - Episode 35 of the ongoing Halemaʻumaʻu eruption ended October 18. Summit inflation and tremor continue. Preliminary forecast for episode 36 is November 6–12,DOI-USGS-HVO-2025-10-24T18:02:55+00:00,https://volcanoes.usgs.gov/hans2/view/notice/DOI-USGS-HVO-2025-10-24T18:02:55+00:00,Kilauea,Very High Threat,False
2025-10-25 12:35:03,2025-10-24 18:50:56,2025-10-24 18:50:56,WATCH,ORANGE,HVO Kilauea ORANGE/WATCH - Episode 35 of the ongoing Halemaʻumaʻu eruption ended October 18. Summit inflation and tremor continue. Preliminary forecast for episode 36 is November 6–12,DOI-USGS-HVO-2025-10-24T18:02:55+00:00,https://volcanoes.usgs.gov/hans2/view/notice/DOI-USGS-HVO-2025-10-24T18:02:55+00:00,Kilauea,Very High Threat,False
2025-10-25 13:23:05,2025-10-24 18:50:56,2025-10-24 18:50:56,WATCH,ORANGE,HVO Kilauea ORANGE/WATCH - Episode 35 of the ongoing Halemaʻumaʻu eruption ended October 18. Summit inflation and tremor continue. Preliminary forecast for episode 36 is November 6–12,DOI-USGS-HVO-2025-10-24T18:02:55+00:00,https://volcanoes.usgs.gov/hans2/view/notice/DOI-USGS-HVO-2025-10-24T18:02:55+00:00,Kilauea,Very High Threat,False
2025-10-25 14:16:02,2025-10-24 18:50:56,2025-10-24 18:50:56,WATCH,ORANGE,HVO Kilauea ORANGE/WATCH - Episode 35 of the ongoing Halemaʻumaʻu eruption ended October 18. Summit inflation and tremor continue. Preliminary forecast for episode 36 is November 6–12,DOI-USGS-HVO-2025-10-24T18:02:55+00:00,https://volcanoes.usgs.gov/hans2/view/notice/DOI-USGS-HVO-2025-10-24T18:02:55+00:00,Kilauea,Very High Threat,False
2025-10-25 15:17:02,2025-10-24 18:50:56,2025-10-24 18:50:56,WATCH,ORANGE,HVO Kilauea ORANGE/WATCH - Episode 35 of the ongoing Halemaʻumaʻu eruption ended October 18. Summit inflation and tremor continue. Preliminary forecast for episode 36 is November 6–12,DOI-USGS-HVO-2025-10-24T18:02:55+00:00,https://volcanoes.usgs.gov/hans2/view/notice/DOI-USGS-HVO-2025-10-24T18:02:55+00:00,Kilauea,Very High Threat,False
2025-10-25 16:21:55,2025-10-24 18:50:56,2025-10-24 18:50:56,WATCH,ORANGE,HVO Kilauea ORANGE/WATCH - Episode 35 of the ongoing Halemaʻumaʻu eruption ended October 18. Summit inflation and tremor continue. Preliminary forecast for episode 36 is November 6–12,DOI-USGS-HVO-2025-10-24T18:02:55+00:00,https://volcanoes.usgs.gov/hans2/view/notice/DOI-USGS-HVO-2025-10-24T18:02:55+00:00,Kilauea,Very High Threat,False
2025-10-25 17:15:15,2025-10-24 18:50:56,2025-10-24 18:50:56,WATCH,ORANGE,HVO Kilauea ORANGE/WATCH - Episode 35 of the ongoing Halemaʻumaʻu eruption ended October 18. Summit inflation and tremor continue. Preliminary forecast for episode 36 is November 6–12,DOI-USGS-HVO-2025-10-24T18:02:55+00:00,https://volcanoes.usgs.gov/hans2/view/notice/DOI-USGS-HVO-2025-10-24T18:02:55+00:00,Kilauea,Very High Threat,False
2025-10-25 18:24:49,2025-10-24 18:50:56,2025-10-24 18:50:56,WATCH,ORANGE,HVO Kilauea ORANGE/WATCH - Episode 35 of the ongoing Halemaʻumaʻu eruption ended October 18. Summit inflation and tremor continue. Preliminary forecast for episode 36 is November 6–12,DOI-USGS-HVO-2025-10-24T18:02:55+00:00,https://volcanoes.usgs.gov/hans2/view/notice/DOI-USGS-HVO-2025-10-24T18:02:55+00:00,Kilauea,Very High Threat,False
2025-10-25 19:14:21,2025-10-25 19:04:36,2025-10-25 19:04:36,WATCH,ORANGE,HVO Kilauea ORANGE/WATCH - Episode 35 of the ongoing Halemaʻumaʻu eruption ended October 18. Summit inflation and tremor continue. Preliminary forecast for episode 36 is November 6–12,DOI-USGS-HVO-2025-10-25T17:50:20+00:00,https://volcanoes.usgs.gov/hans2/view/notice/DOI-USGS-HVO-2025-10-25T17:50:20+00:00,Kilauea,Very High Threat,True
2025-10-25 20:19:49,2025-10-25 19:04:36,2025-10-25 19:04:36,WATCH,ORANGE,HVO Kilauea ORANGE/WATCH - Episode 35 of the ongoing Halemaʻumaʻu eruption ended October 18. Summit inflation and tremor continue. Preliminary forecast for episode 36 is November 6–12,DOI-USGS-HVO-2025-10-25T17:50:20+00:00,https://volcanoes.usgs.gov/hans2/view/notice/DOI-USGS-HVO-2025-10-25T17:50:20+00:00,Kilauea,Very High Threat,False
2025-10-25 21:16:04,2025-10-25 19:04:36,2025-10-25 19:04:36,WATCH,ORANGE,HVO Kilauea ORANGE/WATCH - Episode 35 of the ongoing Halemaʻumaʻu eruption ended October 18. Summit inflation and tremor continue. Preliminary forecast for episode 36 is November 6–12,DOI-USGS-HVO-2025-10-25T17:50:20+00:00,https://volcanoes.usgs.gov/hans2/view/notice/DOI-USGS-HVO-2025-10-25T17:50:20+00:00,Kilauea,Very High Threat,False
2025-10-25 22:16:30,2025-10-25 19:04:36,2025-10-25 19:04:36,WATCH,ORANGE,HVO Kilauea ORANGE/WATCH - Episode 35 of the ongoing Halemaʻumaʻu eruption ended October 18. Summit inflation and tremor continue. Preliminary forecast for episode 36 is November 6–12,DOI-USGS-HVO-2025-10-25T17:50:20+00:00,https://volcanoes.usgs.gov/hans2/view/notice/DOI-USGS-HVO-2025-10-25T17:50:20+00:00,Kilauea,Very High Threat,False
2025-10-25 23:16:33,2025-10-25 19:04:36,2025-10-25 19:04:36,WATCH,ORANGE,HVO Kilauea ORANGE/WATCH - Episode 35 of the ongoing Halemaʻumaʻu eruption ended October 18. Summit inflation and tremor continue. Preliminary forecast for episode 36 is November 6–12,DOI-USGS-HVO-2025-10-25T17:50:20+00:00,https://volcanoes.usgs.gov/hans2/view/notice/DOI-USGS-HVO-2025-10-25T17:50:20+00:00,Kilauea,Very High Threat,False
2025-10-26 01:38:46,2025-10-25 19:04:36,2025-10-25 19:04:36,WATCH,ORANGE,HVO Kilauea ORANGE/WATCH - Episode 35 of the ongoing Halemaʻumaʻu eruption ended October 18. Summit inflation and tremor continue. Preliminary forecast for episode 36 is November 6–12,DOI-USGS-HVO-2025-10-25T17:50:20+00:00,https://volcanoes.usgs.gov/hans2/view/notice/DOI-USGS-HVO-2025-10-25T17:50:20+00:00,Kilauea,Very High Threat,False
2025-10-26 03:10:11,2025-10-25 19:04:36,2025-10-25 19:04:36,WATCH,ORANGE,HVO Kilauea ORANGE/WATCH - Episode 35 of the ongoing Halemaʻumaʻu eruption ended October 18. Summit inflation and tremor continue. Preliminary forecast for episode 36 is November 6–12,DOI-USGS-HVO-2025-10-25T17:50:20+00:00,https://volcanoes.usgs.gov/hans2/view/notice/DOI-USGS-HVO-2025-10-25T17:50:20+00:00,Kilauea,Very High Threat,False
2025-10-26 04:21:28,2025-10-25 19:04:36,2025-10-25 19:04:36,WATCH,ORANGE,HVO Kilauea ORANGE/WATCH - Episode 35 of the ongoing Halemaʻumaʻu eruption ended October 18. Summit inflation and tremor continue. Preliminary forecast for episode 36 is November 6–12,DOI-USGS-HVO-2025-10-25T17:50:20+00:00,https://volcanoes.usgs.gov/hans2/view/notice/DOI-USGS-HVO-2025-10-25T17:50:20+00:00,Kilauea,Very High Threat,False
2025-10-26 05:18:24,2025-10-25 19:04:36,2025-10-25 19:04:36,WATCH,ORANGE,HVO Kilauea ORANGE/WATCH - Episode 35 of the ongoing Halemaʻumaʻu eruption ended October 18. Summit inflation and tremor continue. Preliminary forecast for episode 36 is November 6–12,DOI-USGS-HVO-2025-10-25T17:50:20+00:00,https://volcanoes.usgs.gov/hans2/view/notice/DOI-USGS-HVO-2025-10-25T17:50:20+00:00,Kilauea,Very High Threat,False
2025-10-26 06:27:16,2025-10-25 19:04:36,2025-10-25 19:04:36,WATCH,ORANGE,HVO Kilauea ORANGE/WATCH - Episode 35 of the ongoing Halemaʻumaʻu eruption ended October 18. Summit inflation and tremor continue. Preliminary forecast for episode 36 is November 6–12,DOI-USGS-HVO-2025-10-25T17:50:20+00:00,https://volcanoes.usgs.gov/hans2/view/notice/DOI-USGS-HVO-2025-10-25T17:50:20+00:00,Kilauea,Very High Threat,False
2025-10-26 07:16:52,2025-10-25 19:04:36,2025-10-25 19:04:36,WATCH,ORANGE,HVO Kilauea ORANGE/WATCH - Episode 35 of the ongoing Halemaʻumaʻu eruption ended October 18. Summit inflation and tremor continue. Preliminary forecast for episode 36 is November 6–12,DOI-USGS-HVO-2025-10-25T17:50:20+00:00,https://volcanoes.usgs.gov/hans2/view/notice/DOI-USGS-HVO-2025-10-25T17:50:20+00:00,Kilauea,Very High Threat,False
2025-10-26 08:22:55,2025-10-25 19:04:36,2025-10-25 19:04:36,WATCH,ORANGE,HVO Kilauea ORANGE/WATCH - Episode 35 of the ongoing Halemaʻumaʻu eruption ended October 18. Summit inflation and tremor continue. Preliminary forecast for episode 36 is November 6–12,DOI-USGS-HVO-2025-10-25T17:50:20+00:00,https://volcanoes.usgs.gov/hans2/view/notice/DOI-USGS-HVO-2025-10-25T17:50:20+00:00,Kilauea,Very High Threat,False
2025-10-26 09:17:32,2025-10-25 19:04:36,2025-10-25 19:04:36,WATCH,ORANGE,HVO Kilauea ORANGE/WATCH - Episode 35 of the ongoing Halemaʻumaʻu eruption ended October 18. Summit inflation and tremor continue. Preliminary forecast for episode 36 is November 6–12,DOI-USGS-HVO-2025-10-25T17:50:20+00:00,https://volcanoes.usgs.gov/hans2/view/notice/DOI-USGS-HVO-2025-10-25T17:50:20+00:00,Kilauea,Very High Threat,False
2025-10-26 10:18:31,2025-10-25 19:04:36,2025-10-25 19:04:36,WATCH,ORANGE,HVO Kilauea ORANGE/WATCH - Episode 35 of the ongoing Halemaʻumaʻu eruption ended October 18. Summit inflation and tremor continue. Preliminary forecast for episode 36 is November 6–12,DOI-USGS-HVO-2025-10-25T17:50:20+00:00,https://volcanoes.usgs.gov/hans2/view/notice/DOI-USGS-HVO-2025-10-25T17:50:20+00:00,Kilauea,Very High Threat,False
2025-10-26 11:14:21,2025-10-25 19:04:36,2025-10-25 19:04:36,WATCH,ORANGE,HVO Kilauea ORANGE/WATCH - Episode 35 of the ongoing Halemaʻumaʻu eruption ended October 18. Summit inflation and tremor continue. Preliminary forecast for episode 36 is November 6–12,DOI-USGS-HVO-2025-10-25T17:50:20+00:00,https://volcanoes.usgs.gov/hans2/view/notice/DOI-USGS-HVO-2025-10-25T17:50:20+00:00,Kilauea,Very High Threat,False
2025-10-26 12:36:18,2025-10-25 19:04:36,2025-10-25 19:04:36,WATCH,ORANGE,HVO Kilauea ORANGE/WATCH - Episode 35 of the ongoing Halemaʻumaʻu eruption ended October 18. Summit inflation and tremor continue. Preliminary forecast for episode 36 is November 6–12,DOI-USGS-HVO-2025-10-25T17:50:20+00:00,https://volcanoes.usgs.gov/hans2/view/notice/DOI-USGS-HVO-2025-10-25T17:50:20+00:00,Kilauea,Very High Threat,False
2025-10-26 13:23:28,2025-10-25 19:04:36,2025-10-25 19:04:36,WATCH,ORANGE,HVO Kilauea ORANGE/WATCH - Episode 35 of the ongoing Halemaʻumaʻu eruption ended October 18. Summit inflation and tremor continue. Preliminary forecast for episode 36 is November 6–12,DOI-USGS-HVO-2025-10-25T17:50:20+00:00,https://volcanoes.usgs.gov/hans2/view/notice/DOI-USGS-HVO-2025-10-25T17:50:20+00:00,Kilauea,Very High Threat,False
2025-10-26 14:16:17,2025-10-25 19:04:36,2025-10-25 19:04:36,WATCH,ORANGE,HVO Kilauea ORANGE/WATCH - Episode 35 of the ongoing Halemaʻumaʻu eruption ended October 18. Summit inflation and tremor continue. Preliminary forecast for episode 36 is November 6–12,DOI-USGS-HVO-2025-10-25T17:50:20+00:00,https://volcanoes.usgs.gov/hans2/view/notice/DOI-USGS-HVO-2025-10-25T17:50:20+00:00,Kilauea,Very High Threat,False
2025-10-26 15:17:27,2025-10-25 19:04:36,2025-10-25 19:04:36,WATCH,ORANGE,HVO Kilauea ORANGE/WATCH - Episode 35 of the ongoing Halemaʻumaʻu eruption ended October 18. Summit inflation and tremor continue. Preliminary forecast for episode 36 is November 6–12,DOI-USGS-HVO-2025-10-25T17:50:20+00:00,https://volcanoes.usgs.gov/hans2/view/notice/DOI-USGS-HVO-2025-10-25T17:50:20+00:00,Kilauea,Very High Threat,False
2025-10-26 16:21:55,2025-10-25 19:04:36,2025-10-25 19:04:36,WATCH,ORANGE,HVO Kilauea ORANGE/WATCH - Episode 35 of the ongoing Halemaʻumaʻu eruption ended October 18. Summit inflation and tremor continue. Preliminary forecast for episode 36 is November 6–12,DOI-USGS-HVO-2025-10-25T17:50:20+00:00,https://volcanoes.usgs.gov/hans2/view/notice/DOI-USGS-HVO-2025-10-25T17:50:20+00:00,Kilauea,Very High Threat,False
2025-10-26 17:15:31,2025-10-25 19:04:36,2025-10-25 19:04:36,WATCH,ORANGE,HVO Kilauea ORANGE/WATCH - Episode 35 of the ongoing Halemaʻumaʻu eruption ended October 18. Summit inflation and tremor continue. Preliminary forecast for episode 36 is November 6–12,DOI-USGS-HVO-2025-10-25T17:50:20+00:00,https://volcanoes.usgs.gov/hans2/view/notice/DOI-USGS-HVO-2025-10-25T17:50:20+00:00,Kilauea,Very High Threat,False
2025-10-26 18:26:06,2025-10-25 19:04:36,2025-10-25 19:04:36,WATCH,ORANGE,HVO Kilauea ORANGE/WATCH - Episode 35 of the ongoing Halemaʻumaʻu eruption ended October 18. Summit inflation and tremor continue. Preliminary forecast for episode 36 is November 6–12,DOI-USGS-HVO-2025-10-25T17:50:20+00:00,https://volcanoes.usgs.gov/hans2/view/notice/DOI-USGS-HVO-2025-10-25T17:50:20+00:00,Kilauea,Very High Threat,False
2025-10-26 19:14:35,2025-10-26 19:06:56,2025-10-26 19:06:56,WATCH,ORANGE,HVO Kilauea ORANGE/WATCH - Episode 35 of the ongoing Halemaʻumaʻu eruption ended October 18. Summit inflation and tremor continue. Preliminary forecast for episode 36 is November 5–11,DOI-USGS-HVO-2025-10-26T17:36:03+00:00,https://volcanoes.usgs.gov/hans2/view/notice/DOI-USGS-HVO-2025-10-26T17:36:03+00:00,Kilauea,Very High Threat,True
2025-10-26 20:20:22,2025-10-26 19:06:56,2025-10-26 19:06:56,WATCH,ORANGE,HVO Kilauea ORANGE/WATCH - Episode 35 of the ongoing Halemaʻumaʻu eruption ended October 18. Summit inflation and tremor continue. Preliminary forecast for episode 36 is November 5–11,DOI-USGS-HVO-2025-10-26T17:36:03+00:00,https://volcanoes.usgs.gov/hans2/view/notice/DOI-USGS-HVO-2025-10-26T17:36:03+00:00,Kilauea,Very High Threat,False
2025-10-26 21:16:30,2025-10-26 19:06:56,2025-10-26 19:06:56,WATCH,ORANGE,HVO Kilauea ORANGE/WATCH - Episode 35 of the ongoing Halemaʻumaʻu eruption ended October 18. Summit inflation and tremor continue. Preliminary forecast for episode 36 is November 5–11,DOI-USGS-HVO-2025-10-26T17:36:03+00:00,https://volcanoes.usgs.gov/hans2/view/notice/DOI-USGS-HVO-2025-10-26T17:36:03+00:00,Kilauea,Very High Threat,False
2025-10-26 22:17:51,2025-10-26 19:06:56,2025-10-26 19:06:56,WATCH,ORANGE,HVO Kilauea ORANGE/WATCH - Episode 35 of the ongoing Halemaʻumaʻu eruption ended October 18. Summit inflation and tremor continue. Preliminary forecast for episode 36 is November 5–11,DOI-USGS-HVO-2025-10-26T17:36:03+00:00,https://volcanoes.usgs.gov/hans2/view/notice/DOI-USGS-HVO-2025-10-26T17:36:03+00:00,Kilauea,Very High Threat,False
2025-10-26 23:17:37,2025-10-26 19:06:56,2025-10-26 19:06:56,WATCH,ORANGE,HVO Kilauea ORANGE/WATCH - Episode 35 of the ongoing Halemaʻumaʻu eruption ended October 18. Summit inflation and tremor continue. Preliminary forecast for episode 36 is November 5–11,DOI-USGS-HVO-2025-10-26T17:36:03+00:00,https://volcanoes.usgs.gov/hans2/view/notice/DOI-USGS-HVO-2025-10-26T17:36:03+00:00,Kilauea,Very High Threat,False
2025-10-27 01:42:10,2025-10-26 19:06:56,2025-10-26 19:06:56,WATCH,ORANGE,HVO Kilauea ORANGE/WATCH - Episode 35 of the ongoing Halemaʻumaʻu eruption ended October 18. Summit inflation and tremor continue. Preliminary forecast for episode 36 is November 5–11,DOI-USGS-HVO-2025-10-26T17:36:03+00:00,https://volcanoes.usgs.gov/hans2/view/notice/DOI-USGS-HVO-2025-10-26T17:36:03+00:00,Kilauea,Very High Threat,False
2025-10-27 03:19:57,2025-10-26 19:06:56,2025-10-26 19:06:56,WATCH,ORANGE,HVO Kilauea ORANGE/WATCH - Episode 35 of the ongoing Halemaʻumaʻu eruption ended October 18. Summit inflation and tremor continue. Preliminary forecast for episode 36 is November 5–11,DOI-USGS-HVO-2025-10-26T17:36:03+00:00,https://volcanoes.usgs.gov/hans2/view/notice/DOI-USGS-HVO-2025-10-26T17:36:03+00:00,Kilauea,Very High Threat,False
2025-10-27 04:29:24,2025-10-26 19:06:56,2025-10-26 19:06:56,WATCH,ORANGE,HVO Kilauea ORANGE/WATCH - Episode 35 of the ongoing Halemaʻumaʻu eruption ended October 18. Summit inflation and tremor continue. Preliminary forecast for episode 36 is November 5–11,DOI-USGS-HVO-2025-10-26T17:36:03+00:00,https://volcanoes.usgs.gov/hans2/view/notice/DOI-USGS-HVO-2025-10-26T17:36:03+00:00,Kilauea,Very High Threat,False
2025-10-27 05:20:32,2025-10-26 19:06:56,2025-10-26 19:06:56,WATCH,ORANGE,HVO Kilauea ORANGE/WATCH - Episode 35 of the ongoing Halemaʻumaʻu eruption ended October 18. Summit inflation and tremor continue. Preliminary forecast for episode 36 is November 5–11,DOI-USGS-HVO-2025-10-26T17:36:03+00:00,https://volcanoes.usgs.gov/hans2/view/notice/DOI-USGS-HVO-2025-10-26T17:36:03+00:00,Kilauea,Very High Threat,False
2025-10-27 06:32:41,2025-10-26 19:06:56,2025-10-26 19:06:56,WATCH,ORANGE,HVO Kilauea ORANGE/WATCH - Episode 35 of the ongoing Halemaʻumaʻu eruption ended October 18. Summit inflation and tremor continue. Preliminary forecast for episode 36 is November 5–11,DOI-USGS-HVO-2025-10-26T17:36:03+00:00,https://volcanoes.usgs.gov/hans2/view/notice/DOI-USGS-HVO-2025-10-26T17:36:03+00:00,Kilauea,Very High Threat,False
2025-10-27 07:19:16,2025-10-26 19:06:56,2025-10-26 19:06:56,WATCH,ORANGE,HVO Kilauea ORANGE/WATCH - Episode 35 of the ongoing Halemaʻumaʻu eruption ended October 18. Summit inflation and tremor continue. Preliminary forecast for episode 36 is November 5–11,DOI-USGS-HVO-2025-10-26T17:36:03+00:00,https://volcanoes.usgs.gov/hans2/view/notice/DOI-USGS-HVO-2025-10-26T17:36:03+00:00,Kilauea,Very High Threat,False
2025-10-27 08:27:21,2025-10-26 19:06:56,2025-10-26 19:06:56,WATCH,ORANGE,HVO Kilauea ORANGE/WATCH - Episode 35 of the ongoing Halemaʻumaʻu eruption ended October 18. Summit inflation and tremor continue. Preliminary forecast for episode 36 is November 5–11,DOI-USGS-HVO-2025-10-26T17:36:03+00:00,https://volcanoes.usgs.gov/hans2/view/notice/DOI-USGS-HVO-2025-10-26T17:36:03+00:00,Kilauea,Very High Threat,False
2025-10-27 09:24:30,2025-10-26 19:06:56,2025-10-26 19:06:56,WATCH,ORANGE,HVO Kilauea ORANGE/WATCH - Episode 35 of the ongoing Halemaʻumaʻu eruption ended October 18. Summit inflation and tremor continue. Preliminary forecast for episode 36 is November 5–11,DOI-USGS-HVO-2025-10-26T17:36:03+00:00,https://volcanoes.usgs.gov/hans2/view/notice/DOI-USGS-HVO-2025-10-26T17:36:03+00:00,Kilauea,Very High Threat,False
2025-10-27 10:23:35,2025-10-26 19:06:56,2025-10-26 19:06:56,WATCH,ORANGE,HVO Kilauea ORANGE/WATCH - Episode 35 of the ongoing Halemaʻumaʻu eruption ended October 18. Summit inflation and tremor continue. Preliminary forecast for episode 36 is November 5–11,DOI-USGS-HVO-2025-10-26T17:36:03+00:00,https://volcanoes.usgs.gov/hans2/view/notice/DOI-USGS-HVO-2025-10-26T17:36:03+00:00,Kilauea,Very High Threat,False
2025-10-27 11:17:24,2025-10-26 19:06:56,2025-10-26 19:06:56,WATCH,ORANGE,HVO Kilauea ORANGE/WATCH - Episode 35 of the ongoing Halemaʻumaʻu eruption ended October 18. Summit inflation and tremor continue. Preliminary forecast for episode 36 is November 5–11,DOI-USGS-HVO-2025-10-26T17:36:03+00:00,https://volcanoes.usgs.gov/hans2/view/notice/DOI-USGS-HVO-2025-10-26T17:36:03+00:00,Kilauea,Very High Threat,False
2025-10-27 12:42:05,2025-10-26 19:06:56,2025-10-26 19:06:56,WATCH,ORANGE,HVO Kilauea ORANGE/WATCH - Episode 35 of the ongoing Halemaʻumaʻu eruption ended October 18. Summit inflation and tremor continue. Preliminary forecast for episode 36 is November 5–11,DOI-USGS-HVO-2025-10-26T17:36:03+00:00,https://volcanoes.usgs.gov/hans2/view/notice/DOI-USGS-HVO-2025-10-26T17:36:03+00:00,Kilauea,Very High Threat,False
2025-10-27 13:31:49,2025-10-26 19:06:56,2025-10-26 19:06:56,WATCH,ORANGE,HVO Kilauea ORANGE/WATCH - Episode 35 of the ongoing Halemaʻumaʻu eruption ended October 18. Summit inflation and tremor continue. Preliminary forecast for episode 36 is November 5–11,DOI-USGS-HVO-2025-10-26T17:36:03+00:00,https://volcanoes.usgs.gov/hans2/view/notice/DOI-USGS-HVO-2025-10-26T17:36:03+00:00,Kilauea,Very High Threat,False
2025-10-27 14:20:32,2025-10-26 19:06:56,2025-10-26 19:06:56,WATCH,ORANGE,HVO Kilauea ORANGE/WATCH - Episode 35 of the ongoing Halemaʻumaʻu eruption ended October 18. Summit inflation and tremor continue. Preliminary forecast for episode 36 is November 5–11,DOI-USGS-HVO-2025-10-26T17:36:03+00:00,https://volcanoes.usgs.gov/hans2/view/notice/DOI-USGS-HVO-2025-10-26T17:36:03+00:00,Kilauea,Very High Threat,False
2025-10-27 15:21:08,2025-10-26 19:06:56,2025-10-26 19:06:56,WATCH,ORANGE,HVO Kilauea ORANGE/WATCH - Episode 35 of the ongoing Halemaʻumaʻu eruption ended October 18. Summit inflation and tremor continue. Preliminary forecast for episode 36 is November 5–11,DOI-USGS-HVO-2025-10-26T17:36:03+00:00,https://volcanoes.usgs.gov/hans2/view/notice/DOI-USGS-HVO-2025-10-26T17:36:03+00:00,Kilauea,Very High Threat,False
2025-10-27 16:26:00,2025-10-26 19:06:56,2025-10-26 19:06:56,WATCH,ORANGE,HVO Kilauea ORANGE/WATCH - Episode 35 of the ongoing Halemaʻumaʻu eruption ended October 18. Summit inflation and tremor continue. Preliminary forecast for episode 36 is November 5–11,DOI-USGS-HVO-2025-10-26T17:36:03+00:00,https://volcanoes.usgs.gov/hans2/view/notice/DOI-USGS-HVO-2025-10-26T17:36:03+00:00,Kilauea,Very High Threat,False
2025-10-27 17:17:18,2025-10-26 19:06:56,2025-10-26 19:06:56,WATCH,ORANGE,HVO Kilauea ORANGE/WATCH - Episode 35 of the ongoing Halemaʻumaʻu eruption ended October 18. Summit inflation and tremor continue. Preliminary forecast for episode 36 is November 5–11,DOI-USGS-HVO-2025-10-26T17:36:03+00:00,https://volcanoes.usgs.gov/hans2/view/notice/DOI-USGS-HVO-2025-10-26T17:36:03+00:00,Kilauea,Very High Threat,False
2025-10-27 18:29:10,2025-10-27 18:26:12,2025-10-27 18:26:12,WATCH,ORANGE,HVO Kilauea ORANGE/WATCH - Episode 35 of the ongoing Halemaʻumaʻu eruption ended October 18. Summit inflation and tremor continue. Preliminary forecast for episode 36 is November 5–11,DOI-USGS-HVO-2025-10-27T17:49:28+00:00,https://volcanoes.usgs.gov/hans2/view/notice/DOI-USGS-HVO-2025-10-27T17:49:28+00:00,Kilauea,Very High Threat,True
2025-10-27 19:15:28,2025-10-27 18:26:12,2025-10-27 18:26:12,WATCH,ORANGE,HVO Kilauea ORANGE/WATCH - Episode 35 of the ongoing Halemaʻumaʻu eruption ended October 18. Summit inflation and tremor continue. Preliminary forecast for episode 36 is November 5–11,DOI-USGS-HVO-2025-10-27T17:49:28+00:00,https://volcanoes.usgs.gov/hans2/view/notice/DOI-USGS-HVO-2025-10-27T17:49:28+00:00,Kilauea,Very High Threat,False
2025-10-27 20:19:15,2025-10-27 18:26:12,2025-10-27 18:26:12,WATCH,ORANGE,HVO Kilauea ORANGE/WATCH - Episode 35 of the ongoing Halemaʻumaʻu eruption ended October 18. Summit inflation and tremor continue. Preliminary forecast for episode 36 is November 5–11,DOI-USGS-HVO-2025-10-27T17:49:28+00:00,https://volcanoes.usgs.gov/hans2/view/notice/DOI-USGS-HVO-2025-10-27T17:49:28+00:00,Kilauea,Very High Threat,False
2025-10-27 21:17:02,2025-10-27 18:26:12,2025-10-27 18:26:12,WATCH,ORANGE,HVO Kilauea ORANGE/WATCH - Episode 35 of the ongoing Halemaʻumaʻu eruption ended October 18. Summit inflation and tremor continue. Preliminary forecast for episode 36 is November 5–11,DOI-USGS-HVO-2025-10-27T17:49:28+00:00,https://volcanoes.usgs.gov/hans2/view/notice/DOI-USGS-HVO-2025-10-27T17:49:28+00:00,Kilauea,Very High Threat,False
2025-10-27 22:17:49,2025-10-27 18:26:12,2025-10-27 18:26:12,WATCH,ORANGE,HVO Kilauea ORANGE/WATCH - Episode 35 of the ongoing Halemaʻumaʻu eruption ended October 18. Summit inflation and tremor continue. Preliminary forecast for episode 36 is November 5–11,DOI-USGS-HVO-2025-10-27T17:49:28+00:00,https://volcanoes.usgs.gov/hans2/view/notice/DOI-USGS-HVO-2025-10-27T17:49:28+00:00,Kilauea,Very High Threat,False
2025-10-27 23:17:27,2025-10-27 18:26:12,2025-10-27 18:26:12,WATCH,ORANGE,HVO Kilauea ORANGE/WATCH - Episode 35 of the ongoing Halemaʻumaʻu eruption ended October 18. Summit inflation and tremor continue. Preliminary forecast for episode 36 is November 5–11,DOI-USGS-HVO-2025-10-27T17:49:28+00:00,https://volcanoes.usgs.gov/hans2/view/notice/DOI-USGS-HVO-2025-10-27T17:49:28+00:00,Kilauea,Very High Threat,False
2025-10-28 01:25:16,2025-10-27 18:26:12,2025-10-27 18:26:12,WATCH,ORANGE,HVO Kilauea ORANGE/WATCH - Episode 35 of the ongoing Halemaʻumaʻu eruption ended October 18. Summit inflation and tremor continue. Preliminary forecast for episode 36 is November 5–11,DOI-USGS-HVO-2025-10-27T17:49:28+00:00,https://volcanoes.usgs.gov/hans2/view/notice/DOI-USGS-HVO-2025-10-27T17:49:28+00:00,Kilauea,Very High Threat,False
2025-10-28 03:07:10,2025-10-27 18:26:12,2025-10-27 18:26:12,WATCH,ORANGE,HVO Kilauea ORANGE/WATCH - Episode 35 of the ongoing Halemaʻumaʻu eruption ended October 18. Summit inflation and tremor continue. Preliminary forecast for episode 36 is November 5–11,DOI-USGS-HVO-2025-10-27T17:49:28+00:00,https://volcanoes.usgs.gov/hans2/view/notice/DOI-USGS-HVO-2025-10-27T17:49:28+00:00,Kilauea,Very High Threat,False
2025-10-28 04:22:35,2025-10-27 18:26:12,2025-10-27 18:26:12,WATCH,ORANGE,HVO Kilauea ORANGE/WATCH - Episode 35 of the ongoing Halemaʻumaʻu eruption ended October 18. Summit inflation and tremor continue. Preliminary forecast for episode 36 is November 5–11,DOI-USGS-HVO-2025-10-27T17:49:28+00:00,https://volcanoes.usgs.gov/hans2/view/notice/DOI-USGS-HVO-2025-10-27T17:49:28+00:00,Kilauea,Very High Threat,False
2025-10-28 05:20:02,2025-10-27 18:26:12,2025-10-27 18:26:12,WATCH,ORANGE,HVO Kilauea ORANGE/WATCH - Episode 35 of the ongoing Halemaʻumaʻu eruption ended October 18. Summit inflation and tremor continue. Preliminary forecast for episode 36 is November 5–11,DOI-USGS-HVO-2025-10-27T17:49:28+00:00,https://volcanoes.usgs.gov/hans2/view/notice/DOI-USGS-HVO-2025-10-27T17:49:28+00:00,Kilauea,Very High Threat,False
2025-10-28 06:30:52,2025-10-27 18:26:12,2025-10-27 18:26:12,WATCH,ORANGE,HVO Kilauea ORANGE/WATCH - Episode 35 of the ongoing Halemaʻumaʻu eruption ended October 18. Summit inflation and tremor continue. Preliminary forecast for episode 36 is November 5–11,DOI-USGS-HVO-2025-10-27T17:49:28+00:00,https://volcanoes.usgs.gov/hans2/view/notice/DOI-USGS-HVO-2025-10-27T17:49:28+00:00,Kilauea,Very High Threat,False
2025-10-28 07:18:56,2025-10-27 18:26:12,2025-10-27 18:26:12,WATCH,ORANGE,HVO Kilauea ORANGE/WATCH - Episode 35 of the ongoing Halemaʻumaʻu eruption ended October 18. Summit inflation and tremor continue. Preliminary forecast for episode 36 is November 5–11,DOI-USGS-HVO-2025-10-27T17:49:28+00:00,https://volcanoes.usgs.gov/hans2/view/notice/DOI-USGS-HVO-2025-10-27T17:49:28+00:00,Kilauea,Very High Threat,False
2025-10-28 08:27:15,2025-10-27 18:26:12,2025-10-27 18:26:12,WATCH,ORANGE,HVO Kilauea ORANGE/WATCH - Episode 35 of the ongoing Halemaʻumaʻu eruption ended October 18. Summit inflation and tremor continue. Preliminary forecast for episode 36 is November 5–11,DOI-USGS-HVO-2025-10-27T17:49:28+00:00,https://volcanoes.usgs.gov/hans2/view/notice/DOI-USGS-HVO-2025-10-27T17:49:28+00:00,Kilauea,Very High Threat,False
2025-10-28 09:21:22,2025-10-27 18:26:12,2025-10-27 18:26:12,WATCH,ORANGE,HVO Kilauea ORANGE/WATCH - Episode 35 of the ongoing Halemaʻumaʻu eruption ended October 18. Summit inflation and tremor continue. Preliminary forecast for episode 36 is November 5–11,DOI-USGS-HVO-2025-10-27T17:49:28+00:00,https://volcanoes.usgs.gov/hans2/view/notice/DOI-USGS-HVO-2025-10-27T17:49:28+00:00,Kilauea,Very High Threat,False
2025-10-28 10:22:06,2025-10-27 18:26:12,2025-10-27 18:26:12,WATCH,ORANGE,HVO Kilauea ORANGE/WATCH - Episode 35 of the ongoing Halemaʻumaʻu eruption ended October 18. Summit inflation and tremor continue. Preliminary forecast for episode 36 is November 5–11,DOI-USGS-HVO-2025-10-27T17:49:28+00:00,https://volcanoes.usgs.gov/hans2/view/notice/DOI-USGS-HVO-2025-10-27T17:49:28+00:00,Kilauea,Very High Threat,False
2025-10-28 11:16:27,2025-10-27 18:26:12,2025-10-27 18:26:12,WATCH,ORANGE,HVO Kilauea ORANGE/WATCH - Episode 35 of the ongoing Halemaʻumaʻu eruption ended October 18. Summit inflation and tremor continue. Preliminary forecast for episode 36 is November 5–11,DOI-USGS-HVO-2025-10-27T17:49:28+00:00,https://volcanoes.usgs.gov/hans2/view/notice/DOI-USGS-HVO-2025-10-27T17:49:28+00:00,Kilauea,Very High Threat,False
2025-10-28 12:40:13,2025-10-27 18:26:12,2025-10-27 18:26:12,WATCH,ORANGE,HVO Kilauea ORANGE/WATCH - Episode 35 of the ongoing Halemaʻumaʻu eruption ended October 18. Summit inflation and tremor continue. Preliminary forecast for episode 36 is November 5–11,DOI-USGS-HVO-2025-10-27T17:49:28+00:00,https://volcanoes.usgs.gov/hans2/view/notice/DOI-USGS-HVO-2025-10-27T17:49:28+00:00,Kilauea,Very High Threat,False
2025-10-28 13:30:34,2025-10-27 18:26:12,2025-10-27 18:26:12,WATCH,ORANGE,HVO Kilauea ORANGE/WATCH - Episode 35 of the ongoing Halemaʻumaʻu eruption ended October 18. Summit inflation and tremor continue. Preliminary forecast for episode 36 is November 5–11,DOI-USGS-HVO-2025-10-27T17:49:28+00:00,https://volcanoes.usgs.gov/hans2/view/notice/DOI-USGS-HVO-2025-10-27T17:49:28+00:00,Kilauea,Very High Threat,False
2025-10-28 14:20:26,2025-10-27 18:26:12,2025-10-27 18:26:12,WATCH,ORANGE,HVO Kilauea ORANGE/WATCH - Episode 35 of the ongoing Halemaʻumaʻu eruption ended October 18. Summit inflation and tremor continue. Preliminary forecast for episode 36 is November 5–11,DOI-USGS-HVO-2025-10-27T17:49:28+00:00,https://volcanoes.usgs.gov/hans2/view/notice/DOI-USGS-HVO-2025-10-27T17:49:28+00:00,Kilauea,Very High Threat,False
2025-10-28 15:22:21,2025-10-27 18:26:12,2025-10-27 18:26:12,WATCH,ORANGE,HVO Kilauea ORANGE/WATCH - Episode 35 of the ongoing Halemaʻumaʻu eruption ended October 18. Summit inflation and tremor continue. Preliminary forecast for episode 36 is November 5–11,DOI-USGS-HVO-2025-10-27T17:49:28+00:00,https://volcanoes.usgs.gov/hans2/view/notice/DOI-USGS-HVO-2025-10-27T17:49:28+00:00,Kilauea,Very High Threat,False
2025-10-28 16:27:05,2025-10-27 18:26:12,2025-10-27 18:26:12,WATCH,ORANGE,HVO Kilauea ORANGE/WATCH - Episode 35 of the ongoing Halemaʻumaʻu eruption ended October 18. Summit inflation and tremor continue. Preliminary forecast for episode 36 is November 5–11,DOI-USGS-HVO-2025-10-27T17:49:28+00:00,https://volcanoes.usgs.gov/hans2/view/notice/DOI-USGS-HVO-2025-10-27T17:49:28+00:00,Kilauea,Very High Threat,False
2025-10-28 17:18:57,2025-10-27 18:26:12,2025-10-27 18:26:12,WATCH,ORANGE,HVO Kilauea ORANGE/WATCH - Episode 35 of the ongoing Halemaʻumaʻu eruption ended October 18. Summit inflation and tremor continue. Preliminary forecast for episode 36 is November 5–11,DOI-USGS-HVO-2025-10-27T17:49:28+00:00,https://volcanoes.usgs.gov/hans2/view/notice/DOI-USGS-HVO-2025-10-27T17:49:28+00:00,Kilauea,Very High Threat,False
2025-10-28 18:30:07,2025-10-28 18:20:10,2025-10-28 18:20:10,WATCH,ORANGE,HVO Kilauea ORANGE/WATCH - Episode 35 of the ongoing Halemaʻumaʻu eruption ended October 18. Summit inflation and tremor continue. Preliminary forecast for episode 36 is November 5–11,DOI-USGS-HVO-2025-10-28T17:44:13+00:00,https://volcanoes.usgs.gov/hans2/view/notice/DOI-USGS-HVO-2025-10-28T17:44:13+00:00,Kilauea,Very High Threat,True
2025-10-28 19:15:52,2025-10-28 18:20:10,2025-10-28 18:20:10,WATCH,ORANGE,HVO Kilauea ORANGE/WATCH - Episode 35 of the ongoing Halemaʻumaʻu eruption ended October 18. Summit inflation and tremor continue. Preliminary forecast for episode 36 is November 5–11,DOI-USGS-HVO-2025-10-28T17:44:13+00:00,https://volcanoes.usgs.gov/hans2/view/notice/DOI-USGS-HVO-2025-10-28T17:44:13+00:00,Kilauea,Very High Threat,False
2025-10-28 20:22:44,2025-10-28 18:20:10,2025-10-28 18:20:10,WATCH,ORANGE,HVO Kilauea ORANGE/WATCH - Episode 35 of the ongoing Halemaʻumaʻu eruption ended October 18. Summit inflation and tremor continue. Preliminary forecast for episode 36 is November 5–11,DOI-USGS-HVO-2025-10-28T17:44:13+00:00,https://volcanoes.usgs.gov/hans2/view/notice/DOI-USGS-HVO-2025-10-28T17:44:13+00:00,Kilauea,Very High Threat,False
2025-10-28 21:18:09,2025-10-28 18:20:10,2025-10-28 18:20:10,WATCH,ORANGE,HVO Kilauea ORANGE/WATCH - Episode 35 of the ongoing Halemaʻumaʻu eruption ended October 18. Summit inflation and tremor continue. Preliminary forecast for episode 36 is November 5–11,DOI-USGS-HVO-2025-10-28T17:44:13+00:00,https://volcanoes.usgs.gov/hans2/view/notice/DOI-USGS-HVO-2025-10-28T17:44:13+00:00,Kilauea,Very High Threat,False
2025-10-28 22:18:50,2025-10-28 18:20:10,2025-10-28 18:20:10,WATCH,ORANGE,HVO Kilauea ORANGE/WATCH - Episode 35 of the ongoing Halemaʻumaʻu eruption ended October 18. Summit inflation and tremor continue. Preliminary forecast for episode 36 is November 5–11,DOI-USGS-HVO-2025-10-28T17:44:13+00:00,https://volcanoes.usgs.gov/hans2/view/notice/DOI-USGS-HVO-2025-10-28T17:44:13+00:00,Kilauea,Very High Threat,False
2025-10-28 23:17:55,2025-10-28 18:20:10,2025-10-28 18:20:10,WATCH,ORANGE,HVO Kilauea ORANGE/WATCH - Episode 35 of the ongoing Halemaʻumaʻu eruption ended October 18. Summit inflation and tremor continue. Preliminary forecast for episode 36 is November 5–11,DOI-USGS-HVO-2025-10-28T17:44:13+00:00,https://volcanoes.usgs.gov/hans2/view/notice/DOI-USGS-HVO-2025-10-28T17:44:13+00:00,Kilauea,Very High Threat,False
2025-10-29 01:39:17,2025-10-28 18:20:10,2025-10-28 18:20:10,WATCH,ORANGE,HVO Kilauea ORANGE/WATCH - Episode 35 of the ongoing Halemaʻumaʻu eruption ended October 18. Summit inflation and tremor continue. Preliminary forecast for episode 36 is November 5–11,DOI-USGS-HVO-2025-10-28T17:44:13+00:00,https://volcanoes.usgs.gov/hans2/view/notice/DOI-USGS-HVO-2025-10-28T17:44:13+00:00,Kilauea,Very High Threat,False
2025-10-29 03:15:24,2025-10-28 18:20:10,2025-10-28 18:20:10,WATCH,ORANGE,HVO Kilauea ORANGE/WATCH - Episode 35 of the ongoing Halemaʻumaʻu eruption ended October 18. Summit inflation and tremor continue. Preliminary forecast for episode 36 is November 5–11,DOI-USGS-HVO-2025-10-28T17:44:13+00:00,https://volcanoes.usgs.gov/hans2/view/notice/DOI-USGS-HVO-2025-10-28T17:44:13+00:00,Kilauea,Very High Threat,False
2025-10-29 04:26:36,2025-10-28 18:20:10,2025-10-28 18:20:10,WATCH,ORANGE,HVO Kilauea ORANGE/WATCH - Episode 35 of the ongoing Halemaʻumaʻu eruption ended October 18. Summit inflation and tremor continue. Preliminary forecast for episode 36 is November 5–11,DOI-USGS-HVO-2025-10-28T17:44:13+00:00,https://volcanoes.usgs.gov/hans2/view/notice/DOI-USGS-HVO-2025-10-28T17:44:13+00:00,Kilauea,Very High Threat,False
2025-10-29 05:19:54,2025-10-28 18:20:10,2025-10-28 18:20:10,WATCH,ORANGE,HVO Kilauea ORANGE/WATCH - Episode 35 of the ongoing Halemaʻumaʻu eruption ended October 18. Summit inflation and tremor continue. Preliminary forecast for episode 36 is November 5–11,DOI-USGS-HVO-2025-10-28T17:44:13+00:00,https://volcanoes.usgs.gov/hans2/view/notice/DOI-USGS-HVO-2025-10-28T17:44:13+00:00,Kilauea,Very High Threat,False
2025-10-29 06:31:17,2025-10-28 18:20:10,2025-10-28 18:20:10,WATCH,ORANGE,HVO Kilauea ORANGE/WATCH - Episode 35 of the ongoing Halemaʻumaʻu eruption ended October 18. Summit inflation and tremor continue. Preliminary forecast for episode 36 is November 5–11,DOI-USGS-HVO-2025-10-28T17:44:13+00:00,https://volcanoes.usgs.gov/hans2/view/notice/DOI-USGS-HVO-2025-10-28T17:44:13+00:00,Kilauea,Very High Threat,False
2025-10-29 07:19:21,2025-10-28 18:20:10,2025-10-28 18:20:10,WATCH,ORANGE,HVO Kilauea ORANGE/WATCH - Episode 35 of the ongoing Halemaʻumaʻu eruption ended October 18. Summit inflation and tremor continue. Preliminary forecast for episode 36 is November 5–11,DOI-USGS-HVO-2025-10-28T17:44:13+00:00,https://volcanoes.usgs.gov/hans2/view/notice/DOI-USGS-HVO-2025-10-28T17:44:13+00:00,Kilauea,Very High Threat,False
2025-10-29 08:27:29,2025-10-28 18:20:10,2025-10-28 18:20:10,WATCH,ORANGE,HVO Kilauea ORANGE/WATCH - Episode 35 of the ongoing Halemaʻumaʻu eruption ended October 18. Summit inflation and tremor continue. Preliminary forecast for episode 36 is November 5–11,DOI-USGS-HVO-2025-10-28T17:44:13+00:00,https://volcanoes.usgs.gov/hans2/view/notice/DOI-USGS-HVO-2025-10-28T17:44:13+00:00,Kilauea,Very High Threat,False
2025-10-29 09:20:46,2025-10-28 18:20:10,2025-10-28 18:20:10,WATCH,ORANGE,HVO Kilauea ORANGE/WATCH - Episode 35 of the ongoing Halemaʻumaʻu eruption ended October 18. Summit inflation and tremor continue. Preliminary forecast for episode 36 is November 5–11,DOI-USGS-HVO-2025-10-28T17:44:13+00:00,https://volcanoes.usgs.gov/hans2/view/notice/DOI-USGS-HVO-2025-10-28T17:44:13+00:00,Kilauea,Very High Threat,False
2025-10-29 10:21:57,2025-10-28 18:20:10,2025-10-28 18:20:10,WATCH,ORANGE,HVO Kilauea ORANGE/WATCH - Episode 35 of the ongoing Halemaʻumaʻu eruption ended October 18. Summit inflation and tremor continue. Preliminary forecast for episode 36 is November 5–11,DOI-USGS-HVO-2025-10-28T17:44:13+00:00,https://volcanoes.usgs.gov/hans2/view/notice/DOI-USGS-HVO-2025-10-28T17:44:13+00:00,Kilauea,Very High Threat,False
2025-10-29 11:17:23,2025-10-28 18:20:10,2025-10-28 18:20:10,WATCH,ORANGE,HVO Kilauea ORANGE/WATCH - Episode 35 of the ongoing Halemaʻumaʻu eruption ended October 18. Summit inflation and tremor continue. Preliminary forecast for episode 36 is November 5–11,DOI-USGS-HVO-2025-10-28T17:44:13+00:00,https://volcanoes.usgs.gov/hans2/view/notice/DOI-USGS-HVO-2025-10-28T17:44:13+00:00,Kilauea,Very High Threat,False
2025-10-29 12:42:06,2025-10-28 18:20:10,2025-10-28 18:20:10,WATCH,ORANGE,HVO Kilauea ORANGE/WATCH - Episode 35 of the ongoing Halemaʻumaʻu eruption ended October 18. Summit inflation and tremor continue. Preliminary forecast for episode 36 is November 5–11,DOI-USGS-HVO-2025-10-28T17:44:13+00:00,https://volcanoes.usgs.gov/hans2/view/notice/DOI-USGS-HVO-2025-10-28T17:44:13+00:00,Kilauea,Very High Threat,False
2025-10-29 13:32:54,2025-10-28 18:20:10,2025-10-28 18:20:10,WATCH,ORANGE,HVO Kilauea ORANGE/WATCH - Episode 35 of the ongoing Halemaʻumaʻu eruption ended October 18. Summit inflation and tremor continue. Preliminary forecast for episode 36 is November 5–11,DOI-USGS-HVO-2025-10-28T17:44:13+00:00,https://volcanoes.usgs.gov/hans2/view/notice/DOI-USGS-HVO-2025-10-28T17:44:13+00:00,Kilauea,Very High Threat,False
2025-10-29 14:21:25,2025-10-28 18:20:10,2025-10-28 18:20:10,WATCH,ORANGE,HVO Kilauea ORANGE/WATCH - Episode 35 of the ongoing Halemaʻumaʻu eruption ended October 18. Summit inflation and tremor continue. Preliminary forecast for episode 36 is November 5–11,DOI-USGS-HVO-2025-10-28T17:44:13+00:00,https://volcanoes.usgs.gov/hans2/view/notice/DOI-USGS-HVO-2025-10-28T17:44:13+00:00,Kilauea,Very High Threat,False
2025-10-29 15:22:29,2025-10-28 18:20:10,2025-10-28 18:20:10,WATCH,ORANGE,HVO Kilauea ORANGE/WATCH - Episode 35 of the ongoing Halemaʻumaʻu eruption ended October 18. Summit inflation and tremor continue. Preliminary forecast for episode 36 is November 5–11,DOI-USGS-HVO-2025-10-28T17:44:13+00:00,https://volcanoes.usgs.gov/hans2/view/notice/DOI-USGS-HVO-2025-10-28T17:44:13+00:00,Kilauea,Very High Threat,False
2025-10-29 16:27:03,2025-10-28 18:20:10,2025-10-28 18:20:10,WATCH,ORANGE,HVO Kilauea ORANGE/WATCH - Episode 35 of the ongoing Halemaʻumaʻu eruption ended October 18. Summit inflation and tremor continue. Preliminary forecast for episode 36 is November 5–11,DOI-USGS-HVO-2025-10-28T17:44:13+00:00,https://volcanoes.usgs.gov/hans2/view/notice/DOI-USGS-HVO-2025-10-28T17:44:13+00:00,Kilauea,Very High Threat,False
2025-10-29 17:18:57,2025-10-28 18:20:10,2025-10-28 18:20:10,WATCH,ORANGE,HVO Kilauea ORANGE/WATCH - Episode 35 of the ongoing Halemaʻumaʻu eruption ended October 18. Summit inflation and tremor continue. Preliminary forecast for episode 36 is November 5–11,DOI-USGS-HVO-2025-10-28T17:44:13+00:00,https://volcanoes.usgs.gov/hans2/view/notice/DOI-USGS-HVO-2025-10-28T17:44:13+00:00,Kilauea,Very High Threat,False
2025-10-29 18:29:33,2025-10-28 18:20:10,2025-10-28 18:20:10,WATCH,ORANGE,HVO Kilauea ORANGE/WATCH - Episode 35 of the ongoing Halemaʻumaʻu eruption ended October 18. Summit inflation and tremor continue. Preliminary forecast for episode 36 is November 5–11,DOI-USGS-HVO-2025-10-28T17:44:13+00:00,https://volcanoes.usgs.gov/hans2/view/notice/DOI-USGS-HVO-2025-10-28T17:44:13+00:00,Kilauea,Very High Threat,False
2025-10-29 19:15:32,2025-10-29 18:44:53,2025-10-29 18:44:53,WATCH,ORANGE,HVO Kilauea ORANGE/WATCH - Episode 35 of the ongoing Halemaʻumaʻu eruption ended October 18. Summit inflation and tremor continue. Preliminary forecast for episode 36 is November 5–11,DOI-USGS-HVO-2025-10-29T17:52:39+00:00,https://volcanoes.usgs.gov/hans2/view/notice/DOI-USGS-HVO-2025-10-29T17:52:39+00:00,Kilauea,Very High Threat,True
2025-10-29 20:22:34,2025-10-29 18:44:53,2025-10-29 18:44:53,WATCH,ORANGE,HVO Kilauea ORANGE/WATCH - Episode 35 of the ongoing Halemaʻumaʻu eruption ended October 18. Summit inflation and tremor continue. Preliminary forecast for episode 36 is November 5–11,DOI-USGS-HVO-2025-10-29T17:52:39+00:00,https://volcanoes.usgs.gov/hans2/view/notice/DOI-USGS-HVO-2025-10-29T17:52:39+00:00,Kilauea,Very High Threat,False
2025-10-29 21:18:20,2025-10-29 18:44:53,2025-10-29 18:44:53,WATCH,ORANGE,HVO Kilauea ORANGE/WATCH - Episode 35 of the ongoing Halemaʻumaʻu eruption ended October 18. Summit inflation and tremor continue. Preliminary forecast for episode 36 is November 5–11,DOI-USGS-HVO-2025-10-29T17:52:39+00:00,https://volcanoes.usgs.gov/hans2/view/notice/DOI-USGS-HVO-2025-10-29T17:52:39+00:00,Kilauea,Very High Threat,False
