y_true,y_pred
-3.0,2.3992944080062264
4.7,3.0659837869922817
2.0,3.3852063147652647
5.0,3.6402711334655424
8.0,3.2348058774132187
11.0,3.810040053876559
5.0,3.763433357982619
11.0,3.630547807299675
7.0,3.601197570389081
1.0,3.952374323336921
2.0,3.5709349601542906
3.1,3.7435852407989145
-4.0,3.4832491340050056
8.0,3.4105047512367332
2.7,1.8239568513886393
0.0,2.5588891334136767
3.0,2.4656686139430373
-1.0,2.2893512096830073
1.3,2.4977058088549833
2.0,2.5419372705006715
6.0,2.4291854426850854
1.0,2.2913388748198282
7.6,2.2295514114103634
-1.0,2.4744258921711735
-2.0,2.348786264982088
6.0,2.551821977290606
2.0,4.014347357423967
-3.0,3.1886924527302463
3.0,3.1359723407229163
4.6,3.481004962862185
5.0,3.4489876569701803
14.0,3.6353017281610613
2.0,2.995794451201767
2.0,2.995794451201767
0.0,2.724754994694835
-9.0,2.5747129065470804
2.0,2.1704385229445657
1.0,2.2615263799281755
1.0,2.2438073787496755
5.4,2.547423764163145
-4.0,2.5241110599800174
1.0,2.4937006268757087
2.0,2.201103895388744
0.0,2.005443257075916
4.2,2.124930670520174
3.0,2.23328245886692
0.0,2.456244006766184
3.0,2.6739814419408856
-6.0,2.5157597721342
8.0,3.1329331065952712
5.0,3.9350929301749145
1.5,3.2705232770896884
3.0,3.2823196341774223
5.0,3.269827643520287
6.0,3.216378448997454
3.0,3.311414774254144
2.0,3.284684284244367
-4.0,3.184171792000403
2.9,3.0942140114263177
-1.0,2.911837932777947
2.0,3.0025064147951186
4.0,2.4633200120217533
-2.0,1.8810230613675427
4.0,1.9388258251911248
-1.0,1.832163711245626
2.0,2.389634617428446
3.0,3.0367330687662424
4.0,2.1525910437647573
1.0,2.103646838341974
4.0,2.1929512701718674
-2.0,2.6703467598758315
-3.0,2.0367388117237932
0.0,1.8799460368610568
1.0,3.620904512649667
5.0,3.7479398299134106
9.0,3.159842093089475
-4.2,4.3320138112473865
2.5,3.26378164682319
5.0,3.1157930465878234
3.0,3.1157930465878234
2.2,3.620942236327614
2.0,2.957912818481984
4.0,3.430954660803964
3.0,2.987500099852147
3.0,3.4532694905660866
2.9,1.9157364487060937
4.0,1.9788867574775306
0.0,2.3133941283836013
2.0,1.8815559616926298
2.0,2.7816069482404644
1.0,2.756238813746502
1.0,2.4477898633227357
0.0,2.3237375642213602
6.3,2.286248171280324
4.0,2.336665677508909
3.0,2.453085728454182
1.0,2.4826752872639597
3.2,3.994072334507317
2.0,3.3126078216536428
14.0,3.7472706511587224
3.2,3.8064174929261494
2.9,3.3685770280914022
-4.0,3.541083969378594
4.0,3.4089174706963425
5.0,3.1027195047314025
4.0,3.485901231876086
5.0,3.5362087605894694
0.0,3.082391976547938
-4.0,2.3031787904559393
-1.0,2.7753391331245636
3.0,1.8719652796976818
3.2,2.0503560250828676
0.0,2.4408065316122816
-1.0,2.688721606183236
5.0,2.5767507928944835
2.0,2.28291181961591
5.0,2.2140669969415843
-2.0,2.5719917313511944
1.0,2.387987111904764
1.0,2.553658009192776
-1.0,3.024679048685613
8.0,3.591410707552016
7.0,3.1816293738520383
2.0,3.2031493527495134
5.6,3.166615915931192
-2.0,3.336206104539233
2.0,3.336206104539233
-8.0,3.1703316303024742
4.0,3.375953948297574
-2.0,3.375953948297574
9.0,3.332865814321392
-8.0,3.907150291698991
0.0,3.47679399479726
8.0,3.0707871389118457
4.0,2.9488914238101303
0.0,2.3954548006916103
2.0,2.687495900681903
5.5,2.526535742482523
1.0,2.2824069054107397
7.0,2.8554340919755106
3.0,2.317621046915815
1.0,2.2168975371607713
1.0,2.1110461634864133
-2.2,1.9887678278714411
3.8,2.6845449365576997
11.0,2.2157074010345057
6.0,3.837288212676751
1.0,3.323702830315524
-2.0,3.382498575210968
2.0,3.2995594902177676
1.0,3.385968637605495
8.0,3.4837829285720963
9.0,4.529214962695108
5.8,3.9384653274381938
4.0,2.934417309536317
4.0,3.2052851968441782
0.0,2.7520835966609964
3.0,3.049850430968066
4.0,3.5462533839586223
4.0,2.819921337193136
6.0,2.2348788074803014
3.0,2.2299856809580954
2.0,2.250021459876277
3.0,2.065970423506719
1.0,2.238138087369403
0.5,2.1805987398360407
3.0,2.2084402333213657
-2.0,2.6018431992998585
2.0,2.104720455219908
-2.0,3.8383653191761216
4.6,3.20960830703286
3.0,4.000317096396138
1.0,3.0705525154523583
3.0,3.120970021680943
12.0,3.0276998446434367
7.0,2.257359136000921
-4.0,2.6244117278311614
11.0,2.6642104959996638
-4.0,3.4009445442465887
5.3,2.42242049067453
7.0,3.070672438925751
1.0,2.5049516489374914
4.0,2.889486243956994
-5.0,2.987840774757508
2.0,2.668475333685618
1.0,2.3895125751557913
3.0,2.527082238211917
8.0,2.5429680033322772
1.0,2.6379350632314025
1.0,3.048595290873558
6.0,2.792942472443338
-2.0,2.9456047328274013
6.0,2.2445462180010405
0.0,2.3399581813331163
4.0,3.86394350977662
1.0,4.074087466087426
6.0,3.1053951499425505
-1.0,3.579813447588652
8.0,3.7970187265094584
3.0,4.0252635166607105
3.0,2.804562934526747
9.0,3.267680268410912
-2.0,2.641723319011052
4.0,2.411159432022996
1.0,2.214838753405178
5.0,3.2790000567424675
1.0,2.2888123620842267
0.0,2.16504699978464
1.0,2.7572024451395407
4.0,2.7077684306891636
1.0,2.2493843015150667
6.0,2.164666244421064
-1.0,2.3726287370539922
3.0,2.271344383692864
2.0,2.29391874922534
8.0,2.341328651370098
3.0,2.4821208855107018
4.5,2.7316800523054034
4.0,3.4967441458199984
3.0,4.562457592634835
6.0,3.229292941598554
2.0,2.6683816072133353
4.0,3.253975776269822
2.0,4.008329136393188
9.0,3.2435440433969864
1.0,3.380455511770299
2.0,2.3981135975070798
4.0,2.8307285341226702
5.6,2.589389700868371
4.0,3.1609966761901833
0.0,2.3478691330980155
1.0,2.844890604142387
0.0,2.460483502237003
5.0,2.1793379584341603
4.8,2.116755382790701
0.0,1.70676756944009
9.1,2.4133109709448797
4.0,2.3833140315672496
-2.0,2.325736381169101
7.5,3.903030552780031
9.0,2.886627219295602
1.0,5.382332098669552
10.0,4.319968081456651
5.0,3.5841319725574263
6.0,2.491506868037876
-1.0,2.799769451676373
6.0,2.2186498339503107
-3.0,2.5256239380312673
-2.0,2.654905454663698
-2.0,3.5862382950065848
1.0,2.482153692024558
3.0,3.5862382950065848
5.1,2.682376404802028
2.0,2.479394000338099
-3.0,3.15131430753891
6.0,3.0268862672722965
8.6,2.381676310579036
1.3,2.3385881766028542
3.0,2.886009673344585
0.0,2.0739323705348194
4.0,2.8349067029541604
0.0,2.168295292095221
6.0,2.2211255090972815
3.0,3.1685445228416516
5.0,4.892515741956335
0.5,4.067801475218169
9.0,5.030000313343716
3.1,3.3456566435990087
1.0,4.599946985575871
4.3,3.3193796080121287
8.0,3.361527987080395
-1.0,2.575006519144189
9.0,2.7215731396568197
5.0,2.7339429923059533
0.0,2.164666244421064
4.0,3.3445875808695975
1.0,2.5802820955272066
-2.0,2.5725540529019213
0.0,2.8340519257170067
-4.0,2.46731293316507
0.0,3.1879252113530443
5.5,2.328092628550139
3.0,2.5245693404161718
5.2,2.2873117678725503
5.4,2.3684683724794784
1.0,2.291429896629587
5.0,2.6775915533570847
6.0,3.088659879065985
13.0,3.810303742287515
3.0,3.497765210850045
3.0,3.5735893528105245
5.0,3.4662431472836155
1.0,3.5099186774074904
5.7,3.7932412528609585
4.8,4.365788851712316
4.0,4.277720958111244
5.5,3.773571993475704
1.0,3.6344941157420223
3.0,3.1712626833047994
7.0,2.694995562497043
5.0,2.3304140654158263
3.4,2.6789567034919286
2.0,2.6883281259493397
1.0,2.7470664586421556
0.0,2.0912304043780185
5.8,1.9987522464434944
5.0,2.072661237246195
3.0,2.2265430985624497
0.0,2.3900570919896618
4.0,2.630548829446556
0.0,2.437451883918871
3.2,2.231606423540422
6.0,3.7579120688550263
5.0,3.677864234463609
6.0,3.6419900490748907
6.6,3.2892314169571377
1.0,3.1870028490159843
1.0,3.811982905715962
-8.0,2.8891662678467673
9.0,3.143810578855911
3.0,3.0354915193718424
4.0,2.428789703099158
-7.0,2.650179560873384
3.1,2.225736140564632
2.0,2.0990412118255675
4.0,2.541336518169226
3.9,2.403388820928284
-5.0,2.403388820928284
3.0,2.251015300574076
1.0,2.235503055107782
0.0,2.2426098588086263
1.0,2.1788095210775738
3.9,2.191475311148188
4.2,2.052071484447271
-2.0,1.893406879244141
1.0,2.3840616170563464
-1.0,2.4101813522926454
-4.0,2.681244634395385
4.0,2.8873258574415743
3.1,2.663153421749948
0.7,2.6478822323517774
4.7,3.0033990977052314
3.0,2.990549630366329
-1.0,2.643042778523917
-1.0,2.791097628722615
4.0,2.5572561996606127
3.0,2.2074922021289156
-2.0,2.1830741339465765
3.0,2.5828773353164864
7.0,2.539115078767318
1.0,2.0488135304620014
2.0,2.1641335616177564
0.0,2.152391623395008
2.0,3.3002691183831128
-1.0,2.388894359928427
0.0,2.0141197457210365
-2.0,2.264596458007936
3.1,1.5667766586033796
1.0,2.146127796315864
-1.0,2.411933099762723
4.0,2.884076220761376
1.3,2.6664382854784687
3.0,2.6750957138434504
-3.0,2.707826661005512
0.0,2.5199600059122518
0.1,2.7347322501327267
1.0,2.304798294469754
3.0,2.4951281647720953
4.0,2.658642613494861
2.0,2.3349018420066012
2.0,1.721678816198231
3.2,1.783036668367175
1.0,1.928256975495702
0.0,2.1755007590236053
4.0,2.2132415209019354
2.0,2.271344383692864
-3.0,2.1990316184224956
2.0,1.8895992399837476
2.0,3.3741045154334053
-2.0,3.608836438502805
-2.0,3.8350331348256166
3.2,3.929067798549465
3.0,3.7384452603034313
-1.0,2.143577872299145
3.0,4.254354058881651
2.9,3.88026384501437
8.0,4.690130621967563
-1.0,3.85636998254343
-5.0,3.5462409507550126
-8.0,4.690249846217231
3.5,3.8140471219729086
5.0,3.5898800454809052
4.0,3.2372238129163144
1.0,3.065420028771874
1.0,2.5226273913280264
-1.0,2.821219793985984
0.0,1.8729075720477508
-4.0,2.2656893975149033
2.0,3.640038175920739
2.8,2.1096972764997157
2.6,2.1601147827283005
2.7,2.0439498632267177
2.5,1.9258167664120343
2.2,2.021821472644061
0.0,2.5170646967212034
5.0,1.9985714729597446
-3.0,2.174266129524144
4.0,3.520779303563481
4.0,2.7954241444193397
-4.0,3.324593778992133
2.0,3.528567687889274
1.0,2.9786483501539154
2.2,2.9993207206448895
2.0,2.9482275828157154
3.0,2.6573523796978527
7.0,3.130263106797353
2.0,2.638361014704676
-3.0,2.945754525581728
4.0,2.1514429981069036
1.0,2.3867192186653527
3.0,2.1810565594283173
4.0,2.1817926767914453
0.0,1.7722793819006348
4.2,1.7147137490578046
2.0,1.6822851913041958
3.0,2.387726347646568
3.4,2.22912277069169
3.0,1.8788290591563244
1.5,2.2621419196680788
1.0,2.096990773699194
8.0,1.5600517245063221
6.0,2.5817172862871978
1.0,2.6679051891267913
4.0,2.866467989034803
8.0,2.8644416602802023
3.0,2.576549042534168
3.1,2.482305261682691
2.0,2.9826063527596447
3.0,2.7437232207291666
5.1,2.4885022254818896
-1.0,2.175945112113769
2.0,2.5199347441036744
0.0,2.204540233647267
1.0,2.416798550665757
-1.0,2.245842754114397
-3.0,1.9562763676736035
-4.0,1.8352458188828151
-3.0,2.168585163730481
3.0,1.648664046208056
1.0,1.9491892218388989
3.0,2.153654817168275
0.0,2.1247863331013344
2.0,1.9646649998849721
4.0,2.015820646760268
3.8,1.9497624983515283
0.0,2.756981431566296
2.0,2.7816976033856746
4.5,3.1763110543636315
6.2,4.189592222439818
-4.0,2.8116232571494484
0.0,2.7604676102741528
3.0,3.5944137630275024
1.0,2.860072899635971
5.0,2.812719290695578
-1.0,3.5545653691675976
2.0,3.090777137169993
0.0,2.4294430906666804
-1.0,2.255676559310466
3.0,2.344505100463888
-2.0,2.019369632516162
6.0,3.0092881223398082
3.0,1.887881513379757
7.0,1.875974985103452
2.0,2.598182854691023
4.0,2.0129152294749275
4.0,2.0936973630060765
1.0,2.077672342159568
-8.0,1.988603164571981
1.0,2.6611151087797147
-7.0,3.546689383618545
5.0,3.3362344470875045
3.2,3.103736217660828
1.0,2.7604676102741528
3.0,3.014092290922871
-2.0,3.307257528311876
0.0,3.0558075007933945
3.7,3.536679685539987
5.0,2.9174609048482925
2.0,2.732817878873508
4.0,2.4955117205802653
2.0,2.4748065545476012
7.0,2.220708565441503
0.0,2.255873114709165
0.0,2.343737927323576
-5.0,1.9939807266413883
3.0,2.1865184278219263
2.0,2.253946866792945
2.0,1.9020087159187042
2.0,2.0738898524519027
5.2,2.0232653644981857
0.0,2.129881317391473
-1.0,2.129881317391473
3.0,2.3057327175374014
1.0,3.0490040589200316
9.8,3.2727478744491068
3.0,3.2993805978632778
3.0,3.4235177861351924
-6.0,3.157129829854397
3.0,3.409873597701809
0.0,3.257643311898434
0.0,3.564674757426552
7.0,3.0503662058145022
3.0,3.2662703357770395
3.2,1.4193877882749775
5.0,2.5858931511783974
2.2,2.625052533049808
1.2,2.3416488302976832
0.0,2.4105742944760253
2.6,2.314353961723057
0.0,2.314353961723057
2.7,2.314353961723057
2.0,2.3201251778687912
2.0,2.3877821688515155
0.0,2.2628716723858666
4.0,2.1088642364792745
-4.0,2.2398584690233294
3.0,2.1016097851783937
3.0,3.3623308956399898
3.2,3.239891620307405
0.0,4.11658088268208
8.0,3.2006403525867047
1.0,3.2622664739171188
3.4,3.3555433817100435
3.3,3.6140363680888616
1.0,2.9383510593978817
1.0,2.921319289841181
3.0,2.5483485480188053
5.0,2.326288219310158
3.1,2.1472282928791873
0.0,2.068152750121329
2.7,2.2571312861388044
-2.0,1.9291952227890539
0.0,2.295110334918161
4.0,2.4104283720133433
4.0,2.224264177141696
1.0,1.9786602846179897
2.0,2.0219668704099663
-1.0,2.1592834936374645
3.0,2.091959637099215
-2.0,2.171703342173543
0.0,2.7603061132137188
3.2,2.176281796910187
7.0,2.476344480786378
6.0,2.8852443137848813
5.0,3.2789507222343013
1.0,3.380017326368775
1.0,2.935469380275324
-2.0,2.980839454931357
1.7,2.9578871906025723
3.0,2.872483774345651
1.8,2.9783025439912687
3.5,2.5712706178808986
1.0,2.243456029883316
2.0,3.2471871722330823
1.0,2.1268387250780383
0.0,2.2861281338294663
2.0,2.206224418719726
7.0,2.149225996944958
1.0,2.229665076540925
2.0,2.144702352369483
5.0,2.107904036881659
2.7,2.1070251931637918
1.0,2.2444861115189347
1.0,1.9937759406445033
9.0,2.2996840569890082
3.4,3.3182082998113334
3.0,3.872652456590216
2.0,3.37025511094029
2.0,3.470153832130793
2.0,3.4595249128199743
-7.0,3.5557154289805006
3.0,3.5355362500877208
-2.0,3.3020665270923324
2.0,2.912022089111947
1.0,2.167437733311057
5.0,2.804310107717304
-2.0,2.120734744214412
-1.0,2.476700977368036
2.0,2.197417066024051
-5.0,2.067628043139893
-2.0,2.2183115824172526
2.4,2.2882367521398175
2.9,2.4520730877324888
2.8,2.035070422894591
2.6,1.8799550911214924
1.0,1.8799550911214924
3.5,2.217356043442192
0.0,2.5417504154598687
-1.0,3.2312411995985877
3.0,3.5832634054866084
-2.0,3.4242354107882833
-2.0,3.4242354107882833
2.7,3.6749960182529726
3.4,3.2413444644430016
2.0,3.3855522586915154
-1.0,3.4253001024498557
0.0,3.92105907071166
1.0,3.214787657397199
2.0,3.115819774837801
1.0,3.1008443448559717
-1.0,3.252685452357965
2.0,3.0322813225538536
1.0,2.539746223175574
1.0,2.9215600524120955
1.0,2.006322494998147
-2.0,2.33574038519876
3.6,2.136484875135155
3.6,2.042160248754656
4.0,2.2150125482083247
3.0,2.098453790985909
-1.0,2.1088842058161466
-1.0,2.0867556014621895
-3.0,2.5516330677122223
1.0,2.9970515622270115
2.0,3.1918769112205503
-1.0,3.284684284244367
1.0,3.2151832470659953
1.0,2.595616099965545
5.0,3.047066261817578
3.0,3.208062684335183
0.0,3.290758904643544
0.0,2.84906303201981
2.7,3.018697300369957
-3.0,3.724653345346941
-1.0,1.9645957988280105
1.0,1.997285359012823
0.0,2.7665743516343997
2.0,2.3857500758340264
2.0,2.4936950273564613
4.0,2.1155956052010936
-1.0,2.4662770255594295
1.0,2.516275616059127
-2.0,1.9670683531666282
0.0,2.08503586554521
-1.0,2.0139149980781683
5.0,3.010152643223733
2.0,3.19104941465755
2.4,3.166615915931192
-1.0,3.86069434580194
1.0,3.3222821180591526
10.0,3.6593291551269314
7.0,4.255585605868506
3.0,4.051087779735065
5.0,3.0603546835760826
-2.0,4.86292658439561
2.0,4.819838450419428
2.0,4.125178798574355
2.0,3.1168939267278546
-1.0,3.29553232835081
2.0,3.1454952391179587
6.0,4.0324639621509535
1.0,2.8563248735514573
3.0,2.889112560876887
2.0,3.2809226005548098
2.0,2.9091607427878516
3.0,3.314046908901527
-8.0,2.669910268736446
2.0,2.856569235738776
-1.0,3.497230831066044
7.0,3.4751288340733524
1.0,3.2190646389880433
-1.0,3.631419915484493
3.0,3.7731715036426308
1.0,3.751468882103619
5.0,3.4012029493418408
11.3,3.7366380668243093
1.0,3.6397540764195733
4.0,2.915537511296851
2.0,2.7832738632164653
-9.0,2.8155970137905704
-1.0,3.817797509150001
2.0,2.6868274024139076
1.0,2.6917044780411787
1.0,2.7349778870698938
-1.0,2.343085996529979
3.8,2.1255627184685726
1.0,2.147484304314914
4.0,2.2259686948452733
2.0,2.193483296909923
-1.0,2.1810655388017355
3.5,2.1116351407627345
3.0,2.210896572814549
8.0,3.1091735395963433
2.0,3.2953082235368747
3.0,3.7643959739267574
4.0,3.5091581944687804
3.0,3.7027036734016034
0.0,3.332236562450903
3.0,3.73476790557779
4.0,3.803620858040306
4.2,3.613416767505766
0.0,3.2753952807039175
2.0,3.362271592403265
3.5,3.4412490812941408
4.0,2.6038540390963476
3.0,2.5183451869186197
2.0,2.612441666257566
-8.0,2.2695897150843214
2.0,2.4175105420263656
6.0,2.2029882517694745
3.3,2.224793174417376
1.0,2.224793174417376
2.0,2.8659950983542424
5.9,2.160285161800911
-3.0,1.6970321211900754
8.0,2.671775490500646
2.1,3.937108130083273
2.0,3.7155084854625295
0.0,3.6812512209917285
3.0,4.287166246499653
-1.7,3.503575860764277
1.9,3.107794553985338
-2.0,4.079776693770082
3.0,4.120380620623089
4.0,3.5977019041733103
3.5,2.8666585258958004
2.9,2.629689795174335
3.0,3.406763348657572
2.8,2.348946085096085
1.0,2.5797562768307447
2.6,2.4231005515057573
0.7,2.3889819609059266
3.0,2.070794743178362
2.9,2.054416008408952
2.0,2.0834228597949056
-5.0,1.9133640723720886
0.0,2.128075651284906
3.0,2.185485886290748
-5.0,2.3937613952351358
-1.0,2.506409303003935
-3.0,3.327970385372867
-1.0,3.304610895938422
2.0,3.0895423438630885
0.0,3.4664841149910166
6.0,4.348219823978571
0.6,3.228814932888336
10.0,3.223798874966445
3.0,3.8987721960791566
2.0,3.6347550185865165
0.0,3.0160329588327546
3.0,3.197663815987387
3.6,2.5624495679546326
6.0,3.378471742045515
3.5,2.4216122937349396
4.0,2.3012699132311263
-1.0,3.3373382905028772
1.0,3.2258440808613167
5.6,2.125697445818539
-1.0,2.9138010819969993
1.0,2.2798062487818633
-2.0,2.6373370863386825
-1.0,2.200975363892202
2.5,1.9356096221237324
9.0,2.3472041210694754
2.0,4.281470192160159
7.0,4.1205852097229245
6.0,3.5017803721926106
3.5,2.850963959943793
1.0,2.8953447651998503
-1.0,3.706044460133182
2.0,4.2474555774976
4.0,3.4105047512367332
0.0,3.080777907412124
3.6,3.351567330137996
3.4,2.376741789840263
3.0,2.1278332433037686
3.4,2.226937728699949
4.0,5.973633296996935
3.0,2.721347713840635
-1.0,2.204075983338998
0.0,2.6532647982949724
7.0,1.9707141687565504
4.0,2.1350950483308497
2.0,2.842913106261983
-1.0,2.4358274211525015
1.0,2.6777807483463056
0.6,2.183971330623475
2.0,2.4831330714283517
20.0,3.447771485487003
1.0,3.055268333243927
2.0,2.9938376004927396
3.2,3.535513965202127
7.0,3.0218262833610416
2.0,3.5944137630275024
6.0,2.8216803053562933
1.0,2.6046433931089616
1.0,2.2273158928094974
3.3,2.2878621051157704
3.0,2.4092634658149663
3.1,2.6317319108177455
5.0,2.316462348828583
3.3,2.3705095294408225
-2.0,2.4092896247239164
2.0,2.3892385441512882
3.0,2.5962215451905686
2.0,2.9408359721115334
-1.0,2.555347929361355
-2.0,2.0176910021546983
-2.0,1.8026589238635453
5.0,2.3067792678635337
5.0,2.9540960363077478
5.0,2.9011370768496074
6.0,3.462758016279119
8.0,3.7425452756840927
0.0,2.842754331324071
3.8,2.066881810852678
-3.0,2.6636970788893795
4.8,2.4822470486185755
1.0,3.379199172235443
2.0,2.5476804804657753
1.0,2.1164825167981216
3.0,2.089171772116042
2.0,2.930125493425602
-2.0,2.110307084703888
5.0,2.4329219119195127
1.0,2.7172879212933307
6.0,2.446880009587308
4.0,2.3951097459924506
4.0,3.0483046407072285
2.0,2.7282324010992163
6.0,2.9828387192379164
-8.0,2.639990361636922
3.9,3.491500846610705
2.0,3.761186971069305
5.8,3.1961739366935022
8.0,2.955921117276742
0.0,2.501425661349952
4.0,3.7460245351331625
8.7,3.0978068285237463
6.0,2.840910834698379
3.0,2.8044078995382438
-1.0,2.8596255527392693
2.0,2.355084180214134
3.0,2.21297695495411
5.0,2.3053453247615563
1.0,2.1343236659448137
2.0,2.332720896884699
7.0,2.520369735783696
4.0,1.9129109269764444
2.0,1.9590105608131294
-2.0,1.961233545924419
6.0,2.488513290633783
3.0,2.6901478682532187
1.0,3.209401132010833
3.0,3.3291712773993716
2.0,3.3291712773993716
2.0,3.4747623075559972
6.0,3.2060939041925733
-5.0,3.032257040791592
4.0,3.006158123754498
8.0,2.6618680433965736
8.6,3.9973938431705545
6.0,3.957852242923546
1.0,2.76250486503225
4.0,3.194951079118505
-6.0,3.437960693577829
3.0,2.869641110462722
2.0,2.8890356912747466
1.0,3.477791817605004
0.0,2.3275805231336983
2.0,1.9853857655615197
3.0,2.0922805617711138
3.0,2.236697316393556
5.0,2.301464683008088
2.0,1.8810230613675427
3.0,2.3720902261653585
2.0,2.9844268499387194
1.0,3.366174285931085
10.0,3.244940930326695
6.0,4.26559738125554
9.0,3.2435440433969864
1.0,3.9425768826068337
7.0,3.6981108867835175
1.0,3.2435440433969864
10.0,4.249161927910896
2.0,3.7038301350503384
5.0,3.9212378138564414
3.0,3.336776055519529
1.0,3.484233068813674
5.9,2.9747237232133807
9.0,4.10300538169202
5.0,3.5395719157935566
3.0,2.965836490000794
7.0,3.27451980816149
5.0,2.2984816092258615
2.0,2.2677605385124666
5.0,1.9822180394404254
5.7,2.8181376808489573
4.0,2.3931367615120243
3.4,2.141671907673605
-2.0,2.369849320200645
-6.0,2.1474680140471425
4.0,2.881098638625813
10.0,3.14332369459797
5.0,3.471185319452716
7.0,3.1938629630852393
3.0,3.787139067999995
3.0,4.113196669030298
8.0,3.4289418718217393
3.0,3.3891076496116814
3.0,3.56591678785705
3.0,3.0604791387050816
3.0,2.339308414888414
4.0,2.608227916810362
4.0,2.0019561793885656
0.0,2.6280750564077473
1.7,2.1485423896351783
1.0,2.379086664988478
0.0,2.316473087390984
2.0,2.3976246523427105
0.0,2.1701651595950873
2.0,2.011066610931835
1.0,2.1075650497935814
1.8,2.1635369048016244
0.0,1.8586307788715881
2.0,1.7915135728014855
5.0,3.359917545585963
1.0,3.392340822429635
3.0,3.4941790005051754
4.0,3.6257109844597006
0.0,3.382510008088535
3.0,3.337746106408303
3.0,3.849827097416524
1.9,3.7732752569455825
0.0,3.3855522586915154
1.0,4.701783688752413
1.0,2.699926441949812
2.0,2.869438023780423
2.0,2.207103185909825
1.0,2.076730481000455
3.0,2.758252031120639
0.0,2.0828024915952894
4.6,2.0248427057652094
3.2,2.206224418719726
-5.0,2.124933592388969
3.0,2.6246365461841954
1.0,2.2571227579306314
5.0,2.2347187974448897
-1.0,2.2490097560944102
9.0,2.130340120804367
1.0,3.481294924892241
1.0,3.2819360422493364
6.0,3.3907847635768835
3.0,3.1625979778788733
3.6,3.9116999088301414
4.0,3.483130115980562
-1.0,3.436958548706579
1.0,3.2980167402488427
1.0,2.8845534617439164
-1.0,2.7419170099976533
2.0,2.964535739393211
3.2,2.7865495222598837
3.4,2.6667105052027957
3.3,2.5279531061519536
2.0,2.420563998459155
2.0,2.9989159939192573
-2.0,2.522080701958212
3.2,1.867092709688414
2.0,1.7321874680560363
0.0,1.9722722108842332
3.0,1.979649642336067
-4.0,1.979649642336067
-5.0,1.8757367440453618
6.0,2.04171001128914
8.0,4.1207113454390685
6.0,3.0330322897664685
1.0,3.808755297010491
6.0,3.4640306524878257
2.2,3.4632813686775124
4.0,3.054208686358404
0.7,3.654020814045946
7.0,3.274007753562919
1.0,3.4991496265736406
0.0,3.8832931578974903
0.0,4.109336814977365
2.0,2.3756945973918135
1.0,2.558701168797918
2.0,3.8448050669585534
1.0,2.4244808919111382
2.7,3.4974323738823125
3.2,3.3224959874495323
2.0,1.9421602493950307
1.0,1.9442820611738363
-1.0,3.0909453907989737
1.0,1.8051552670562043
3.1,2.0531974557811123
3.4,1.9184957856403113
1.0,2.6279822337483965
4.0,3.5157714690873325
1.0,3.682292133314119
5.0,3.9418978744994435
3.0,4.034102701766625
1.0,3.349947865951558
6.0,3.493901077534303
5.0,3.7793683943589698
8.0,3.9875062771448153
3.8,4.123478452088797
3.0,3.419241738425718
6.0,3.398516788295343
4.0,4.0857052497711805
6.0,2.4662789869288004
4.3,2.347333942205242
5.0,2.9479866828834806
0.0,2.8862192263127944
0.0,2.832457608499009
6.0,3.561826981982716
4.0,2.611564881927571
5.0,2.398491457638676
2.0,3.9618395995503413
4.0,2.7445594798905364
1.0,2.6429582782397287
-7.0,2.928358355881928
5.0,3.820262598757167
6.0,3.902276329453949
-2.0,4.40274451405992
2.5,3.783022110437766
6.0,3.776808194963411
1.7,3.366612714978785
1.8,3.1991224849104354
2.0,2.9550274374010566
1.9,3.70891074980279
0.0,3.5608171534636157
3.0,3.2933733971256096
6.0,2.959949178622704
5.0,3.950320211619761
4.0,2.7665933792537136
0.6,2.62839595298908
2.0,2.5959157400501045
4.0,2.4777893083801277
0.0,2.321076610271882
4.0,2.1040141258603207
0.0,3.2681865428586887
0.0,3.253355727579379
3.0,3.2681865428586887
2.4,2.4442116861107097
3.0,3.389385479535914
12.0,4.222518400909522
3.0,3.4881764243529036
4.0,3.9396966225103474
5.0,4.411713773103042
7.0,3.9873612411449844
0.0,4.994214284837159
5.0,4.345726241494542
2.3,4.187219660107219
-3.0,4.045103181284806
4.0,3.7319735285150353
3.0,2.848187825256331
2.0,3.333807020997331
3.0,3.3363242044036454
8.0,3.135098362287028
3.5,3.1736120225050506
-2.0,2.376153887397686
5.0,2.274237354440107
1.0,2.080263786272954
3.0,3.106026986515086
8.0,2.3315675189457354
3.3,2.3172765602962153
2.0,2.4609756409776344
-8.0,2.1269097293470667
12.0,2.3955972603886755
3.0,3.5117937587790604
3.8,4.493558889947976
0.0,3.8192429309188864
3.0,4.04468267638151
4.0,3.945791201456877
3.0,3.90141039620082
6.0,3.928461168025785
3.0,3.4253001024498557
-2.0,4.385474085252882
5.0,4.1145357152116695
3.0,4.2245697651845715
3.0,3.404346320812619
1.0,3.6032243871399774
6.0,3.589420669192158
0.0,3.0315258526755215
3.6,3.094103279932948
4.0,3.325306190346624
0.0,4.0188784984846375
2.0,2.3940587340183828
1.0,2.4444762402469675
2.0,2.4713484880659267
3.0,2.204862855279771
0.0,2.122709063222041
4.2,2.3301816104005044
4.4,4.557726901075445
5.0,4.884732118535191
4.0,5.794078533497363
4.6,3.870082036738536
-1.0,3.9501886313668857
6.0,3.915297199950938
4.0,3.5142618752127386
-4.0,4.247034076038778
4.6,4.121244465428829
4.0,3.8272267288795736
7.0,3.5783369335263377
5.6,2.4685148610435124
2.0,3.5192199858633284
3.3,2.1109973229272643
0.0,2.910981912906362
3.3,2.9678492870900017
4.5,2.5116962348237477
2.0,2.173300574676786
3.0,2.790181911968396
2.0,2.2796839801155726
2.9,2.492694462972749
0.0,2.5753376640195333
-5.0,2.711830737420731
2.0,2.4767482769629567
3.0,3.069821765475036
8.0,2.9161932971351883
2.0,4.6911116601843545
2.0,2.877625627078927
-3.0,4.646248650237459
-1.0,4.681536408613097
7.0,2.989009149997104
3.0,2.3220131242664976
3.0,2.5117642590064273
5.0,2.2662898565550007
4.3,2.5996136237088665
-2.0,2.593842407563132
-1.0,2.538133621130461
4.0,2.9147066925145726
5.1,2.5465644228519038
-2.0,2.210471037952749
5.1,2.4058299858285306
4.7,2.239584672519509
2.0,2.2814972055121365
4.0,5.121584653379305
11.0,2.3147963292786957
5.5,2.953914788024784
3.0,3.1916604058521933
0.0,3.25627182923529
-2.0,3.5346576063631674
17.0,5.299869094038184
4.0,3.981040843020979
4.7,3.5092113458150904
5.5,4.126301516894334
0.0,3.6924209311767973
20.0,3.6241972158623836
12.0,4.903270453428752
5.0,3.574065453749356
0.0,4.213555084575097
6.2,3.263513755646449
3.0,6.644323070509577
1.0,3.2113801879094725
3.0,2.161237969025761
19.0,2.8525748442942636
-1.0,2.6015976824446287
5.8,2.583847086993473
-1.0,5.266696484317119
4.1,7.296532230598594
3.0,2.9207696050896037
5.1,3.034389714077091
0.0,3.492217087615528
1.0,3.4950159969000203
3.0,4.318715864376302
13.0,6.047369886033705
19.0,4.822541155144934
3.0,4.814272680796397
3.9,4.671505087786813
23.0,3.9424312480691643
6.0,4.165731705755915
7.0,4.888840659213235
21.0,4.819724543072467
7.0,4.337532483471765
11.0,4.265885319295235
9.0,4.658902185741956
23.0,5.064965825793693
5.0,4.1402564181561115
5.0,5.92841003507974
22.0,5.102623849529416
9.0,4.304072293039731
25.0,5.18139826056624
6.0,2.0631876880119475
5.0,3.3503213515649093
6.5,3.3378829626173165
15.0,3.2735594297779462
5.0,5.251063893413628
4.0,2.569242990114817
8.0,6.668874560064677
4.0,4.589629590955299
10.0,5.695935526416974
-1.0,5.0249286208823625
9.7,4.41335006209644
13.0,4.009935868641943
1.0,4.455829877971075
1.0,4.3326627690397705
0.0,4.845441928100329
7.0,3.8474530738914567
16.0,3.9459003542296935
0.0,5.384272379077007
4.0,3.5680653406299507
25.0,3.598949695582363
-1.0,4.236814660641811
5.0,5.704873410297818
4.0,5.049245484845006
6.0,5.116908468464073
6.0,4.5276651280326
6.0,3.736080441484568
8.9,3.388123688873586
13.0,4.50554280907915
6.1,3.295036623937902
6.0,4.605299947171582
8.0,3.650645729806466
13.7,4.2256987144075415
3.0,4.010424342761996
1.0,4.993403452505178
9.9,4.327446626151464
3.0,3.7340852302003187
10.6,4.20364001401673
3.0,4.132003451564214
3.0,5.253613544523199
2.0,3.880325579845788
5.0,3.585411020245278
1.0,3.2906711987161015
4.0,4.596056476477104
3.0,4.139775206777446
4.0,3.198064575217234
5.3,2.3252728901451625
9.0,2.642430397119669
2.0,2.9920505860098303
0.0,2.939031568779819
6.0,2.6308448299556937
2.0,3.0924565272807
4.0,3.1633641399481944
6.3,3.3420253931390724
-1.0,2.42242049067453
1.0,2.7988703661797594
3.0,2.3116088905314154
7.0,3.598420699354216
-4.0,3.4350234006798477
7.9,3.7110486826030895
3.1,3.9342861980777006
1.0,3.086450428907513
5.0,3.1542883018641152
5.0,3.956364778004444
-4.0,2.5403423091536594
0.0,2.6117266295946235
-1.0,2.2943166773174473
3.0,2.2629134661522263
2.0,2.163464779120503
7.9,2.663940008817272
-1.0,2.260860881599835
4.0,1.8841490082598786
3.4,2.273192723670809
0.0,1.974673669877741
4.0,1.974802466127808
-3.0,2.208616777414507
4.0,2.351204631891885
8.0,3.089278688176812
7.0,3.5484028405781785
-3.0,3.427771128090901
3.0,3.286802587548357
0.0,3.821726401321291
3.0,3.0730964077898535
9.0,3.9464431780659086
2.0,2.9223185293108442
10.0,3.277830791355995
7.0,2.6168161999405593
8.0,2.9063455965567995
1.0,1.7449200417057542
3.6,2.446503183043283
6.0,2.35677553547507
1.0,2.454811140722379
2.8,2.029152729208073
2.0,2.029152729208073
2.0,2.001229137341755
2.0,2.123527848978752
1.0,2.1940493821056832
0.0,2.3138726249909394
2.0,2.190890119648647
0.0,2.010108427943379
2.3,2.8876283230555178
4.0,3.88552006199099
3.0,3.0814275119629677
6.0,3.3685770280914022
3.3,3.226862923920913
10.0,3.946247555099591
2.8,2.840487986731748
0.9,2.8660586245101056
0.0,2.5196028379597006
-2.0,2.59492733005446
1.0,2.4125331190871107
3.0,3.078482470103926
15.0,2.488695729660881
0.0,2.3256837991322197
17.0,2.6728862008010967
2.0,2.425848313645248
0.0,2.206727896143163
3.8,2.663679505421124
3.0,2.391956119255465
6.0,2.2630332745224733
-1.0,2.2357225298403938
4.4,2.2617575960765706
4.0,2.686661122425892
10.0,3.40177763283552
6.0,2.5622596064278778
13.0,3.190882671989
0.8,3.430954660803964
5.0,3.264428073214365
4.0,2.989965658519973
3.9,3.6874975451351024
3.8,4.064756864202503
-4.0,3.8566342164304137
3.0,4.077601580732042
2.0,2.235737247330506
25.4,4.6368850422015955
15.0,27.026932803796274
39.0,34.782801875285315
21.0,2.1928181051880884
3.0,1.928256975495702
-2.0,2.2288417172451074
2.6,2.7719483461473513
4.0,2.644715566901533
2.0,2.3262059847553807
-2.0,1.7032693119112854
16.0,2.1720251238498487
4.7,2.2858991383740834
19.0,4.206368562951117
22.0,4.066198454239759
4.3,4.797633778290979
20.0,3.489585817647005
16.0,4.05254487330205
2.0,2.9398543592853645
1.0,3.6639987651400556
5.8,3.119224162448044
0.0,2.4890773514525852
2.0,2.322158050140103
0.0,2.658414587229397
2.0,1.8454575936653184
9.0,2.594298060672948
3.8,2.1110461634864133
-2.0,2.1693040998299824
2.0,2.045636226095361
2.0,2.084598774781062
2.1,2.0130105582391042
3.0,2.045170726051276
6.0,2.1110461634864133
2.0,2.225020132001873
4.0,2.1719244361530623
3.3,2.1070251931637918
10.0,3.3427221430191083
0.0,3.774417188738804
9.0,3.549772298017431
4.6,3.9177296683726595
4.0,3.150225417763901
5.9,3.074777140622317
10.0,4.256125793112932
-1.0,3.2280621781045333
9.0,3.369139544548199
4.0,3.5243397911142638
5.0,4.052750803551354
6.9,2.338668644136568
5.3,2.4269718229802146
3.0,2.033292667018771
16.0,2.217295724809415
3.0,2.0605970649255188
4.0,3.7886611308199742
2.4,2.295391324603653
-1.0,2.5828319735520107
-2.0,2.5862584052075968
4.2,2.02113816237264
8.0,3.487265688119974
2.0,2.690613040252768
16.0,6.652500754172084
2.0,4.522241176630222
11.0,3.978345485618532
-9.0,3.6867699124568167
-2.0,3.59900835272234
4.0,3.992532662078516
11.0,3.939724221735388
2.0,3.884499566866973
6.0,3.890563379232502
0.0,4.845942192557839
3.0,4.06113429796255
2.0,2.9388735527777774
7.0,4.90675222700323
0.0,3.2243684105053836
15.0,4.456711136578055
7.0,6.09269730779693
8.0,5.83619073253064
4.2,3.771351865809649
19.0,4.364375504930233
5.0,3.802960562607346
8.0,4.390215605799519
4.0,4.235634115673641
6.2,2.71623867479898
4.0,4.3438013737547605
15.0,8.893422249205443
9.0,4.517918699179781
9.0,5.583246960059753
15.0,5.39767891357924
3.0,4.607563937675197
5.8,4.58588104868235
6.0,5.1861957576194495
3.0,3.355811990694029
9.0,4.729997689975572
8.9,3.2864899749427305
10.8,3.4830205841504434
-1.0,3.3867207605068317
18.0,4.185582355109753
2.0,3.7610281545701834
2.0,2.0398970853387115
-1.0,4.113168615432309
7.0,3.42863353855299
-3.0,3.2230148594907
-1.0,3.3751196108064643
3.0,3.389712617197302
-4.0,4.293371149908775
1.0,3.771271966684783
19.2,4.39143888725241
7.0,4.400300926759182
16.0,3.4143753856727344
3.0,4.9142073259356005
-2.0,3.5679941671738127
9.2,5.770027981866007
4.0,5.311601254154255
2.0,6.293320450997311
4.8,3.21239107184949
3.0,5.223658415438592
3.2,3.1310975299354453
-3.0,2.926142799246412
2.0,2.3173542724203893
1.0,4.2269943835588
3.0,6.728958125853691
11.0,4.0963876405461805
6.0,4.104650726628225
-1.0,2.4448103628471896
4.0,3.225891397647424
10.0,2.7499345434348257
11.0,4.645573102105162
2.0,4.232993394736236
3.3,3.3516473700510168
1.0,3.5325588430511616
8.0,3.571609916420345
0.0,3.553095690330819
5.0,5.493499393623368
9.0,5.151158986555629
3.0,4.505310017313792
7.0,3.8973534630943862
0.0,4.593733270898866
3.0,5.077892212163949
1.0,4.311461146263392
10.0,3.7045852078703443
-2.0,3.2595314851298847
-3.0,4.365424115664858
5.0,4.361133722562597
-2.0,4.144003292530637
-4.0,4.700639740432478
1.0,6.150119307080611
5.0,2.5876642940277508
0.2,2.601955252677271
1.0,4.606585101375508
4.0,3.327054678462316
15.0,3.5361266431988
22.0,2.1059495239636483
27.0,3.771145773783708
-1.0,3.2857630480428424
11.0,2.161843372744648
3.0,3.9021779171918967
17.0,5.070782531803947
3.7,6.8418472480793815
5.0,4.983604468256186
6.0,5.12328055866247
9.0,5.0267543871561715
4.0,4.137354014155297
10.0,4.729357022104214
7.0,4.681644624015718
4.0,4.514252131974051
6.0,4.117354693079687
5.0,3.5903084430635372
3.9,3.072819611981864
1.0,2.5244277247848212
0.0,5.721746415037186
0.0,4.179833655219255
4.0,2.7755951474833784
-1.0,4.747929761201773
2.0,2.1185773543782784
3.5,4.467890181822365
3.0,3.7148958051962615
1.0,2.634641047869304
4.0,2.7540731270982177
5.0,1.7840274807928038
6.3,6.541501949632499
-1.0,3.410979361808548
0.0,3.3732306341321348
0.0,4.216511279535193
3.8,3.489585817647005
5.0,3.536679685539987
4.0,3.218807091246636
2.0,4.220792444859142
4.0,4.807528373155312
2.0,6.466372135933601
-2.0,4.309299564954424
8.0,4.916118051246902
7.0,3.1152026032781532
0.0,3.7383893571392415
4.0,2.741996217580548
0.0,4.372495350655425
2.0,3.3844536369679292
4.5,3.308521979746033
2.0,2.525288225503601
1.0,3.8584048266733286
3.2,2.3443786956559367
0.0,2.4427098826425544
5.5,2.4551531916871623
2.8,1.7207423970609304
-1.0,3.820210449642762
2.0,3.3038729188556526
3.0,3.383616623929981
2.2,3.195510241266188
12.0,2.9033519302394484
3.0,2.9593072608042728
8.0,3.4334440410587748
5.0,3.632918471981403
2.2,3.536280013143373
5.0,3.191324866997148
2.4,2.4999915423584556
2.9,2.5511021580786806
6.0,2.1196413849625504
3.0,1.9453264533175918
0.6,2.3378076892671427
5.0,2.7640835068347434
2.0,2.7489684840089863
3.0,2.7591614041246224
-2.0,2.063428064467689
4.0,2.4299563579980656
3.0,2.2114501077310145
-2.0,2.972133822389091
12.0,2.5414692984937095
8.2,2.909270775662024
5.0,3.4668305434313087
2.0,3.368202213933195
5.0,3.424701938782821
-2.0,3.4036384151195387
8.0,3.170468184991007
-5.0,3.1650677657141375
1.0,3.147424712960398
2.0,2.5867763743066945
1.0,2.4707603559735
6.0,2.512542164094746
0.0,2.40539215513168
0.0,2.4634950179226087
5.0,2.1769040560734094
2.0,2.7337325256212055
6.0,2.1078320441553755
1.0,2.467676774669337
0.0,1.9258407341423869
6.0,2.273696573138046
1.0,2.529245177037054
1.0,2.8039033032552845
0.0,2.7835461783921143
5.0,2.829531038982868
2.0,2.4328701195859295
0.0,2.907173672547347
5.0,3.550096868705056
-1.0,3.3362286940914045
-4.0,2.9469660740767205
9.0,4.252153761447849
8.0,3.482999220416012
7.0,2.611151756232842
5.0,2.0522670874357134
-1.0,2.2060213166502463
1.0,2.202586267363961
3.0,2.626270924418823
0.0,1.867092709688414
2.0,2.096571462744603
0.0,2.050813376489306
3.7,1.989991212062733
2.0,1.9618685032821086
5.8,2.172840252355736
5.0,2.279519891959993
1.0,2.294515370538763
3.1,2.4840383191719186
0.0,2.190496237602375
-1.0,2.2318073386287614
3.0,3.0762507260823484
0.0,4.467537898356406
5.0,3.539758949846137
1.0,3.5344547910387285
4.0,4.069958413146598
5.0,3.8603055881997608
9.0,4.308322152967668
5.0,3.8703746933451617
0.0,3.47531328525874
3.1,2.922783817044134
0.0,3.012934362445046
10.0,3.1590893927249604
6.9,2.9904533535065876
4.0,4.536069300524608
3.0,3.0478111379380355
3.0,3.328688945919678
4.0,2.342561277308207
3.0,3.2222286678354783
0.0,2.908527391797494
3.0,3.251189548478307
3.0,2.9061958810816915
1.0,2.1779224555215744
2.0,2.26093977922267
11.1,2.0589797251638835
0.0,3.82336833307406
8.0,4.115951421801082
1.0,3.089931529166489
10.0,3.214310557311972
-4.0,3.413160829826362
8.7,3.658869323129143
1.0,3.2364658127522827
-2.0,2.790974506114784
8.2,2.744474003818772
0.0,3.57046153026258
6.7,2.6020716935420833
10.0,2.865894931444649
2.0,3.3981497856689176
-5.0,3.6286481783960705
4.0,3.08448220192535
9.0,2.4923928345645137
7.9,2.4344394186334086
1.0,2.733297863437812
1.0,1.9882569622350972
-1.0,1.9705379610565974
3.0,2.116919945380749
-1.0,1.7020018157167742
5.0,1.9259358484453826
2.0,3.973491700334181
5.0,3.2195488469556675
5.2,4.105194766289544
1.0,4.08686144366362
3.0,4.2508316720407695
0.0,2.893024272460839
6.3,2.134592676416816
3.0,2.429954809428598
6.0,2.5872004197342426
4.0,3.0011700630327574
4.1,2.5092766236136215
0.0,2.860246418431191
3.9,2.9098181390889573
2.0,2.9000362516947056
4.0,2.6271486543479385
4.0,2.511437930464083
3.0,2.428009948620579
2.0,2.7222606906127886
1.5,2.118502337248837
1.0,2.0858038321987524
3.7,2.070884238230113
-1.0,2.065710641447273
3.9,2.2056206838400514
6.0,2.174655207521193
5.0,3.0524505432325433
8.0,4.0983534699651
3.9,3.26987442618813
3.4,3.571746032084118
-3.0,3.955724433887507
6.0,3.902743390173036
8.0,3.7841193880723583
3.1,3.798935137867622
2.0,3.3974951470098302
5.0,3.3695246173601716
3.0,3.4715963379397983
4.7,3.4586646519774566
1.0,3.766345947167496
4.0,4.304790645658317
3.0,4.831858704600837
12.0,5.45129851997687
8.0,4.9038477227356845
11.0,4.539804032903299
5.0,4.033290335881069
0.0,2.1238234969168976
2.0,3.403965563350799
0.0,4.263002383868672
2.0,2.609427225237494
6.0,6.570507057349247
3.5,4.06738032692191
6.0,3.9849990993292916
4.2,5.639216085620775
-3.0,4.028923461463992
-1.0,3.6136564932718094
-2.0,4.165288503233098
2.9,4.031326529333005
-4.0,4.105691534871505
3.0,3.756587865498759
3.0,3.152576539139121
3.6,2.2013806458535297
0.0,4.194567951750315
2.0,3.4838836392666668
1.0,2.126781418604787
2.0,3.449999261746278
6.1,2.174006358902001
5.0,3.4065202029136863
10.0,3.6751814108295293
4.0,7.028147397251097
6.0,16.878965321775652
7.0,3.4866548328444256
6.0,3.2477789206868453
23.0,3.6176643587748436
10.0,3.991667875555516
6.0,11.883759811208726
5.0,4.362956640606814
3.1,5.67895493767415
4.0,5.698851095178822
21.0,8.899686760816294
19.0,11.620213541009145
3.1,4.44275364616474
3.0,11.855692836865911
11.0,4.242028468760072
6.7,3.447954206880075
3.0,7.641254664293343
4.0,3.2230846310743964
11.0,7.050110071245702
4.5,2.894899514894568
18.0,7.625134078969095
3.5,3.0921349889584735
30.0,7.428398907787253
3.0,2.978206422392921
1.0,14.990951753469805
15.0,2.904838724986234
18.0,11.474810901597666
-1.1,11.38596937904991
0.0,3.6222892206822097
4.2,4.385722058693654
3.6,3.238623620561095
3.2,3.6353017281610613
8.0,3.0493087728292365
0.0,3.7774592931607707
6.0,3.743391763958761
1.0,3.6065863642887663
15.0,2.8021674051866055
9.0,2.6142541925519716
-3.0,3.0341584436409286
2.0,2.696389828244984
2.0,2.4506450567668576
4.0,2.657503144849184
3.0,2.510922905397776
4.0,2.4273521637562476
-1.0,2.644880399212794
8.0,2.3086325430351007
3.2,2.9670144191168144
-1.0,3.015578138951057
1.0,2.2902305714780082
2.0,2.8107847498275773
3.0,3.1256401982056192
-3.0,2.681904478808297
3.3,3.7977238212891726
8.0,3.7564339357741954
3.3,3.099128239949128
3.3,3.7378767032353224
3.0,3.7980757549168627
0.0,3.676910515507935
10.0,4.558515990010078
3.0,3.2864445694016857
3.3,2.9627631981800215
5.0,3.227251364193498
3.7,2.811177285827251
3.3,2.719198843833769
3.3,2.877259665133073
1.0,2.718325758419954
4.0,1.9535533253409212
0.0,1.7849307818569875
1.0,1.7409638041629385
4.0,2.0280689965601892
0.0,2.809830161084057
-1.0,2.6205821607995508
6.0,2.5877532147957982
2.0,2.6539713542312313
-2.0,2.314034419934866
3.0,2.500863160878208
6.0,3.8476222198871577
7.0,3.6108644013766495
8.0,3.9025190812717363
12.0,3.422155782890366
0.5,5.285192448138697
0.0,4.3991422572570995
2.9,3.705739441615157
5.0,3.445065258132479
5.0,3.0223705046470775
3.7,3.1314601732699296
0.0,2.35855869110513
6.0,2.4217928518768623
-2.0,2.3442685631406253
-1.0,2.2538000833810123
10.0,2.2817778664195107
4.0,2.229820221834778
4.0,2.1528511835101956
3.6,2.114424523441849
3.0,2.1238796843949164
6.0,2.042610044051671
-1.0,2.0470176046329436
0.0,2.149225996944958
0.0,2.0761760522161583
1.0,1.8648976251624265
3.0,3.116048518802336
9.0,4.046161241301859
20.0,2.9612069094143294
2.0,2.942804332681982
3.0,4.318211565440466
0.0,3.724020446938888
8.0,3.7505027736709935
4.0,3.0245235494789213
5.0,4.0984063768285255
-1.0,2.851566737752362
1.0,3.2783600577981296
3.0,2.033264018042134
0.0,1.9613072293402987
7.0,1.9506346666615555
4.0,2.310214832872574
4.3,3.3534921825130923
1.0,2.334120458323586
2.0,2.254376753249258
1.1,3.053531032443119
1.0,2.360037354065687
2.0,2.712963184329121
2.0,4.035663941800908
1.0,2.116677786742458
2.0,4.377776072837595
9.0,3.9761039773779085
0.0,2.8876671447257287
0.0,4.478899025794156
5.0,3.9174981970899556
1.0,3.3684037778710576
1.0,4.218966552414619
2.0,0.8928358315127187
2.0,4.1948942500713
7.0,3.9481174640126615
5.8,3.122168074772715
-1.0,2.9478296300943163
5.4,3.150871490602354
7.0,3.5321267242587986
3.0,1.9815005611247083
7.0,2.5698384199571676
2.0,3.6696903490263275
1.0,4.313943018643144
2.0,6.285422011017524
-4.0,2.5791793479963427
-1.0,3.6339407995785447
6.0,3.45131855114147
3.0,4.4537906733316985
4.5,3.415025440694138
7.0,4.254260030259838
4.1,5.042424230827817
7.0,5.138097695183958
7.0,4.995097844899098
3.0,4.7928543306367715
7.0,4.648572063078336
4.0,4.567352406617102
8.0,3.979894955009061
3.7,4.302390311230353
-1.0,4.815441516990687
0.0,3.628164656490025
-8.0,3.713743158828234
7.0,2.8453662674642635
-4.0,3.414574551690604
9.0,3.971043135398532
9.0,2.2728011521210956
10.0,3.82833047207172
4.0,2.229820221834778
2.0,3.547407578881603
1.0,3.4523190999367803
3.0,3.9114559592597
1.0,4.8673290160756375
4.0,4.939413343855751
0.0,3.651374674983601
2.3,4.4277497254523555
1.0,4.339923366408959
3.0,4.486924746454554
-1.0,3.3737086910455147
8.0,3.3048299034308584
8.0,4.372020608041099
1.0,3.6379172691672363
3.0,3.9702820479918333
-3.0,3.117491915872118
0.0,3.2762287715538267
3.0,2.9129078651042017
1.0,2.21342544767346
3.0,2.940624399504602
-2.0,3.0963125902013124
4.0,2.757566128831358
-1.0,2.3092633322501857
2.0,1.9231564988548933
1.0,2.042418372566522
3.0,2.6965332025524082
4.9,2.1901398370457072
3.0,2.1440203761029646
4.0,2.3362209237662666
5.8,2.230677953472685
6.0,2.582772296570543
2.0,2.7808245183718685
-3.0,2.617184194161846
1.0,2.6267270576002377
8.4,3.1163355070713084
-1.0,3.3613105778676906
7.0,3.2018701655706754
2.0,3.1201750283291787
2.0,3.2466702672219645
5.8,3.667650908576723
0.0,3.3030179009485905
5.0,2.939019397657697
6.1,2.8947374571746716
0.0,3.150753082515399
2.0,2.8994639087606164
5.8,2.4592750449562537
3.0,3.188237767802101
0.0,2.161119729865042
3.0,2.0771689451717052
8.0,2.23977844031065
2.0,2.0837346061323028
3.6,2.510084466611977
-1.0,2.0736179200868827
4.0,2.093960770763504
0.5,3.7552882027277015
3.0,3.356804304741179
2.8,3.4213085171238977
-6.0,3.864052272896228
4.0,4.2012595298364
5.0,3.6195801817453837
4.0,3.5977019041733103
3.0,3.5977019041733103
0.0,3.194002961278183
2.0,3.539087501347917
3.0,3.413305955537248
3.0,4.15969999790256
1.0,2.95353024807704
-3.0,2.4954299329469594
4.0,2.494837999228957
5.0,2.359695773402524
2.0,2.710996493880319
2.4,3.0955544782795594
3.0,3.2373749197630826
5.0,3.1023101386066108
0.0,2.8788123016933347
2.0,3.1153794427539916
6.0,4.0151977948836395
3.0,2.5456992385040875
1.0,2.744776890040988
-1.0,3.1237089940493155
2.7,3.698562054253056
0.0,4.101155101500712
1.0,3.463546988210162
1.0,4.290418986036491
-1.0,2.382203398411379
8.0,2.6436396065212455
2.9,3.0429327472627405
2.7,2.7873844023414485
3.0,3.656924793604551
4.0,2.7623431280186947
-2.0,2.855977484624658
1.5,2.1713421303504212
4.0,3.977946527710703
4.0,2.3571335602185344
4.0,3.5523955174934856
14.0,2.1028134347886307
1.0,3.782861641145481
3.0,3.702342571170707
6.0,4.089895296866663
-3.0,3.8246126529394644
3.6,2.3829552828376244
3.0,3.0218262833610416
6.0,4.247505332415223
7.0,3.195688109453936
7.0,2.6695761394153896
1.0,3.5633392313738015
4.0,3.5585790341687753
3.0,2.482193637728116
-3.0,2.6105433045909208
-3.0,2.5479297269934267
3.0,2.281285171062923
-3.0,2.2019796909122324
3.2,2.0576231426768334
4.0,2.6243132002955822
1.0,2.6054082190136922
-2.0,2.776434403575042
5.0,3.333762132786149
3.1,2.9079833469795116
3.0,3.7250628487169806
0.0,3.732125609515906
7.0,3.9197416126724924
7.0,3.2713222741097256
0.0,3.5452466494651786
3.0,4.0664041604484975
-2.0,3.206269751263078
11.0,4.713993659084453
1.0,3.8188706854903547
7.0,5.1996821960852175
5.0,3.93034493975921
2.0,5.098987622181578
3.1,3.824757623651273
5.3,3.895487783896235
5.9,3.8806569686169254
3.0,4.0771106692842345
0.0,3.721080794686379
-4.0,2.8905976731510283
5.3,3.3728696115596257
6.2,3.349117780406729
1.0,3.3342991532959045
3.0,3.1133625271849033
7.0,4.497245095940571
5.0,2.7769651506311273
0.0,4.225932075182404
2.0,4.585670189762026
5.9,4.552930930804939
8.0,4.973241972157088
10.0,5.20577560439136
0.0,3.51933883945603
15.0,0.43259187437252977
3.0,0.6030121053752553
8.6,0.6756265876352212
2.8,4.709107538128655
2.0,4.062345043237031
3.0,4.072130031418094
2.0,3.2518706047378116
2.0,3.5698512613078406
9.3,3.5175991871741865
2.0,3.4709746477261576
4.0,3.660106591167383
5.0,2.85301961388973
1.0,3.8038108044412384
2.0,5.541338165761064
7.0,5.442904034402268
5.0,2.9371784023418592
4.9,3.0103776940457774
6.0,2.437152771394042
7.5,3.951162934285883
-1.0,4.1996821918301315
0.0,4.043412505426046
4.0,2.863496449103008
-6.0,3.183863458878383
1.0,4.029911348524512
-3.0,3.655377292476126
5.1,3.3027242642652155
-5.0,3.730567626159852
8.0,2.7094960433791937
2.0,2.7003291171724415
2.0,3.29701152336035
2.0,3.431500021968166
2.1,2.1230878905198516
6.4,2.0154503495190195
4.0,3.1459080166263087
0.0,2.3584106834230125
5.0,1.9067263780893726
8.0,2.1630424406897117
5.4,2.626629870064053
2.0,2.8896292672445423
6.0,2.1589658840736132
-2.0,2.611202640723582
1.0,2.987186857028969
5.0,3.2039971301292263
10.0,2.9777818491273025
6.0,4.5079918028240815
4.6,4.5148805982785625
-5.0,4.0179627810235665
5.0,2.4939971323153745
1.0,3.100863304933928
6.0,15.40389779600022
5.0,4.919504173169047
2.0,2.678204597729589
3.3,3.7388327885806474
0.0,2.596930748092761
3.7,2.596930748092761
3.0,2.438886801253157
2.0,2.517187043018433
4.0,2.3213206763980683
2.0,2.548071397970845
4.0,2.4368468671567283
2.0,2.533529975441607
3.0,2.6979286014541484
1.0,2.46390067840028
1.0,2.7221513030226507
-2.0,2.6803223103891884
-3.0,2.7600294023573624
2.0,2.6256109564958776
-5.0,2.881904297058988
4.0,3.7014932478136906
7.0,3.7014932478136906
0.0,3.75205560248779
3.0,3.237681599930807
0.0,3.353155090762509
5.0,3.5696492594994464
4.5,3.5696492594994464
3.0,3.189871927915085
4.3,2.5796297165546105
0.0,2.668891827817978
1.0,2.365579593880069
3.3,2.2848406485980415
6.0,3.9284980989505516
3.0,2.3857500758340264
4.0,2.2457568165040067
7.0,2.576441891644916
2.0,2.265596615410262
4.0,2.5509758831398965
3.0,3.832043347011399
-5.0,3.9189165824137997
5.0,2.427123454285561
0.0,2.843874159412849
5.0,3.6511192771962606
3.0,4.782002218331919
3.8,3.1372092247668175
2.0,3.084489112759488
4.0,4.521295960315786
5.0,3.295565342305534
2.0,3.061537419251666
2.0,2.855359852705568
2.0,2.3731622392605742
6.0,2.1337363728409273
11.0,2.501247010910063
-1.0,2.1164802499046025
11.0,2.293195309472263
7.0,2.4433383421390644
3.0,2.207375257641105
-2.0,2.1546551456337757
0.0,2.244134344058074
2.0,2.015240055549814
0.0,2.0518956266479607
-1.0,2.4078594927015073
2.0,2.376380396926156
-1.0,2.03817127168563
11.0,2.030556361654915
7.0,2.2521621338501454
11.0,3.4979067347898365
10.0,3.4454218632700306
7.0,2.7864994424334273
2.0,4.202902575837212
3.4,2.9377823517033788
2.0,2.86326751584094
3.4,3.786739201287445
2.6,3.5758596132997855
-3.0,2.3343512212674784
4.0,2.4301372862805586
2.3,2.479867270833483
2.0,2.1108072176098154
1.0,2.8184539008636342
3.0,2.1244168026778847
11.0,2.1595815468553625
-2.0,1.9122776672196435
-2.0,3.6822765269471316
1.3,2.4628137302730604
14.0,4.746158808324707
6.0,6.9230476363032
-2.0,2.172204905801937
1.8,5.235650968379529
12.0,4.427265800595845
2.9,4.843162213381429
1.7,4.672042519166349
0.0,4.526727179088926
1.0,4.5196778403806706
2.0,4.330594057320333
19.0,4.732915614742195
18.0,4.482514590837047
2.0,3.621728721529242
2.0,3.3478192449084854
2.1,4.528954114035296
26.0,3.7567098889499677
14.0,3.518011252919499
18.0,3.3070370149188446
3.0,2.8067714468585816
4.0,4.415134097741255
17.0,4.235731999442187
3.0,3.46283186969561
7.0,4.053102608942808
7.0,3.621715185084669
13.0,3.6529994354433506
5.0,3.487632414116523
15.0,3.5957330978241258
2.0,3.633222490765162
8.0,3.883605136053031
7.0,6.380027373878235
4.0,6.909809586143641
17.0,3.5726390531114767
18.0,3.5668140701171516
5.0,3.85426441028652
10.0,3.898294357332063
17.0,4.451997048634105
4.0,4.109431431605608
5.8,3.686841300090457
16.0,2.9237134026402427
9.4,2.932327960545713
19.0,2.7077524261639874
9.0,2.3171506717273544
1.0,2.459507954399177
7.0,3.162815090023079
2.0,3.902091347076103
9.0,3.0303991680197115
6.8,2.1141086092959753
7.4,3.4554607129222923
3.0,1.9152872308057098
7.0,1.9416502663411574
6.0,2.082330309086503
8.5,2.056616796907666
8.4,2.1825395689356255
5.0,2.67228718999867
5.0,3.4769653776055534
4.0,3.241948300874685
5.0,4.3361026934343085
6.3,4.933759767324236
8.0,4.033190954103659
8.0,4.3192309074916295
4.0,3.3537840420851217
3.0,4.557336314544121
4.5,2.936509898461207
4.0,3.560857135702198
4.3,3.2550905090114295
5.0,3.0466370317779186
2.0,2.8322854744152393
-1.0,2.9991609244657482
3.0,2.029281024465574
3.4,2.9057754824931905
0.0,2.9583773905444835
6.0,2.6484992789231847
4.0,2.288987549702246
2.0,4.287867959039491
-1.0,4.2716530711859875
0.0,4.433955630819219
5.6,2.4114950025335316
8.0,3.974204138155851
2.0,4.668876794401415
6.0,3.954030566962912
6.4,3.549343519659582
1.0,3.5623157879085707
0.0,4.330600015945707
1.0,4.129787782421189
-2.0,3.9041813937484644
6.1,3.8482641982073864
3.0,3.249546480136738
3.9,2.900013715074446
2.0,3.3648450103493874
3.0,2.9777531712935374
1.0,3.3557144438539033
4.0,2.119095578226787
1.0,2.9991609244657482
1.6,2.7263667562349148
-1.0,2.3699387606762135
0.0,2.8450211559441207
0.0,2.4825630367214204
-1.0,2.100521252765454
3.5,2.1192895102203684
-3.0,2.9359602009741557
2.0,3.0760134727887265
-1.0,3.5956981212039643
3.3,4.120483044879021
9.0,4.056743293286691
3.0,3.890216705697091
3.0,4.722130378452893
-2.0,4.183500690566755
3.0,4.08688349255599
4.0,3.6685665763299826
3.6,4.013992304175466
0.0,3.7510957425144755
-4.0,3.9043302743445634
4.0,3.3439405409335743
2.0,3.359953209809764
3.0,3.0619454768397034
4.0,3.4926537044542214
3.5,3.938164985760801
2.0,3.7051504687004666
6.0,3.4252177478058137
7.1,4.003712561534619
1.0,2.613675917168807
3.0,2.38209823413664
7.0,2.400740248845627
-3.0,2.893574157599202
3.8,3.410504368773721
1.0,4.961076861657718
10.0,4.322805950143801
3.5,3.549343519659582
4.0,4.7284737627630085
11.0,4.493132352465588
1.0,3.92053203709466
3.0,4.100583260540835
2.0,4.666502047918542
-4.0,4.352829564054554
3.0,4.588079754115583
0.0,4.583469018068074
3.0,4.130722365355362
5.0,5.301530556036172
2.0,4.228866529516039
2.0,3.4837632682805055
2.0,4.13060911259166
3.8,2.5759646632936537
4.0,3.399938832812117
4.0,4.083621091697756
4.0,2.576557574266551
3.3,3.353787420249193
4.9,4.375219336728334
1.0,3.003506187817122
2.0,6.440645469542587
6.0,5.595173511803227
7.0,3.9034737133187023
7.7,4.717104942626279
4.7,4.079915908819605
8.0,4.198256286303861
4.0,4.5128069727183435
1.0,4.552554816476684
5.0,3.54428810502224
7.9,3.6630493838714773
9.0,3.2943302012155855
6.0,3.5627572101329763
5.0,4.142400018470654
6.0,5.0529369732859255
3.0,3.555132883415639
5.0,3.2404459715738185
5.0,2.8712899257372424
5.8,2.6966863278498527
6.2,2.9319917021480633
2.0,2.268167346413721
8.8,2.0890287074110083
5.1,2.5768776601361365
4.0,2.8101840005362564
0.0,2.772506841330565
-5.0,3.4942926913895622
6.5,3.2339915893422053
5.0,4.366917987867544
5.0,3.7538516639279846
4.0,3.6457498133439796
6.1,4.026187360167508
-1.0,3.446576325439358
7.0,4.460603693814556
6.0,4.110035903245943
5.3,3.4975466444006007
5.0,3.6718666462600913
7.0,4.236833951082344
4.0,3.435995010646322
2.0,3.3543199548115905
5.0,4.857742334111854
6.9,4.024004707609376
-1.0,4.872331396658086
13.5,3.401341342347634
7.0,2.4390199426907184
2.0,2.9068783560038525
8.6,2.0572271968542513
2.0,2.7552783127267793
7.0,1.8680632900272083
0.0,3.358891846320817
6.4,5.221291716159958
0.0,4.26328806089717
9.0,6.334968062593088
9.6,3.9740835229579554
-1.0,4.031989762384344
3.0,4.287346902266225
4.0,5.758648890399105
3.0,3.988709432454804
3.0,5.077892212163949
-1.0,3.568244243439234
-3.0,3.6520927865176698
8.0,3.5727999482896227
1.0,3.5837839041079715
1.0,2.9351219925337886
10.1,3.0377921166471658
12.0,2.4830980273808727
10.0,4.373181828233169
9.0,4.503325878916018
8.0,4.340935206232095
2.0,3.7123393964878564
6.0,3.6796408914377716
1.0,3.4968713418056856
6.0,4.12285103311426
-3.0,4.2196353184646
3.3,3.9385948764569623
3.3,5.343774929813519
2.1,5.233249017009256
6.0,5.362847494027113
2.1,5.42213120301941
14.0,4.934139854501415
7.0,4.515930936269319
2.0,5.572579305647844
-1.0,6.35454047801442
3.0,4.451343344395816
3.0,4.64834274821054
5.0,3.253009043510764
1.0,3.3359498854688354
5.0,4.194919376609193
9.0,4.4212679011694895
1.0,3.7533668213039615
4.0,4.723263667734182
1.0,4.382636774678736
11.0,2.9943454101894256
4.7,2.9447857346729576
6.5,2.3246514538464162
5.7,2.5229110950914464
8.4,2.456918611558212
3.6,3.1355065311047667
5.0,3.8790635078445215
13.0,3.859161376323221
3.0,3.2899391640348585
3.5,3.8846921932394975
-5.0,4.119663752577946
3.6,3.849434830332484
11.0,3.608725283751078
0.0,3.2531521847998874
-2.0,3.1120007458659202
9.0,2.989722410250948
3.0,2.8845720019890666
-4.0,4.122439742118389
10.2,3.2115945652526277
1.0,3.0725160329469725
5.2,3.0217484010577547
5.0,3.67739834130317
1.0,2.8490034361409204
5.0,5.502912292618479
9.0,2.5915231651693578
-1.0,2.9621263038384367
6.1,2.4406886242166266
4.5,2.496629972759167
-1.0,2.550509866525041
-1.0,3.6094824537026313
-3.0,2.7704113395344683
3.0,3.6485167942918832
2.0,3.3948544691874294
6.0,4.321670377295986
5.0,4.256540139178116
4.0,3.528958207283918
3.9,3.6300412165835167
2.0,3.826220787013581
-2.0,3.656919418724237
6.0,3.282125593171875
2.0,3.4435106263959065
7.0,3.983324087825417
5.2,3.829880237844553
3.0,3.4898510176762496
2.0,3.7351498392829425
5.5,5.2735009305271365
3.0,3.069619953207781
4.3,2.8172762556514943
1.0,2.641649921951192
3.7,2.2246512968527883
3.6,3.0108036567274143
4.0,3.091736027865566
4.3,2.815053814268599
4.9,3.501910383691535
1.0,4.98034123740756
12.0,4.256738433665108
6.0,4.856284818124378
0.0,4.753582094976493
2.0,5.549421045847229
7.0,6.124398234658914
3.0,5.125451688739605
9.0,3.8269273809221236
2.7,4.3512946694193255
3.0,4.564813042570828
1.0,4.051990592744218
8.0,3.818049113677345
5.0,1.919101959918349
2.7,2.012450032811938
2.7,1.972760946167886
3.0,2.5805986419687295
1.0,2.5948896006182496
9.0,2.4263586762267315
0.0,3.4479089910183274
1.3,2.2850755820690103
3.0,9.48026967527278
-1.2,2.7122283771230853
0.0,2.4602107287623123
0.0,2.779042386759961
11.0,2.6528872353897355
5.0,3.4589348305866205
4.0,4.032222929387689
12.0,3.6889300884288865
2.0,3.531088143264717
2.0,3.5708359870230577
3.5,4.420670451675887
-4.0,3.37716454019802
4.0,3.6053513258960304
13.0,3.6053513258960304
4.0,3.6517884236662628
2.0,2.8159793393735324
-2.0,3.0101899781515153
2.0,5.361900979820635
4.3,3.174347956394853
9.0,3.4117619085626028
-3.0,3.120661732181761
4.0,2.50631507331776
1.0,2.8858349148604976
7.0,3.19894289597836
7.0,2.964441095101028
4.2,2.24843816630102
2.1,2.096712779393876
-8.0,2.582758546415706
7.0,3.1323882208952973
2.0,3.606593825674881
7.0,4.326557662439357
4.0,3.5206281326018347
3.0,3.3886548275960844
5.0,4.375932432989696
3.8,4.126409140421748
0.0,4.492739903378605
5.0,4.492739903378605
10.0,4.24313730957554
4.2,3.9158112101956086
2.0,3.9200039093185404
6.0,3.645300089875464
6.6,3.2734400352553052
-2.0,3.466902711837425
3.0,3.0094869390406678
7.0,2.7397757478848486
3.0,2.471325039219995
1.0,2.2693029985306943
5.5,2.326470579538888
2.8,2.3702824836802967
5.0,3.0932071726259838
0.0,2.9908359732737515
1.0,2.430002000266128
1.0,3.7256607309396528
8.0,4.602587692161237
9.0,4.488204892153315
5.0,4.646448211494495
5.0,3.4483685564667126
0.0,4.357691640945244
12.0,3.980386715208888
3.0,3.860306023596878
1.8,3.662510249076584
6.1,3.566307568708845
-8.0,3.6887554147404638
7.0,2.7398935430609024
5.0,2.4706272085409187
1.0,3.1208887864018457
-3.0,3.0612732204224655
-3.0,3.1409472818733595
4.3,3.3535489353530408
-1.0,2.9955627788571118
0.0,2.9706835830733787
9.0,3.1831539406075366
-1.0,3.056579019911703
0.0,3.247690937463462
1.0,2.746586630434355
0.9,3.971194316278334
5.0,2.4377391022843637
7.0,4.727412848044394
6.0,4.610612257766417
6.0,3.59900835272234
3.0,4.530137006149436
6.0,4.158902823056411
7.0,3.667016739490266
7.0,3.9830504817893417
-1.0,3.6995608627755843
7.0,3.9656128248308353
3.0,4.17620159470694
7.0,4.804639760779801
2.0,3.4413719883396676
3.0,3.4771544740239992
3.0,4.788881396756971
6.1,4.005926259698028
1.0,3.3647779810915366
0.0,2.8135295271311787
-1.0,3.3117714551775013
-1.0,2.5066422379308495
3.6,2.3052682858182156
-5.0,3.7277309626966977
10.0,3.448734934262169
5.0,4.7192906131333965
1.0,5.134479759976253
4.0,4.147050276950801
4.0,4.070732725743461
7.0,4.191724101314642
6.0,4.018782863837659
4.2,3.665728823045357
6.0,3.8598141232513234
6.0,4.133639049481892
9.0,3.757362322908078
3.0,4.308840743162185
2.0,3.664390572109418
4.4,3.060497220396685
2.0,3.5755282412232243
0.0,3.539867111643184
10.5,2.795248622577814
2.0,4.3083361310772545
5.0,3.8409424046663827
-6.0,3.11033910686717
6.0,3.4924575749581535
3.0,4.447063706130371
4.0,3.7567229769435984
7.0,3.8033527635593107
12.0,4.730293178710264
3.0,4.037452313185752
9.0,3.7256976299213895
7.0,4.0954938976157536
1.0,4.653703911583289
4.0,4.465085022718026
1.0,4.231080485376513
4.2,4.20114873522357
4.1,3.982672580620631
0.0,3.3315234611362965
11.0,3.3460314417330954
8.0,3.063050534508304
7.0,2.9870521066684725
4.1,2.517948474155809
-3.0,2.557898009243892
8.0,3.23251386929659
4.0,2.68989797876469
-3.0,3.0066350273007756
-1.0,3.404393588691053
5.0,3.9614647882652725
5.1,4.444896056858003
0.0,4.831052174068137
0.0,4.487783548554637
1.0,4.2716815945344875
2.0,4.900410549079988
0.0,4.415920975825481
10.0,4.377372415363847
5.0,4.239457536755024
4.2,5.063834242454431
4.0,4.144781422007121
8.0,4.700972787706731
10.4,2.9416051932009695
5.6,2.293228903015694
10.0,3.525173563255021
5.0,3.513666257574528
5.0,2.8555835956898483
4.0,4.157367300820277
6.7,4.407693233303704
6.0,3.869056802990325
1.0,3.881313858146487
10.0,4.214419005108926
5.0,7.334589997073408
7.0,8.252856333335528
3.7,5.174377435435566
3.7,4.951386175467069
13.0,4.230414516452409
8.0,4.438370328025307
3.1,4.236248926231786
10.0,4.494934349672841
2.0,4.063287244357966
1.0,4.311684937880525
0.0,3.8969720714635616
1.0,4.016799706311474
11.0,3.7766654516264855
3.0,3.8312916973195157
3.1,3.6005510921240687
2.0,3.4165051939821005
9.0,2.934703132319888
-1.0,2.7936775526116313
0.0,2.7139625385079156
3.0,2.7139625385079156
26.0,2.652464931892956
9.0,5.28276697927786
3.1,3.3471750051737073
8.0,2.9642197987452876
13.0,5.639791859727102
15.0,3.8516730787207285
2.0,3.85229353903669
5.0,4.9987296741076435
-1.0,3.8265007562589273
12.0,4.331171448289392
6.7,4.1322847228938
-2.0,3.965093508634722
1.0,3.5777708788543188
7.0,3.4751288340733524
19.0,3.549903701162124
5.0,4.332707589901193
6.5,4.2519483030408525
5.0,4.4560279362431015
15.0,3.0534382482154374
5.0,3.756441151405473
23.0,2.3573286445901074
11.0,4.452549351290963
8.0,8.101761976689067
23.0,4.545338424267026
2.0,6.15805369727337
-1.0,2.457316470040242
-5.0,3.2334067238030304
11.0,2.766425087948175
6.5,3.5378641380493767
5.0,5.039103585683562
18.1,4.716686371079603
1.0,4.949137185682187
2.0,3.575702335450561
12.4,6.34521949371777
1.0,3.488210912089694
1.0,3.533390073598261
5.0,3.59900835272234
17.0,3.82891538568797
2.0,3.8782834947729117
5.0,3.646309947069639
22.0,5.098137265769865
-1.0,4.118394171898553
17.0,3.8851532823475665
12.0,4.11709295906114
11.0,4.62721061301764
2.7,2.4471594867252144
2.0,4.2373863043161215
9.0,4.94327359727784
9.0,5.513039182577139
2.0,5.235963265094779
22.0,5.258995250292887
5.8,5.303033240167722
5.2,4.206519130968524
7.7,8.211276835166458
23.0,4.903270453428752
6.1,5.735842891256179
27.0,5.195518441740627
26.0,4.9459956027088126
0.0,4.83884589706958
4.6,5.815292117607557
1.0,3.9590972447583317
5.0,3.498808907953538
26.0,3.4450044546040273
6.6,2.7388025377829495
16.0,2.228731068326208
6.2,2.615914497654756
27.0,3.563931131347466
27.0,4.0258272579401035
5.0,5.507724874518552
3.0,4.299705438336677
3.0,3.3093986103790867
12.0,4.820961390140069
10.0,5.567382927443472
5.3,5.4859662895834775
10.0,3.325816135523933
8.0,4.835503804519115
5.0,4.960653613156477
5.4,4.410887175462637
4.3,4.321619068278324
6.0,4.407921030682081
14.0,3.6228955804715395
4.0,3.80369693652994
12.0,4.081426614436345
16.0,4.308125420626716
3.0,4.178687062785035
4.0,4.1643746206455825
5.0,4.026232125511494
4.0,3.1226214667873733
7.4,2.9514325194933595
6.7,3.891591155047447
3.0,4.096650493343091
34.4,2.971311232512036
3.0,2.6338980185103136
8.0,2.6435780365195902
4.0,2.577585552986356
7.0,6.62087213453116
-1.0,5.4783309621102125
1.0,3.9778137426454845
2.0,3.800906049416928
10.0,4.530624961029091
10.0,3.6716218552745543
8.0,4.370580004078465
-2.0,4.228611878064339
5.4,3.526799849418446
2.0,4.327776881375552
3.0,4.520464991816209
1.0,4.246070435540816
3.0,3.634575364043693
4.9,3.868118144603517
10.0,4.494635054717447
3.0,3.666973636922361
5.4,3.2623875106112417
5.4,3.144962946665721
3.0,2.967197402260666
5.4,2.60028883715828
0.0,2.6593503777438126
2.0,2.3747866255613155
1.0,2.441606633822494
4.6,3.104087994309571
3.0,2.8126942690974084
3.0,2.0685115329457693
-3.0,2.0254233989695876
5.0,2.053713014137105
3.7,3.958580200365577
7.0,3.9370113209353303
4.2,3.4469250183064637
4.3,4.552170407598102
-4.0,3.436092127043511
8.5,3.4887739188443723
-2.0,3.9203647243680075
4.0,3.688899370907572
5.0,3.408870869722854
-8.0,4.466439349678465
5.0,3.3105599765373572
3.0,4.106313341729726
8.0,3.0743951029158203
4.4,2.4550206350691144
6.0,3.4574011747945437
4.0,3.5170516674279004
5.2,2.5434862795190347
0.0,3.225774834374147
2.0,3.2510990758975957
4.0,3.4038307021464322
-2.0,3.5105225763180945
-1.0,3.432440357105792
6.0,3.1421527417523794
2.0,3.6373794503916144
8.0,3.127550725699587
0.0,4.000317096396138
7.0,3.5179618700720714
5.2,3.451821580742741
5.1,3.4798566577168364
1.0,3.613034148290579
4.0,3.3896070333904644
1.3,3.005133443057037
7.0,2.648493202182146
-1.0,2.761975368848081
6.0,2.685847083144674
3.0,1.9603297451067418
13.0,2.186340856197927
7.0,2.5823019165716627
7.0,2.335039076922529
4.0,2.2742225783283314
3.0,2.2771632673832145
7.0,2.4290130859686876
6.0,2.7259226149462195
6.3,1.941560483058752
1.0,1.861746604683656
7.0,3.5104659096536093
5.0,3.1358894807364277
14.0,3.3177846447858683
8.0,4.630223814622392
2.0,4.8721499134365445
11.0,4.334270590887363
1.0,4.008271599189585
4.0,4.40098861688718
4.0,3.406508066158432
-6.0,2.8100676156836295
4.0,2.695434436320113
20.0,2.8604102004409406
6.0,2.977043281973272
6.7,2.474252268580014
8.0,2.820590387933558
2.0,2.461759187119638
6.0,2.2775017370281248
4.3,2.73295056402308
0.0,2.913210250773421
0.0,2.8216212197100035
14.0,2.848334953750473
1.0,3.220789663150485
12.0,4.1846913540020445
3.0,4.589794697896842
11.0,4.733584638790066
0.0,4.4375160618231835
5.0,4.017887401595268
6.0,5.633521993056545
3.5,4.405148213099663
4.0,4.510083169725389
4.4,3.964452126988056
3.0,2.932227339495518
6.0,2.8887341455416653
6.5,2.8520387904097815
4.0,3.0898340742949264
-1.0,1.6149864316092992
5.8,2.252153927319744
-4.0,3.1068169442000086
13.0,2.480223718241681
3.5,3.212910074679812
0.0,2.8033119421374484
3.3,2.0967152743333624
1.0,2.8257180731122458
-1.0,2.33044372078155
1.0,2.337904526803068
12.0,2.4399852964386546
2.0,2.7508321329274636
7.0,4.785448511072219
6.1,3.3224323121176917
9.0,3.789921887219293
5.0,3.7922811086346213
3.0,4.127778261650333
3.0,4.63043111378808
6.3,4.817327693989621
3.0,2.7658916655317256
6.0,3.4262156490903446
1.0,3.506197608727454
7.0,2.664957398558022
1.0,2.944382112884263
5.3,3.2361017688100433
6.0,3.156743713245829
2.0,3.379327134542917
4.9,2.4352715971307735
5.5,3.1741237846972306
1.0,2.6144548135853394
1.0,3.4362460515453175
1.0,2.4105482771489664
1.0,3.1566882663136884
-4.0,3.601161759251369
5.0,3.036793912348216
5.0,2.9160610423718136
5.2,3.3449855330668252
7.0,4.423870808916885
1.0,3.841432913993613
2.0,4.417362905161407
6.6,3.597421196132957
4.0,2.8936432320445653
6.2,2.555283283194444
5.0,2.792542514767786
1.0,2.5475205158794463
6.0,2.534770655609566
1.0,2.2414610616053294
5.0,2.1419926515456376
-1.0,2.8548403404731624
-1.0,2.314769277730408
4.1,2.314769277730408
2.5,2.5192245924623538
3.3,2.1070251931637918
-1.0,2.5781870487351726
0.6,2.5631915701564028
-6.0,2.41651567202498
-4.0,2.8772189674199073
3.0,2.9999260981676223
7.0,3.022881664574543
3.2,3.308728544534093
3.0,3.935223186782767
1.0,3.3892946099724073
2.0,4.089942913627889
3.2,4.493296304379529
11.0,4.850149470501278
8.0,3.2703909014743107
3.0,2.877963305509827
4.0,2.849904497218997
2.5,1.9623301841790197
7.0,3.0520165162939437
8.0,3.2338495520465713
4.0,2.9049110225836374
1.0,2.9660336569884813
4.9,3.6605770401081013
-2.0,2.9980018256170275
4.0,2.9805647943045326
-2.0,3.5500262086826524
10.0,3.0751357910107853
-2.0,4.101579947607199
5.9,3.45425499630611
6.1,3.7365546614166107
0.0,3.0644121653605683
5.4,2.616339003328584
4.0,3.1271220980817045
5.4,3.0781098914129834
2.0,4.281648599661167
-3.0,3.176842965320175
5.5,3.074737039686789
2.0,3.4823498384926115
4.0,2.2038381700959233
0.0,2.5058561177271805
2.0,2.455858267417094
5.0,4.0843740522808805
-2.0,2.661378104668326
2.7,2.5006266111344306
3.1,4.097129839701084
3.0,3.397671138929811
1.0,2.407966286172706
1.2,3.4023770171658434
-2.0,3.3373149940102
4.0,3.3410605290066697
3.2,3.261311065628289
10.0,4.009951860176062
1.0,3.764726504255593
6.0,4.090784708487287
2.0,2.997230161165685
-1.0,3.2723026070410386
6.0,3.0395312715875344
13.0,3.5686665145204404
3.0,2.660867061905553
4.1,2.981547801450222
1.0,2.1642264086576968
-1.0,2.5567629679069324
3.9,3.3357177615069573
3.7,3.586681779780799
0.0,3.5541262552231694
3.0,3.1896647892971313
4.0,3.425493751388312
2.0,3.1891192632760004
4.9,3.2910893616636345
-2.0,2.458486414597613
4.0,2.0896824609960656
4.0,2.1842569813497037
3.0,3.1071610505175666
0.8,3.7144435054156983
2.0,3.308728544534093
6.0,3.1421848654126805
12.0,3.1421848654126805
5.0,5.10611087263367
5.0,4.598235009414177
6.0,3.246473995794473
3.0,3.8759757165337922
5.0,2.718905308509273
-1.0,3.2937046108958525
3.7,3.4913630275910834
4.0,2.6755698264490047
-1.0,2.4305495822090637
0.0,2.1704456217528696
7.0,2.906152192102841
3.0,3.494202595076587
-1.0,3.313300070138022
-1.0,2.678258699032458
-1.0,3.494202595076587
11.0,2.312688996022043
-2.0,3.4144588900022588
12.0,3.1917625592888146
5.9,3.2462659837911367
12.0,3.398090502315936
4.0,3.6455307405595168
7.0,5.171607386304395
5.0,4.23970169186427
12.0,4.034788393475587
7.4,3.572327154182365
1.0,4.199155249586836
4.9,3.315173099883318
-3.0,2.9989630768386504
8.0,2.377352844786913
1.0,3.6170758865192565
5.0,3.1710585186442293
7.0,3.7811527767893947
7.4,3.6200413468090384
2.0,3.161436096089841
5.0,3.1492459109276867
8.1,2.9621881361518025
3.0,3.112824858205024
-1.0,2.7637634289084283
6.0,2.1252490085895688
7.0,3.2800338567863903
12.0,5.1545131828776745
6.0,3.561233941495565
8.6,4.759338121468492
7.0,4.914453453241591
7.0,4.611504499866796
7.2,3.9984505398889283
9.0,4.078010219432978
4.0,4.176132581609214
7.0,4.368467824707261
4.0,4.268085972886873
4.0,4.274962961662442
2.0,3.6746250763546175
10.0,3.742158329963886
2.0,6.441554541798794
7.0,3.1003975625334075
8.0,3.5122699752641706
1.0,2.415754727907103
2.0,2.957988771790948
1.0,2.026197295612999
-1.0,2.3024348426313357
2.0,2.8134729294536314
2.0,2.955635541128622
-1.0,2.85494145941845
4.0,4.880692845856661
1.0,4.083839314620736
1.9,4.455082143370241
11.0,3.8301363358434135
6.0,3.775013215550807
12.0,3.535120742120621
3.0,3.7110779573925994
6.0,2.960849308476996
-1.0,3.1925592326463597
8.0,3.0797535994584417
0.0,2.8866878523766966
0.0,3.0831465673209375
4.0,2.6406623914795633
13.0,3.8901458184188904
0.0,3.0108042441824896
2.4,2.7333455231662382
-1.0,3.4751253749450384
0.0,4.476613499544703
-1.0,2.6876537607429083
1.2,3.301324665164815
1.0,2.6238967920408127
2.0,2.232795583938101
6.0,2.261469218173247
7.0,2.544594532420226
2.9,2.83570609963387
5.0,3.2049729585622395
7.0,3.370452588700412
7.0,3.6340485607744855
4.5,3.387323787722243
1.0,3.4058617750764753
12.0,3.3074407811967563
2.8,2.8493658854132353
3.0,3.2836324059950805
-3.0,3.1387838694715104
0.0,3.0976085692134454
9.0,3.1283798965626834
7.0,2.5027138739494914
4.0,2.57593350006659
2.0,3.0849391853645827
0.0,4.06906683570609
-3.0,2.468673148192162
11.0,2.020284278598921
13.0,2.0310881595610906
-2.0,2.6118649434625683
1.0,2.3864046699405326
6.0,2.2232070003839346
-2.0,3.6034410290679992
-1.0,2.3068253083658483
4.0,2.970098636612728
4.9,3.80608840697366
4.0,4.409913658090538
6.0,3.9483713998248833
2.0,3.4885153528838084
8.0,3.5623157879085707
7.0,4.367601393118883
3.0,4.320179086969744
3.8,3.5707097326124635
5.0,4.025912335383087
5.0,3.992148096273005
4.4,3.990728071870145
6.2,4.071192533947838
2.0,3.611243418417575
2.0,3.811788630469012
4.1,3.3569871992558826
2.0,3.229092808033656
7.0,2.361639391483223
5.4,2.4893403690578304
3.0,3.6133892686818405
6.0,3.518358905483183
6.0,2.519602029075142
-2.0,2.5261156538339145
5.0,2.7641212172555476
5.5,3.757229056851744
7.5,4.589941934117484
9.0,4.54348492663937
5.0,3.886981037338954
3.0,4.78428433300899
6.0,4.241403080102167
16.0,5.004157175948636
1.0,3.91122744426
3.0,4.003203478194892
1.0,3.8718016320264756
4.0,3.7184448086800317
1.0,3.5176002320532924
2.0,3.4518565416601454
3.0,3.142837249269944
5.0,2.7945778682665052
4.0,3.086881781390268
5.0,2.857767291426417
-1.0,2.358877867385715
2.0,2.490415017342402
5.0,2.546677150718074
-1.0,2.436119170530765
6.0,3.241809805457469
3.4,3.4498769716263347
-3.0,2.9932755989160635
-2.0,3.2536851714993276
2.0,2.109848044021298
6.0,2.28639370538054
3.5,3.60830312435829
-0.1,3.057699041899906
8.5,3.7623469506580536
4.0,3.043570837595471
2.0,2.780493322307413
8.0,3.378712306283122
6.0,3.409314268045608
0.0,2.8449063674722144
5.0,2.766479241327065
6.0,2.66541455275326
1.0,1.6278608378758124
3.0,2.033637832360296
3.0,2.079840156895313
6.0,2.263827323500857
5.7,2.2228950439391126
5.8,2.636969771899159
5.5,2.634826769988063
1.0,2.4272811861057733
0.0,2.499497743996118
-1.0,3.5823419980170796
-1.0,3.2706672330545414
7.0,3.3142574789087242
11.0,3.1990121250156682
6.0,4.090289819819521
7.0,3.888689742711049
3.8,3.5367109410882254
3.0,3.643565258269472
2.0,3.566307568708845
6.0,4.200413834150385
5.0,3.449632164813263
-2.0,2.542635417078212
4.0,2.6017557093678203
2.0,3.3564341831026985
4.0,2.7231134234307395
-1.0,2.953139222115232
8.0,2.1398009133700575
1.0,2.2777246035293097
4.0,2.5972352124187346
5.0,2.6895387193259377
5.0,2.524021514709998
6.0,2.6823522039911714
2.0,2.6234060726277195
3.0,2.6621838140571565
-3.0,2.4156810166503884
8.0,3.873135590901038
4.0,4.065358440658351
7.0,4.245804007469761
7.0,4.170143468256627
4.0,4.138120425835756
7.0,4.419425420127845
2.0,4.253654161677025
9.0,3.929075740946176
6.0,3.575605022902534
7.0,3.465014933986603
4.0,3.2379128437979983
1.0,2.7730433452610113
4.0,2.662657056723342
5.0,2.380173102269523
3.0,2.5145676152997347
5.0,2.487256870617655
1.0,2.578442350758367
2.0,2.93101627172516
3.0,2.38295535308225
3.0,2.2606770174672777
1.0,2.440712786318892
4.0,2.972468107818996
2.0,2.8987246887092963
4.0,3.5546954689872123
10.0,4.014023439631454
8.0,4.351137791276168
5.2,3.4483685564667126
9.0,3.395648444459383
2.0,3.4487675091254677
2.0,3.5380543978263135
4.7,3.3264891735104953
5.8,4.225642550937496
15.0,3.6191389563592207
4.0,3.3066154902913603
3.0,2.5552233478700668
3.0,2.7038656867216746
1.8,2.4364014880183147
-2.0,3.664861429460838
1.0,2.9605728497913435
4.9,2.7205978189801625
0.0,2.6336181092374185
3.6,2.507129888604709
7.0,2.2388045718331173
2.0,2.4846974505262827
0.0,2.4200498156579093
-7.0,1.998740099273219
9.0,2.925566367674184
3.0,3.6635173931450637
4.0,4.231862369552073
3.0,3.7118235281222915
6.0,3.575458486353185
3.1,3.7231859287579088
3.3,3.181600306839896
-2.0,3.4281737487070103
3.2,3.753234268880816
2.0,3.775652079208064
1.8,3.223798874966445
4.0,2.9364144960165888
0.0,3.2455197612655637
5.0,3.0329153719482047
3.0,2.356891188434071
3.0,2.415458506364838
1.0,2.845037340514262
4.5,2.367885576848271
4.0,2.0206134313104287
2.0,2.060368495945324
3.0,2.237012721854066
2.0,2.975944866771977
2.0,3.4186867338894515
-6.0,2.179088053337274
4.0,3.0012249548725016
10.0,3.465498819004053
4.4,4.663670418954257
2.5,3.749162207913638
1.0,3.8768417032391005
3.0,3.856763480645272
-1.0,3.432293719313155
-1.0,2.917750685255194
0.0,3.3135319920341324
6.0,3.7992279341455713
2.0,3.2131122799044065
5.2,2.7682409590515364
2.6,2.168170284705318
3.2,1.8811027443069397
-4.0,2.1981731748316022
0.0,2.003595772224407
5.0,2.3287139853227363
4.0,2.3607239451507565
-3.0,2.2456746197941477
0.0,2.347240509718453
5.0,2.347240509718453
0.0,2.1126581602172685
4.0,2.3920540326090687
3.0,2.0002852479578888
5.0,2.6746588575006225
2.0,3.48021806310337
2.2,3.739680024313296
0.3,3.5954439554664206
0.0,3.5462409507550126
2.4,3.7002723864886864
3.0,3.5462409507550126
0.0,4.959273149507112
4.0,4.792997413271884
0.0,3.363134448364267
5.0,3.0914933550941512
0.0,2.7606423622492176
3.0,2.808739065652046
0.0,2.835257392347857
-1.0,2.7485383666705294
4.0,2.499819727938636
4.0,2.336590876532958
3.0,2.403709027837897
2.0,2.3631736337667344
4.0,3.062403962045352
2.0,2.809426812294742
7.0,2.6457743637527997
-1.0,2.861325990918788
2.0,2.5114340449181136
2.0,3.4983181167363093
3.0,4.01269001435013
8.0,4.1751028363670555
3.0,3.6716218552745543
-5.0,3.780010838415103
2.9,3.351147666465977
1.0,3.812545695278349
6.0,6.277260564756807
1.0,3.9592527076786457
9.0,4.04454286457042
4.5,3.6638676902057736
1.0,3.4364965964922867
3.2,4.0111765569219076
2.0,3.657173412448904
3.0,4.019481716570439
3.4,3.2017639912451963
4.0,3.13776648131741
1.0,3.8932448798235497
0.0,3.130488155690785
4.0,3.1890081036194733
6.0,3.1325270860209304
2.0,3.726025867543723
10.0,2.9713499160290886
6.0,3.85572691950758
5.6,3.709487445554817
10.0,4.557199042803512
3.0,5.60235540517618
3.0,3.688676624116521
11.0,3.5916720717261517
5.4,3.5497977227490063
4.4,3.725317859610588
5.1,3.8306268590484445
2.0,3.411567290721563
1.0,3.604697632667025
5.6,3.057429029371842
5.0,4.035646055246099
5.0,3.227646221064676
14.0,2.8154043417670906
8.0,2.639149876883469
9.0,2.8197262769308256
3.0,3.661251544260624
18.0,4.030766127734434
9.0,4.461095814690285
18.0,4.014957125220423
14.0,4.047203747221497
13.0,4.353378827713389
17.0,5.421284598263082
9.0,19.45366139786725
11.0,4.388641753442773
4.0,4.918188990103008
6.0,4.755491757526531
1.0,7.567022981164818
7.0,5.594700926762154
14.3,5.572283116434906
15.0,4.5074693462777615
7.0,3.97047008178704
8.0,3.2409103340402825
5.0,4.358107660419081
16.8,2.9256999525138125
3.0,4.703024203506633
15.0,3.426285321073235
6.8,3.9976063356517075
8.0,6.1238056066634865
16.0,4.750049503293199
4.0,4.796498887550946
6.0,4.734425311858658
10.1,4.690254119320881
12.0,4.131173558266904
10.8,4.356788165925068
0.0,4.0322525583790165
3.0,4.1177458374771785
8.0,4.410231289398374
9.0,4.109004295440842
6.0,4.358595627993859
13.0,4.7818821617596425
0.6,5.690507376676942
10.0,5.576560145235084
5.0,4.579420345968665
4.0,4.600515755986295
4.1,4.145681362970754
5.0,4.147221598210351
3.0,3.8574900386822693
11.0,3.1990502100426164
5.0,3.2290320180959684
7.0,3.6317765103385184
4.0,5.376771480583809
7.0,2.910893274775748
9.0,3.7277749323917413
11.7,2.7338024956712568
11.1,2.7785330857338217
12.4,4.2863000882674624
8.0,3.294864326506003
9.0,4.501347493942679
-1.0,4.155138404190718
4.0,6.284234502459943
11.0,4.54883334499886
12.7,4.3704313661175025
-1.0,3.6294055603791757
2.0,3.5893996812270568
7.0,4.492227703433778
1.0,3.8651553557943688
12.0,4.111538212469246
-2.0,3.9101997784630775
0.0,3.8495690620227454
6.5,3.7660400179595275
8.5,4.267065718105417
2.0,4.785865908067141
3.0,3.1452013585528324
4.0,2.9944816794145783
12.0,2.830340114237281
10.0,3.294665228863963
7.5,4.387775638847684
1.0,3.7857422080383927
1.0,3.1544532444166054
8.0,3.1796335816243317
6.0,3.6800584355679105
2.0,4.236431946104763
7.0,3.117762248060335
8.0,3.6278965944534836
-1.0,4.713755526653001
-1.0,4.828973947255684
8.0,3.7377258472788704
6.5,4.165397334423861
2.0,4.530137006149436
4.0,4.096130367479485
-3.0,4.268857597286059
3.0,4.707627002519146
4.0,3.635710869809286
0.0,3.557545173612818
3.4,3.922931683752456
-1.0,4.028216477408022
1.0,3.939170952072894
3.0,3.506944107866151
4.6,4.018872716615478
2.0,3.5104410819631204
-2.0,3.6340696069270675
3.0,3.4869529413903173
4.0,3.2437703806065663
2.0,3.327469531399006
6.1,3.0590513272857547
0.0,3.0154766540797686
5.0,3.3329276116926123
-2.0,3.3989200952258467
6.8,3.647782550322572
6.0,3.715308036951622
8.0,5.039103585683562
7.0,3.945484988326357
7.0,3.6418988416648466
1.0,4.192266461585239
6.0,4.175707787397191
6.5,4.080924795490337
5.1,3.346463352845022
3.0,4.6365252264051655
6.0,4.368467824707261
-2.0,3.9644326007573927
6.0,3.834734836990699
2.0,3.5553393195449936
9.0,4.225009938324173
-2.0,3.6981802572022238
2.0,3.308341575000433
5.1,3.4363542989172626
5.0,2.9921581965175625
7.0,4.9320620299568425
22.0,3.9587393492024336
9.3,1.9777718716050887
-2.0,3.3226934216851145
2.0,3.129222745276479
7.0,3.1336641353769785
6.0,3.998558818817886
5.0,4.572161883361776
1.0,3.937037980505273
2.0,3.6337197258780938
13.0,3.812545695278349
11.0,3.6457498133439796
20.0,3.575611057898544
13.0,3.780271275358077
14.0,3.568178440944647
5.3,3.8646602989796652
7.2,4.538168738780963
15.0,5.063508243647672
1.0,4.81228829337186
2.0,4.790755922041291
7.4,4.410778727131248
24.0,4.438817449858505
2.0,2.7865237688745617
28.0,4.157522429382395
4.0,2.9939357567037983
8.0,2.838305921278197
-7.0,4.376220773297199
3.0,4.896515748453059
5.3,5.111996369935932
0.0,3.472041563071495
9.0,4.397439484703585
15.0,3.4928021072495863
4.5,5.12328520671522
13.0,3.386591690785629
3.9,4.995371663310033
3.1,4.206281307233891
13.0,4.131970856673209
5.0,3.728068508221017
-1.0,4.673994407088671
21.0,4.524853121429647
24.0,3.7126222295401754
2.0,4.944272929081036
6.4,5.456675904084254
16.0,3.210180860494681
1.0,4.992986009086061
15.0,6.346738836534136
15.0,4.519988601585837
21.0,4.719301227249854
18.0,4.300532635580554
10.0,5.681643172076393
23.0,4.532543279700695
17.0,12.049514349446847
12.0,4.936614491100477
17.3,4.890336630555767
5.0,5.507458606806263
9.0,3.6598532948165605
19.0,4.761342533360402
15.0,3.7435115551332796
17.2,3.7435115551332796
17.5,4.21986343596053
0.0,4.465085022718026
0.0,4.017893832244057
3.0,4.908024240548101
5.0,4.095247614029616
5.0,3.343217467818834
6.2,3.845068279274432
2.0,2.2488752286277456
2.0,2.5848865854748464
17.0,3.1237007603463476
6.7,2.819537909422244
6.0,2.666440398605693
11.0,3.1587879373953376
3.0,2.4102900331031556
14.0,0.5113513654030583
7.0,2.797451467115316
3.3,3.437876240170927
3.0,4.164137961608519
5.0,3.6925124051548988
3.4,4.2399959225209285
8.0,4.051464687612738
7.0,3.0579862730098397
7.0,3.8011202510618625
1.7,3.058798168207795
2.7,3.0086765705807346
3.9,4.290624814533418
4.8,4.061484428125127
5.0,4.066982225123201
3.5,2.9493516350612192
3.0,2.661930853891638
8.0,2.8571980155915577
3.5,2.9177019937047266
5.0,2.970977436006949
9.0,3.1206525621685763
4.9,3.5062290642920773
1.0,3.1912560815029254
4.0,3.546266459594961
4.0,2.9450491634724743
2.0,3.121528100757475
12.0,2.835049610471946
10.0,3.428672585996704
4.0,4.103088546053093
9.0,3.2646473341805966
4.0,4.688271579502772
7.3,4.247811634137806
5.0,4.3184448673770754
6.0,4.596464707953911
6.0,4.067802428057843
1.0,5.281653783098345
4.8,5.303303302458077
2.0,4.327697066446451
4.0,4.092101404959255
3.0,3.3282689618919425
5.6,3.0358660679763743
5.0,3.1079453624052755
4.0,3.3589826634674913
4.0,3.4363489733020938
5.1,2.2186893167110693
2.0,2.159292881507331
-1.0,3.1782935089503406
1.0,3.01761454410047
3.0,3.152282515426866
-2.0,3.152282515426866
4.2,3.1747635243653245
9.0,3.2520955601953747
13.0,4.6258547321215175
3.7,3.4949554952071704
3.0,5.000518860789066
0.0,5.2059447756602335
7.0,3.1246840118732075
2.0,4.197205393555458
11.0,3.950135634677484
3.0,3.6159256329792138
8.0,3.0584572806002135
3.0,4.211086860964708
5.2,3.2698545104498895
5.6,3.52342657128868
3.0,2.0980718037377195
-1.0,2.7072408757898025
4.0,2.4788668944184766
0.0,2.53057014980705
2.0,2.296446501947474
4.9,2.3118799006768502
4.1,2.5127998145178747
0.0,2.4832789901483134
2.0,2.6817111273681644
2.0,2.3303039132511687
0.0,2.118242592813575
4.0,3.5862451655637466
9.0,2.4171961167184324
-6.0,3.120933475892508
3.0,2.098777192046089
-1.0,2.8660272257283075
-1.0,3.0923252707608153
3.0,4.258073376599241
3.0,2.782885420601401
1.0,2.0697689416365463
2.0,2.3849460421659305
2.0,2.209902286008782
-3.0,2.153875235647193
3.2,2.260404381991462
4.0,2.4869835987645743
-1.0,2.4895196155213486
-2.0,2.7521272245431683
2.7,2.268995232783754
-1.0,2.1374215246129005
2.2,1.8101906584350718
6.0,2.034800450780758
2.0,2.6632757964910985
0.0,2.179676640766161
-1.0,2.179676640766161
12.0,2.1498426159395225
3.0,2.3083577425006863
0.0,2.366759956060994
1.0,2.5900961316192466
3.0,2.919508015459538
6.0,3.4051036054124504
-3.0,3.7330891075846835
2.8,3.5932598766384904
5.0,3.5703076123097057
1.4,2.8373482613800327
2.0,3.597927500320933
1.0,3.5447189475786316
7.0,2.3457801172727986
-1.0,2.4260378018164226
2.0,2.777131057132045
2.1,2.2875771254059547
3.0,2.521420847254229
1.0,2.186198408607215
-3.0,2.171389573363789
2.7,2.526787545571959
0.0,2.6435355878636164
5.0,2.4821962965744997
4.0,2.0748375311758376
6.0,1.8773500495132835
2.0,2.9550876220719267
4.0,3.2565740749517094
5.0,3.64997449126993
3.0,3.697671519506527
0.0,3.7556568911249144
0.0,3.4978271154432474
2.0,4.761149828632156
7.0,4.761149828632156
2.0,3.6595854510100354
1.0,3.6335133395290637
3.2,3.3905539194939758
2.0,4.018610859863742
3.0,2.96366580531737
2.0,3.368390730238396
4.0,3.080248762566949
6.0,2.854499088584854
4.0,2.5539036767730487
-2.0,2.803221902623453
1.0,2.4990590516993496
2.0,2.5335021530148643
7.5,2.88791135721351
4.0,2.7431280142779055
2.0,2.9013022936273276
5.0,2.236105334018287
4.1,2.9473959638983214
2.0,2.7919092406778767
4.0,3.5863590024191065
10.0,3.7930026380639283
4.0,4.37837212158276
4.0,4.959465512868575
4.0,3.245319420858559
1.0,4.576034354392088
3.9,4.462512358820738
0.0,5.151657890874823
1.0,3.709309972972632
5.0,3.382685795085202
5.0,3.504025937497493
0.0,3.478829450204519
4.0,2.809633319137029
2.0,2.903363251679336
-1.0,2.686807165792896
9.0,2.4709985328383883
2.0,2.8776469978950976
1.0,2.6148254835755385
3.0,2.194077127739629
1.0,3.0300834008617548
4.0,3.151703529210288
1.0,2.531575363230039
2.0,3.2893157187577895
0.0,3.586588376092523
1.0,3.594154787607634
4.0,3.509595675901241
6.0,4.269481197122161
12.0,4.257081606646774
-3.0,4.257081606646774
3.0,4.257081606646774
7.0,4.14041211410794
2.7,3.5380543978263135
-3.0,3.435522176429543
6.9,3.9003683863691383
5.1,3.4707990817183414
1.0,3.239750131038328
7.1,3.272711139164628
4.0,3.653810203154207
5.0,3.0127494525727494
3.4,2.56911595820268
4.2,2.270228440233032
7.0,2.4232425013877874
4.8,2.0504999511801403
2.0,2.3024090914912496
1.0,2.206003318706117
-3.0,2.3698217531692323
3.6,2.1087992388818626
-1.0,3.1192695239759516
11.0,4.08718504169238
8.0,4.690831596917411
3.0,3.5072972191320297
11.0,3.886916736914769
4.0,4.188451399582769
7.0,3.662235967575448
2.0,3.5464278533622875
3.0,3.810057783655988
-1.0,3.127451877414138
5.0,3.8990780924109534
0.1,2.923472093029728
3.6,3.0048238758136057
0.0,2.931052607740114
6.0,3.2312419056095654
0.0,3.640718950518661
1.0,2.657706953923321
5.0,2.8830537684741406
1.0,2.440229070209689
0.0,2.8975316014007952
3.6,3.0485951614825053
6.1,3.2711785827795934
3.6,3.2711785827795934
6.0,1.9234681335053203
-1.0,3.8386675677572746
4.0,4.938969486095069
7.0,4.444896056858003
0.0,3.720002643909044
17.0,3.717238913300758
3.7,3.661306966411096
2.0,3.6058972472058564
3.1,3.662868297961815
5.0,4.05254487330205
11.0,3.475626978765523
4.8,3.748582986812623
7.0,3.686388732498936
3.0,3.531570057455835
5.0,3.368376382485684
2.0,2.645259535142246
2.0,2.780136374638669
2.0,2.274587305265864
3.0,2.7711975192436014
-2.0,2.301595340635075
5.4,2.5254017140914353
1.0,2.1312403563380884
1.0,2.8261808471742653
3.0,2.456514804420772
5.0,3.0794907460353294
10.0,3.6829966166069266
2.7,4.134620392246009
4.0,3.774721340482347
2.0,4.308125420626716
2.0,3.741912915323024
2.0,3.364534185276433
2.0,3.741912915323024
3.1,3.903353362712993
3.0,3.7119760996676505
6.0,4.055084524747348
2.0,3.2631980047426037
-1.0,3.201033494015332
3.0,3.6480805000931764
9.0,5.10267856558299
3.1,3.3803640380526434
-2.0,2.691543176210613
5.0,2.9092105714441936
3.5,2.9092105714441936
3.0,2.877448435556186
4.4,2.4721066130711136
4.0,2.515193748743576
0.7,2.5088019090276346
2.0,2.623697840033822
4.7,3.5405782680280375
-4.0,3.449623752744247
0.0,3.715308036951622
5.9,3.739325606668038
4.0,3.703969499673053
4.0,3.5401578068118997
8.0,3.778700370510061
3.4,3.211556525261346
8.0,3.7947995630761757
6.0,4.0333846336764845
-1.0,3.929347154408263
-2.0,3.8601938916759964
3.5,3.3658524659189624
4.0,3.140741572829834
1.0,2.5794325484457143
2.0,2.30541746626523
8.0,3.0029466741873603
14.0,3.4565994889604763
5.0,2.4285814342890455
3.2,2.9305548252039664
2.9,2.3217171753994026
1.0,1.9007834824388452
1.0,2.118450877672426
1.0,3.409580516122171
13.0,2.7976644839264257
6.0,3.3201414501871995
1.0,3.555363891016565
8.0,5.135511904391081
1.0,3.741912915323024
1.0,3.617304903361989
3.0,3.741912915323024
8.0,3.4611435316475165
2.0,3.6951714547013848
2.0,3.9533264803917563
7.0,3.8297421644425325
3.0,3.526879248788123
2.7,2.5587435460284955
4.0,3.2388650370558154
4.9,2.5520664467093206
1.0,1.869823791303982
3.5,2.641551170681699
2.0,2.5053327430186334
4.0,2.8613416190787317
2.0,2.5900586122528146
2.0,2.481055322249095
3.0,2.9819544173473536
1.0,4.070764371492945
2.6,4.622138254227604
3.0,4.171461435315228
8.0,4.368467824707261
0.0,4.246677840785994
3.0,3.5889642639206683
3.1,3.544711974458515
7.0,3.829471878520289
10.0,4.078970129307021
1.0,3.681224977385857
3.0,3.5154924670693948
6.0,3.335656299112791
6.0,3.016340888131722
4.0,2.3998663033927774
4.0,2.391731210471507
4.0,2.548786003042444
-2.0,2.2700247023661095
4.0,2.5145729965494406
-1.0,2.3390101001604577
2.0,2.690580821194097
-1.0,2.6618818891459664
3.2,3.792802827531448
4.0,4.515265373348504
2.8,4.112104353074028
3.0,4.142660232825428
5.0,4.10944636742851
3.0,4.231236351349777
-4.0,3.9103692552462204
3.0,4.021316843147398
2.7,3.510119910753704
6.0,3.8637590289223365
3.1,3.499580722050311
3.0,3.021281849640257
4.0,2.4561532289934367
0.0,2.8066423268119784
11.0,1.9461067582423153
1.0,2.6508786367415604
2.0,2.1266357081202334
3.0,2.088206554762424
0.0,2.41229119176832
1.0,2.197479105556582
6.0,2.9473335503936666
3.2,3.2157924499082315
1.0,2.4013194381574925
7.0,3.4425358119964664
8.0,3.4590020112714206
14.0,3.3264891735104953
11.0,4.6051793683040705
5.0,4.417085832394423
-3.0,4.238993668136428
8.0,3.861855425039477
3.9,3.045833922020449
6.0,3.50437700624758
3.0,3.743653874299521
4.0,2.762581137079504
4.0,2.7355241611431667
4.4,2.6725991665884505
10.0,3.181854560859624
2.0,2.7912390673135468
-1.0,2.6835230177051232
1.0,2.57764698234283
3.3,2.6968230577223395
3.0,2.4867099734855618
1.0,2.6336181092374185
4.0,2.169698098435414
1.0,2.980858399482942
1.0,2.938091840852885
5.0,2.642469332429544
5.0,3.4494022030116755
-7.0,3.5266726635890224
0.0,4.1093072123608945
7.0,4.337624571605506
5.0,3.395375900176675
-1.0,3.86945414935379
1.0,3.7330891075846835
3.0,3.3895036249518338
0.0,2.9844308267843287
2.0,2.964111059004525
-3.0,2.6517125537599315
1.0,2.392033663250102
6.0,2.657779712116463
2.0,2.390033262932135
4.0,2.5201436970317457
2.0,2.6197619436208948
-2.0,2.5699355129823798
3.0,2.2792560317033033
0.0,2.858818537907212
3.0,2.527134954100265
1.0,2.554782769657419
3.0,2.378553954755117
2.0,2.7469715876786647
10.0,18.008678194247484
1.0,3.803077984706259
1.0,3.7141672833537607
2.0,5.035075219448534
5.0,3.546776592408717
-4.0,3.735251060875578
-0.4,3.735251060875578
3.4,3.550340590925289
5.0,3.593336081763347
5.0,3.638515243271914
1.0,4.048145683062769
3.8,3.785016795646036
3.0,3.239579071557821
3.2,3.115053728342691
2.9,3.609118004516185
4.0,4.843750837304621
-2.0,3.9288669856966503
10.0,3.6194116563593766
12.0,3.2422408725821628
3.0,4.288161772056435
5.0,4.067422205147196
1.0,6.925171732915373
3.0,4.403464533475709
6.0,4.230265987844408
-2.0,3.627517470255653
1.0,5.109348841371825
5.0,4.635221755707691
3.0,3.9070331355335086
3.0,4.191724101314642
2.0,4.0119044405483395
5.0,3.4538210739772786
3.0,3.3461316085440855
6.0,3.8011416998311907
6.1,4.110448564727062
4.0,5.2930309780068265
1.0,4.267065718105417
3.0,5.0537213126159495
5.0,4.942473012116888
8.0,4.2916802562307
0.0,3.601661945162991
4.0,10.204621567873568
5.0,8.884671124287157
3.0,7.437006833715748
6.0,4.148548324300943
-2.0,5.031534257116867
6.7,3.677444755855356
6.7,3.2314816722032247
3.0,6.37094054577165
1.0,4.914476738465769
6.0,5.258726403612456
6.0,6.004752940173826
11.0,4.078937752051279
10.0,4.253793435485484
3.0,4.172891416697772
10.0,4.635823388567927
10.0,4.828148456403016
11.0,3.4952045289529927
10.0,3.812545695278349
4.0,4.150357345944572
9.0,4.08244273138976
11.8,3.8067177120685316
5.0,4.0587094864558475
6.0,5.19445705109457
4.0,3.594099959362445
13.0,4.175364411064739
2.0,3.1120412644246644
3.0,4.656805924612821
8.8,2.56907337269254
2.0,4.516457072877229
9.6,4.361098385327179
7.7,3.2468830505458013
5.0,3.578564889498333
12.0,4.34288417273763
1.0,4.732498870708535
6.0,4.46815461438498
5.0,4.014695028807895
2.0,4.711967011427891
5.0,3.604902355785303
11.0,4.35363515424495
-4.0,3.7271246549827093
6.0,4.825734247153681
5.0,4.602983241320724
3.0,4.671298679010236
3.0,4.452336527074073
5.0,3.8550416088003874
5.0,3.962352684898892
3.0,4.145367213418637
9.0,2.6888515934225103
8.0,1.9407237193213065
5.0,2.4975321629152734
2.0,2.2409671053230324
4.0,3.560863471467272
1.0,2.280730083010467
3.0,2.4659229323802583
5.0,2.5286824016547054
6.6,4.093962057222935
-3.0,3.9260026980793374
9.0,3.91654753712627
9.6,3.715336602931638
0.0,3.715336602931638
12.0,3.468137148510815
7.7,3.8252727731961698
8.0,3.7005879631134
0.0,3.5274267762713754
8.7,3.6951714547013848
5.0,3.7388704925821217
-3.0,3.4048789679451352
4.0,3.7607802888829496
2.0,3.3450746185868514
5.0,3.533474429114025
8.0,2.906848969111702
2.0,3.6585749866098074
7.7,2.478636703670856
0.0,2.2168736401380063
5.0,1.9111196835166686
5.0,3.281851858477185
5.0,2.080745419278432
3.0,2.1082028028668507
10.7,2.3154031213708275
5.0,4.024045102950288
1.0,3.615206330111526
6.0,3.7093923397590656
4.0,4.21348384669673
4.0,3.445476711639022
0.0,3.860587226563563
4.0,3.4213956878891754
8.0,3.4213956878891754
0.0,3.29497596166879
4.0,3.4426379875206305
0.0,3.7693661888190744
0.0,3.8297421644425325
6.0,4.100292977988967
7.0,3.419123562575693
3.0,3.274752541151638
3.0,2.8163304260768647
5.7,2.5250548899733256
5.0,2.173687581461697
2.0,2.164534334821238
7.7,3.0238198838660355
0.0,2.509315409639753
5.0,3.339255532310499
2.9,3.6768430375654026
8.0,2.937954416486246
7.0,4.5966680740223484
6.0,3.6488979643693304
5.0,4.4083470222281695
6.0,4.363167860719602
0.0,4.090351479953475
3.0,4.0960563335572395
1.0,3.3653162832617474
5.0,3.3467184676966375
5.0,3.7662919774221
2.0,4.982815683069213
-1.0,3.6386209873932125
2.0,4.230464118920923
3.0,3.800965047330288
5.2,2.6798024723687344
1.0,3.1623733860688605
4.0,3.1183866859999885
5.0,3.5633429956299763
5.0,3.703620373206763
0.0,3.256213989526165
3.0,3.215227639305853
2.0,3.109029656780375
4.0,2.9244211737169334
-4.0,3.36907735203926
10.0,4.50328302963665
1.0,3.908271165151877
4.0,3.634513644269847
3.5,3.8715716742835316
9.0,3.285886696096629
-3.0,3.483281241707328
3.0,3.29118849396921
2.0,3.494110180755467
3.0,3.706468438784119
3.0,3.4253001024498557
3.0,3.135487195421432
2.0,2.925124422286527
3.0,2.6635177102062437
4.0,2.5487308236915402
-1.0,3.1668434857421013
1.0,2.7518658150639532
3.0,2.4687787902424123
4.4,2.7240813109208912
1.0,2.8593689891673137
-1.0,2.3808541551839233
2.0,2.3441481088789784
-5.0,2.5035600478915545
3.0,2.789903398091272
2.0,3.7774021886196043
-1.0,3.8902825496385294
1.0,3.6889300884288865
0.0,3.6049947184243174
-2.0,3.3017813041442636
7.0,2.8710924480609705
-4.0,3.5045402612638994
4.2,3.949495598639538
5.0,3.0731432610197738
3.6,3.3723315219836163
6.0,2.343401178713906
6.0,3.136964939535219
3.0,2.2679409521172724
4.0,2.312014462046837
2.0,2.379850901899249
3.0,2.4380178611499517
2.0,2.791984372398994
4.1,2.6281674104779778
-2.0,2.436450466533726
2.0,3.3545440519018594
4.4,3.736040529550461
5.0,4.116198028949849
2.0,4.1075405171162895
3.0,3.375955071626033
3.5,3.375955071626033
9.0,3.0917279344546893
-1.0,3.3498829601450613
-2.0,3.56295572121743
3.0,3.345755173083261
3.0,3.4937802404789355
3.2,3.1781133858556885
1.0,2.650075032499597
3.0,2.4237498163044
1.0,2.376153887397686
1.0,3.411654543938439
2.0,2.490085611102092
0.0,2.3464788974423088
5.0,2.920700231338792
5.0,2.5705121669007758
6.0,2.2624049699118216
4.0,4.658080685344542
3.1,4.32547271639774
8.0,4.054341470074948
4.0,4.138649519198493
4.2,3.3451883531876394
6.0,3.042858794126493
4.7,3.552952600014179
2.0,3.2766066880521176
4.0,3.2021940672583535
4.0,3.1735997970733276
5.0,2.935339868626848
3.1,3.3935844955189816
0.0,3.1099039772583748
2.0,3.382836066494027
3.2,2.6230827632661113
2.0,2.5043722094498935
0.0,2.56651905425653
0.0,2.631095771080489
0.0,2.818666811870683
1.0,2.3269989706562777
2.0,2.6687617122140215
0.0,2.7405246039343605
-3.0,3.5302912784734
7.0,4.32036775771656
2.0,4.544357629486971
9.0,4.727047962539323
-5.0,4.604769626924351
0.0,4.56502178316601
2.0,3.422099774460331
3.0,3.4405403930152696
3.0,4.398110514281946
4.0,3.896162224750606
0.0,3.662134301696738
2.0,3.4820830782505636
6.0,3.293644136310894
6.0,3.330847950128315
6.6,3.07842622824172
7.0,4.496105252129961
4.0,3.3341596463115604
5.0,3.5532387461941175
7.0,3.2145148831289054
0.0,2.994601844103411
1.0,3.0081691441650213
0.0,2.670459302196237
3.0,2.539865407475496
4.2,2.7738489741484633
6.0,2.713885242560379
3.9,3.6739938681904905
4.0,3.939612529131769
3.2,4.053559760573628
5.0,4.053559760573628
5.0,3.606043132486146
3.0,3.5116997996569275
3.0,3.8215126541097355
5.0,3.6557726267054127
5.0,4.3352738306179965
5.0,4.222127503323931
2.0,4.061253300654732
5.9,3.7792125472384726
0.0,3.6202760354842902
3.0,2.135545699240332
4.0,2.565344621663328
2.0,2.9377531935995487
2.0,2.331146102847422
5.0,2.6978234819349245
9.0,2.902979256877399
3.0,2.6998793078858676
2.0,3.404648110492943
1.0,3.1599677941168287
1.0,3.1086093852186214
6.0,3.668455317140835
5.8,3.6897099611037705
12.0,3.4601976975524096
3.0,4.079469545915133
5.5,3.6561276975141994
2.0,4.224158100515271
3.0,3.550894301480546
6.0,3.7717232951723263
6.0,4.079469545915133
1.0,4.3360747347657895
2.0,3.9758026564813354
9.0,4.666478928789732
1.0,3.8781065509984374
5.0,3.70381120947071
3.2,3.6467769089283255
3.5,2.682338424648088
0.0,3.273402578255524
4.0,2.5602984255239125
5.0,2.6153429677800197
5.0,2.4462640854536546
1.0,2.683825851392184
3.0,2.671791908256769
0.0,2.3851323922054832
4.2,2.669490156565408
4.7,3.4825424833105414
7.0,3.9684372802832515
3.0,3.6608124253384116
4.4,3.375955071626033
5.0,4.223863170188893
4.0,3.520723642274501
6.0,3.2882728276719155
2.5,3.550894301480546
2.5,3.855159381924021
1.0,3.5932598766384904
2.5,3.9357682677692445
7.0,2.651600128467155
4.0,2.548859431514714
3.0,2.4290226486334663
4.4,2.471944337421695
-1.0,3.061006186594759
4.7,2.3508304063672623
0.0,2.7884463625288856
6.0,2.274649332424197
3.0,2.4257258437557305
4.0,2.2588882865818727
0.0,2.141793455100771
3.8,2.1592286573677013
4.0,2.498263528049888
-3.0,2.7370291347407134
-1.0,3.791299972561002
-2.0,3.0256550983576194
3.0,3.453662425761027
16.0,2.9339371255273194
6.0,2.9334783493226615
9.0,2.9334783493226615
1.0,3.3621826586013284
1.0,2.782885420601401
4.0,3.4300569512686856
4.0,3.2641824770319268
2.0,2.444868532407796
11.0,2.307594718214054
9.0,2.302387658377567
2.0,3.032022684696993
3.3,2.241969370863916
2.0,2.1183477579590337
3.0,1.841279200643658
3.1,2.5942919568271825
1.0,2.0256444795839306
0.0,2.7118959550883774
-3.0,2.1492539503792476
0.0,1.8569500372554846
2.0,2.3744425110057836
9.0,2.7101238442512696
7.0,3.5382796998252704
5.0,3.997166325774719
1.0,3.2200253237358902
-1.0,2.744805054458633
4.0,3.4682418336459717
7.0,3.5988169261080096
6.0,3.5906954770585346
3.0,3.759147851286937
12.0,3.448594938622918
4.0,2.5590311499323724
4.0,2.1110476736065262
3.0,2.510028104783337
3.0,2.6580072852991123
6.0,2.3149433269980912
2.0,2.2551908989353455
6.0,2.202470786928016
3.0,1.7499988576245176
3.3,1.5877101334267845
-2.0,1.724507762348981
3.0,2.2409844471460385
1.0,2.2624467184982264
2.0,2.792009906124507
2.0,2.906244673828791
10.0,3.1404029453231463
1.0,3.2010885359661008
7.0,3.4502059687789886
-2.0,3.5480202597455897
5.0,3.000235046208999
3.7,3.8101013488662003
-3.0,3.3968309914027297
2.0,3.774282310936343
1.0,3.31547851597784
0.0,3.2413684983648903
0.0,2.694449487723582
3.0,3.5511887616636217
6.0,2.5588033867194127
4.0,2.8350024157617715
2.0,2.561659705223857
3.0,2.502812889138928
0.0,2.4789133173816285
5.0,2.0847643435299097
1.0,2.827706579074736
2.0,2.5826058363981863
6.0,2.701217460906277
2.0,2.701217460906277
4.0,3.3185862076524026
6.0,4.0451364632111355
6.0,3.9292251335272
5.2,4.364791894366725
0.0,4.572248630191932
4.6,3.9115588000797215
6.0,3.4968126646729285
9.0,3.8949782351678235
4.0,3.4256612980669017
2.0,3.1916333750130335
10.2,3.62409171313584
3.0,3.8612986283949495
-3.0,3.234454915189266
5.4,2.5464390002750337
5.9,2.9899367332826463
-2.0,2.7867240106758944
6.0,2.874200623281576
6.0,3.2375362074242435
-2.0,2.77292066096171
4.0,2.392307012736109
6.8,2.8811967497706052
8.0,2.3766034360004498
4.0,2.408505255178982
3.0,2.63326223154237
6.0,2.75928065870364
-1.0,3.6254335408856866
5.0,3.920436779371379
4.0,4.387960858321784
5.6,3.9553490099016018
5.0,3.3045184958238867
5.0,4.142948101286006
5.0,3.51779750963847
13.0,3.5399533726837236
-1.0,3.1294208988101193
3.0,2.9627631981800215
3.0,3.425581561878056
1.0,3.3447776385754886
3.0,3.577685981550534
2.0,2.9592559688344666
5.1,3.0114744374753184
3.0,2.506317101234832
8.0,2.2445098854131866
0.0,1.973290592938476
5.0,2.0099055402607475
1.0,2.046690413272534
5.0,2.358013327974834
3.0,2.1534739982628364
-1.0,2.045372701427394
3.0,3.211352885409904
6.0,3.940417499958364
7.0,3.8222709115747646
7.0,3.3077020285369496
4.0,4.5275046183913945
1.0,3.3448922671257213
12.0,3.4023632962782644
1.0,3.1709106987564546
-3.0,3.103706396990278
1.0,3.587098812711202
7.0,4.116687717524066
6.0,3.561638828877683
5.0,3.1859814006725604
8.0,3.445994141434714
2.0,3.5079545154440246
5.0,2.694929849564376
0.0,2.8295349071669635
4.0,2.562065992229582
5.0,2.3857064769195317
-1.0,2.4437900894744833
2.0,2.585347208252884
0.0,2.59684614164944
2.0,2.736108392944369
0.0,2.6133092175878434
2.0,2.6451967993285654
4.8,3.1848415694158416
9.0,3.4846203778651272
3.0,3.7231907954249
16.0,2.9953373459841823
6.7,3.2766066880521176
13.0,3.384659490478306
10.0,4.0611385483413684
4.0,3.3855522586915154
-7.0,3.3694320269171656
5.1,2.8610402560684585
4.0,2.359650191159576
5.0,2.28220758156786
2.0,2.355491224522314
4.5,2.410805695476718
5.7,2.5913576284047455
7.0,2.46518812424813
0.3,3.931565982584214
4.9,2.6413205183379267
-1.0,2.31230560860112
4.0,2.355817083195896
2.0,2.355817083195896
3.8,1.873094111158025
4.0,2.157302731864181
8.0,2.921241930361428
7.0,3.567673982076405
5.0,4.330701394447578
1.0,3.123572054441122
2.0,4.045189134245884
4.0,4.316409248357964
5.0,3.77967845767955
-1.0,4.177885054269425
3.1,4.10944636742851
3.5,4.435980494179082
8.0,4.095608044657671
7.0,3.802032613832228
-8.0,3.5925654365165003
1.0,3.4451254175196953
3.0,3.3534751722436194
3.0,3.1716155610045753
4.0,1.8382965326654712
2.0,1.8158787223382231
1.0,2.8068944721069906
1.0,2.7726115986925746
-1.0,2.7301263986994777
5.0,1.901290830102684
5.5,2.273992252358342
1.0,3.1267382218145405
2.0,3.9199081899713857
2.0,4.451207438138592
2.5,4.733269697063562
7.0,4.742223769470329
3.0,3.2454505671685934
2.4,4.328726554295785
3.3,4.685506011377131
4.0,4.243549660364756
4.0,3.2723260987135965
2.0,3.2503693157540967
9.0,4.733220099897959
-3.0,3.584850418743043
4.0,2.6613156514208596
5.0,2.374888831147776
-2.0,2.4637070207246503
4.0,2.396626725942839
5.5,1.9326301801848214
0.0,2.051959400242954
4.0,2.3713798201791945
2.8,2.0609807816487256
6.0,2.0504999511801403
4.1,1.890027702694882
-3.0,2.292283591081546
-2.0,2.8210904028414596
3.0,3.758036761676552
2.0,2.674786018895013
0.0,3.6781753984217627
4.0,3.09108800551884
1.0,3.566307568708845
0.0,4.226434362611488
0.0,3.5589223713138454
2.9,3.597230282972405
6.0,3.3105961766898284
4.7,2.8247805359552305
4.0,3.273871025895907
4.0,3.1429163413925107
-4.0,3.074854018036435
0.0,2.473242032519015
5.0,3.800492550347829
6.0,2.9109674204283356
3.0,2.634461696132604
7.1,2.8914882831960016
1.0,2.4623028063824615
6.4,2.8448354110054197
-1.0,2.2807847760795834
3.0,2.8163740455051762
2.0,2.94698461051044
3.3,3.4656143377809348
11.0,4.003115670421012
8.0,4.650038446075827
4.3,4.250755147338698
5.0,4.021926576717908
0.0,4.13265365652339
4.0,4.025912335383087
4.0,3.4578501327900235
4.5,3.213558123706413
2.0,2.5786307381708413
1.0,2.434017415317502
-1.0,2.7211512058556697
4.1,3.0862540845803665
-4.0,2.144016798745144
3.0,2.9708678383208005
-1.0,2.4287571590836508
1.0,2.3217620660121274
7.5,2.6183519848967522
5.7,2.6706312284879528
9.0,3.4314024300789265
14.0,3.2233704026752035
6.0,3.1790651769153726
3.0,4.037901147891661
6.5,4.21823769177956
6.9,4.14041211410794
7.0,3.455559885757917
2.6,3.4076195355813663
4.0,3.564634340946631
1.0,3.994143041311556
1.0,3.780064120772535
2.0,3.807278642417319
1.0,2.8554091896430975
-2.0,2.4304100613560298
5.0,2.7819510101351974
2.0,2.4107718170374084
0.0,2.7091476563705825
0.0,2.6166048628559397
4.6,2.5594860506220436
5.0,3.1737630482974626
0.0,2.5107537257689954
4.0,2.0678227477153692
0.0,2.2089749729695014
5.0,2.549690777595301
10.0,3.529964550272954
-2.0,3.34794932533491
6.0,3.3732306341321348
-1.0,3.3489069838377437
2.7,3.395648444459383
4.5,3.4483685564667126
1.9,3.7539570810722154
-2.0,2.9324265709261756
1.0,3.0275674392449563
3.0,2.995845026895753
2.0,2.8309466398668737
3.0,2.9304505785908783
2.9,2.7338027480571925
2.0,3.114097412780047
-1.0,2.324031788487239
3.0,2.2188268049601034
6.0,2.451110452202962
3.0,2.14752695579624
3.1,1.9441810427214083
0.0,1.9241695062207478
5.0,2.5000009038197484
0.0,2.4269718229802146
5.0,2.366070580702461
2.7,3.3026946886542303
-1.0,3.7108203786141467
2.0,3.641329172469281
1.0,3.1792238358955993
2.0,2.920060544239773
5.0,3.154758903065882
5.0,2.843642774051114
4.0,3.6400511901106785
1.0,2.782885420601401
0.0,2.7724149461462826
0.0,3.051553300706739
-2.0,2.2446159229413762
1.0,2.6847849953984744
2.0,3.5138599118810196
3.0,1.983002821391809
0.1,1.867092709688414
1.0,2.3718040954744817
0.0,1.9064138623706994
2.0,2.3898359236248665
1.0,2.0114998038875953
2.5,1.937057826384384
0.0,2.3149261923023716
3.6,1.9310830735505884
3.4,2.0893856110310827
6.0,3.34215658676241
-3.0,3.1044996130853533
6.0,3.047899678105008
6.0,3.456668770872039
6.0,3.2605704410731264
6.0,3.4637430777598004
3.0,2.958737513684879
6.0,3.3968309914027297
9.0,3.6379172691672363
6.0,3.489774909919075
-1.0,3.433285010339939
6.0,3.0496375720752296
2.9,2.4885422745958996
-2.0,2.577499902801662
4.0,2.203181560705364
1.0,2.81076000560564
1.0,2.719579081393892
2.0,2.1904431649601612
5.0,2.0402412374788703
6.0,2.3614079921221682
2.4,2.0118815322800367
0.0,1.8854271246407912
2.5,2.3451083453703916
2.5,2.6607376598392403
1.0,3.286692325650326
3.1,3.8903551434761807
2.0,3.6339707614630594
4.0,3.57357656754176
3.0,3.7880587429871055
5.1,2.9445100491583553
1.0,2.9445100491583553
2.0,3.676400662454836
0.0,3.9606838673581333
4.9,3.7199609788930807
4.6,2.972308191976596
2.0,2.7767816273715065
6.0,2.5046647468068732
2.0,2.7983186634284416
3.0,2.586536759271282
1.0,2.435683811798725
2.8,2.447918174805313
3.0,1.9494861220974287
-1.0,2.2812489538902674
5.1,2.3346324022185794
1.0,2.2356362417347078
2.0,2.040393768242422
3.5,2.8900483464807887
1.0,3.6478198045702506
3.4,3.822443206102263
2.0,3.4030491609409497
2.0,3.586064120596846
3.0,3.654340794774053
3.0,3.055277085992257
-1.0,3.0443705744460794
4.0,2.4733160456555034
1.0,3.2342200300334376
0.0,3.3634744336712563
3.2,3.1670628073893945
-7.0,2.8677859566680555
5.7,2.7646721837451227
4.0,2.403760029774667
2.0,2.7819510101351974
-1.0,2.5038967850277576
2.0,2.4471594867252144
2.0,2.0483169668689705
5.0,2.5928916553592005
1.0,2.1243686199080165
1.0,2.126591605019306
3.0,2.599358669074595
-1.0,2.976381063919638
5.0,4.025698719134371
3.0,3.1343357934105707
8.4,2.8897771782071104
6.8,2.922092238831107
2.0,2.922092238831107
8.0,4.01676821908909
5.0,4.140396744053038
8.0,4.064534972011466
-9.0,3.9043867623711312
5.0,3.554086504656322
2.0,3.0227256982051807
2.0,3.1869604905992763
0.0,2.9795942609466928
5.0,2.846645025371282
7.0,2.787519056752886
3.0,3.1384029467179007
3.3,2.7518244796054234
2.9,2.7151689085072768
0.0,2.533335872754649
6.0,2.7848691096293816
8.0,2.6886697704098603
3.0,2.7869081862738954
2.0,2.9462818911418234
-4.0,3.1588081608616254
4.1,4.328174991929966
7.0,4.2547919328646335
3.0,3.940988148401303
8.0,3.9634169220087387
9.0,4.309661588075745
3.0,3.65867674234496
0.0,3.047215552723993
6.0,3.3053705784143648
0.0,3.602875571203847
4.3,3.7159669161044673
8.0,3.515200153351778
2.6,3.599554645572045
4.0,3.048276129411634
4.4,2.6298891920596876
7.0,2.9107358124607066
4.2,3.06424458921327
1.0,2.568373417411771
-1.0,2.828597549782376
2.0,2.6423554472209347
5.0,2.6755596548488034
2.0,2.6522977579762497
0.0,2.724770772443622
4.2,2.512219564645531
-2.0,3.0463996402191262
9.0,3.2857079269036147
13.0,4.114547872550992
3.0,5.280913894877486
5.0,5.557968561371673
1.0,4.250530869751486
1.0,3.6345188581630254
2.0,5.242807336234154
3.6,3.7169229002645796
1.0,3.165137129741465
1.0,3.8120836254071975
2.0,3.4407148743030573
3.8,3.53176545494544
1.0,3.3054671035737457
3.0,3.4722599283410434
3.7,2.9289536940436482
3.9,2.586784815655501
10.0,2.679693956794502
3.8,2.7356944161480135
1.0,2.572642553449161
0.0,2.5299300033144605
3.0,2.388482894341627
2.0,3.0966265549710017
7.0,2.258280851502036
15.0,3.110635822907208
5.0,4.055675045629918
8.0,4.268189578383446
5.0,3.8461507916320223
7.0,3.627246465169506
2.0,3.9478111843368713
10.0,3.161034432373847
2.0,3.423891305117885
-8.0,3.2087287645224856
-6.0,3.1107129343900137
3.2,3.264428073214365
2.9,3.6256518968979337
1.0,2.7409558103779776
7.0,2.8011924864760083
1.0,2.717721436223712
6.0,2.6650013242163824
1.0,2.7878347471274094
-2.0,2.654370538596943
1.0,2.5639732673839224
2.4,2.4880413770398797
5.8,2.4390753171934634
2.0,2.414852615624961
1.0,2.3047638783719404
6.0,2.3271816886991887
1.0,2.5375457090857245
4.8,3.3241037301420446
7.0,3.7225870132400565
9.0,3.847624933387901
2.7,3.924519805132304
1.0,3.382422592055342
3.0,3.9631827041397942
1.0,3.7536405856659547
6.0,3.124227639932411
3.0,3.518714917664809
1.0,2.8802521287735887
0.0,3.0026152112420696
-1.0,2.7137372635411587
2.3,2.904137325640116
-3.0,3.0530824004777672
-2.0,3.036867512624264
2.0,3.036867512624264
3.0,3.036867512624264
3.2,2.8917474733700304
4.0,2.811051731372953
4.0,2.7233367913315725
-3.0,2.4883072059888045
6.0,2.4928513228250337
2.0,2.2982336455741206
-2.0,3.9796010523046568
9.0,3.812744147734769
3.0,4.067509665287455
4.0,2.9210688102052274
10.0,2.9210688102052274
1.0,2.8956864158457
2.1,3.816692405193537
-1.0,3.3978366533521056
2.3,3.5908333305731657
1.0,3.0198013906325536
7.0,2.8975230550175812
5.0,3.7705039575245474
5.0,2.809711038365209
1.0,2.6196866713666007
0.0,2.479449958620024
2.0,2.3694632541284153
5.0,2.5872388498194505
1.5,2.6432598752438805
-1.0,2.747354862540838
1.6,2.510804830144354
1.0,2.282980598857487
1.9,2.290027400711192
3.0,2.4086704367677547
1.0,2.6648079141523717
2.6,3.325804138932389
4.0,3.7696472553327784
2.7,3.437486815231804
3.0,3.418391494581733
6.0,3.4430037461394023
4.0,4.047619264276627
3.0,3.798563394271433
3.0,3.5784707676898595
3.0,3.3223411557265896
6.0,3.2583835842735906
6.0,2.7809760068890608
2.0,3.7217998054806003
4.0,3.4077354075445627
1.0,2.870575768483986
-2.0,2.9765280654193953
1.0,2.803788785191158
4.0,2.75119359455937
5.0,2.095822277627849
-1.0,2.733617605012722
3.5,2.493829773560434
3.0,2.731559837112762
3.0,2.943528095215701
2.8,2.8980873986938818
-1.0,3.019284501632361
10.0,2.1588627552488955
0.0,3.475569191857952
2.0,3.9688285321154777
2.0,3.6008328633412825
4.0,4.168304685188162
3.1,3.384616744623689
0.0,3.5077938599880643
3.0,3.281333114727154
3.0,3.741032061076989
6.0,3.3504335690657565
4.0,3.412599223151345
7.0,4.025912335383087
0.0,3.6970465680751015
2.0,3.6382453883208212
-1.0,2.8213741905643137
1.0,2.812001929898968
-2.0,2.595977560753226
-2.0,2.535139625866057
4.0,2.695518189438158
5.0,2.5240248634631097
5.0,2.432834030910226
1.5,2.368319828179256
-3.0,2.428365691049934
-7.0,3.2996945923316523
1.0,3.437786990351242
0.0,4.416364725911695
6.0,4.121347325654272
5.0,4.121347325654272
-1.0,4.1915356521604625
1.0,4.264561699201609
2.2,4.368599178469829
3.0,3.610244449434477
4.0,3.4213956878891754
2.0,3.4244982567937448
4.0,3.8393792489498986
2.0,3.259425628213097
6.0,4.037368334204779
2.0,3.2039329118643534
4.0,3.8066056010930565
9.6,3.8066056010930565
0.0,2.974928678258449
5.0,3.295336360007274
1.0,2.6966929102800843
4.0,2.565614999065173
3.4,2.199687655330167
1.0,3.170783502777969
0.0,3.137183219670079
8.9,3.2098960110865944
10.0,3.603815043933803
0.0,3.776269474255233
4.0,3.8273187095435826
3.0,3.540208624535639
0.0,3.9632707093832273
5.0,4.092255607805873
1.0,4.346068477465218
6.0,4.073948857529172
5.7,3.9155367801394823
8.0,4.197231821281939
6.4,4.002086217783655
6.1,3.722932162002962
6.0,3.8403913914989953
-2.0,2.8298317869940712
0.0,2.198585141149499
5.0,2.990358714678644
2.6,2.3978472607021373
4.4,2.18436131843708
0.0,2.737795125129532
3.0,2.5307575578387156
3.0,2.5307575578387156
3.0,2.5307575578387156
-5.0,2.1310350649196503
0.0,2.4680445525285553
6.0,3.017076213863562
4.0,3.9138974675918963
4.0,3.4989755473447404
3.0,4.17375212231943
8.7,4.09706032557607
2.0,4.071677931216542
5.8,3.213517918375955
-1.0,3.943111077492891
2.0,3.4261371337097506
7.0,3.523395852844657
-3.0,3.7800390878164705
6.2,3.5417554275365406
5.0,3.4875224731026813
2.0,3.2613384223312005
4.0,2.2644818259109334
7.0,2.4507853907914856
2.0,3.6899319289345884
5.2,2.604536900353421
4.9,2.604536900353421
0.0,2.326076623324467
4.5,2.5631631235851873
-2.0,2.040476536753986
0.0,1.9400624411178014
4.0,2.376990943427382
9.0,3.597380722173919
11.0,3.8656453805663387
-5.0,4.174686212923653
7.0,4.62775973127728
3.0,3.9985439075928455
12.0,3.254075174659652
4.6,4.5612648862389
2.0,4.235415972875273
2.0,3.4630058745266874
4.0,4.000505865709696
2.0,4.057789544039831
7.0,2.947484480748984
-1.0,3.177295425760583
5.0,3.1345912633700297
0.0,2.41704695423743
-1.0,2.20037166304536
1.0,2.4079534916731657
5.0,1.9966941360055817
0.0,2.5230698024760136
4.0,2.139134216298045
-3.0,2.068377210806673
1.0,2.1152185553253857
7.0,2.8339734295499093
2.0,3.3780273931965956
7.0,3.610656418319164
-2.0,3.6116679989431284
11.0,4.38391038823522
6.2,4.381885639009408
7.1,3.641373394864109
14.0,3.7460379601515355
8.0,3.6551027690534315
3.0,3.480918031057348
7.9,2.5307984849248486
7.6,2.229505241253155
4.0,3.695048211910905
-2.0,2.000717354226406
7.3,2.720194503197837
7.3,2.715226728842483
4.0,2.8093269090397426
3.0,3.0436985686668017
6.0,2.794496093760433
12.0,2.458004536037847
6.0,3.001477815678489
14.0,1.9755303768892976
6.4,2.613141500901558
-8.0,2.8379167453658365
6.0,4.241554452594246
7.0,3.865816818444153
10.0,3.612329125636161
3.0,4.540518302919885
2.0,4.155252919519527
4.0,3.7444869828561522
2.0,3.6547699189097993
3.0,3.669851815573964
4.0,3.6617811798827096
2.3,3.6617811798827096
6.0,3.495631045118133
4.0,2.808842335079516
7.0,3.446828385835042
5.0,3.4689565261728568
6.0,2.422000608037059
2.0,3.001477815678489
3.0,3.4745564838808924
5.0,3.9740119460902097
4.0,2.6823867713979843
6.0,3.274143355887358
9.0,2.5026627586263115
5.0,2.461075931219796
3.6,2.4664766496511144
2.0,3.0420684881905786
2.2,3.3781686949626057
7.0,3.2010885359661008
5.0,2.9334783493226615
1.5,2.934761820730214
5.0,2.773008437005144
-1.0,2.934761820730214
4.5,3.3950645208632846
1.0,3.3950645208632846
2.6,3.4995800076871366
4.0,3.0218262833610416
3.0,2.9215898645209544
2.0,2.530946060016068
1.0,2.36182183096892
-1.0,2.3276916720714986
5.0,2.3245068860340816
1.1,2.2181812719469867
5.0,1.8460645112133935
2.0,2.17752892629677
-1.0,2.154289458217455
4.0,3.0281844741367787
4.0,2.7432486178178657
3.7,2.5260928663004605
6.3,2.543743005398635
-1.0,2.5934154482586327
5.6,2.5527518331994634
0.0,2.6306828410807834
3.0,3.150903813085369
4.1,3.10246183881688
3.8,3.288085925064641
3.0,3.1363503271211184
1.0,2.773008437005144
5.0,2.7476260426456167
1.0,3.4692652622718514
2.0,3.4300569512686856
0.0,3.397358446218601
3.2,3.9424775092606112
2.0,2.7078891526804196
2.5,2.06101965966097
-2.0,1.9290733484445612
0.0,1.9913617512351725
-1.0,2.4437135773883267
1.0,2.45808372906477
1.6,2.2859755983372048
-2.0,2.0297882200747144
0.0,2.001974594044497
-1.0,2.5091544844827234
0.0,2.3659196981830113
4.0,3.6019285618096304
7.0,3.5199558297766487
3.0,3.9434964663689738
4.0,4.168304685188162
1.0,3.2548232834232156
2.3,3.1997519667556165
2.0,3.4724183851895485
1.0,3.670157441423071
2.8,3.353125030901417
-1.0,3.2514406502108693
0.0,4.119965987922357
4.0,3.564463410733611
0.0,2.5999960394364128
1.0,2.438263759431527
4.0,2.9954474861059746
1.0,2.2750697793349657
1.0,2.3872695915196402
8.0,2.3482486053340375
1.0,2.65396095991404
0.0,2.253573024353578
3.0,2.3527489690143684
0.0,2.827266619226456
2.0,2.849820241749756
2.8,3.0234480588761357
8.0,4.117848102675831
1.0,4.4647322877529625
5.0,3.3847002434057325
6.0,4.307470625769478
5.0,4.044981303288915
1.0,3.5923138362483784
3.0,4.176335217429709
5.0,3.613767149536947
3.0,3.4147145770653315
0.0,4.213993472670592
4.0,4.061587578133068
1.0,3.7823302824803213
2.7,3.8946245693698986
2.0,2.9647893544434645
4.0,3.6474500117315056
3.0,3.138070339760617
2.0,2.9077570771903902
0.0,2.8184211107230914
4.0,3.1199263556796377
2.5,2.653957557999266
2.5,2.554356941398396
2.0,3.0488880977052517
-2.0,2.252276108075616
-1.0,3.3478529073661925
2.4,3.949961243778293
5.0,4.36522337006693
3.8,4.486780076545688
10.0,3.730274496765387
4.0,3.4612832445710247
0.0,3.3999026567597452
-2.0,4.441600915037122
3.0,4.339119346571189
3.5,4.626255699442044
2.0,4.653750805360556
3.0,4.190322147390498
4.0,3.058461008358765
3.3,3.2402444969094506
2.0,2.702626607091089
5.0,2.9912750466924427
7.0,2.387475552354168
0.0,2.2399664252987677
3.0,2.2091842388739726
2.0,2.9005362389990546
3.0,2.621308085318231
1.3,2.268803839068372
0.0,2.197617803387834
1.3,3.1530591373937686
-2.0,3.910306292708259
4.0,3.0677326293721063
-1.0,2.91032554303534
9.0,3.212922248581342
1.8,4.215643957056237
2.0,2.780859063610946
2.0,2.8873732787065554
0.0,4.337827821416426
2.0,3.5133382710706376
0.0,3.3030829915778215
5.0,3.042187058045154
3.5,3.0575991938576843
3.5,3.084490943959786
4.0,2.8785428700422373
3.6,2.412409309815368
0.0,2.3426094655995517
-2.0,2.1654432647623922
3.4,3.3766339778540475
2.0,2.667415317375303
2.0,2.7106137418381815
2.0,2.4652377330577977
-2.0,2.11395856856661
1.0,3.3645393419729577
6.0,3.681004627242918
2.0,3.2351786315640303
-3.0,3.3915532333095597
2.7,3.8794379305592424
4.0,3.614511186530116
3.0,3.5741807303971402
6.0,3.2060624741621466
1.0,3.620942236327614
3.0,3.9633242573747656
-5.0,3.9043867623711312
4.0,3.9043867623711312
-4.0,3.7385122881343724
3.0,3.2072408583359646
2.0,2.9975604282414947
0.0,2.982564949662725
1.0,2.944190710950487
0.0,2.813807141100704
5.0,2.486420594264833
-2.0,2.2530037038936173
-1.0,2.4085773360987397
3.4,2.7515592852706474
-1.0,2.4079629465558314
-5.0,2.948649683303875
2.0,2.2027273365288735
7.0,2.8331271578258326
1.0,3.2627373031351157
1.0,2.9894514780280765
6.0,4.01676821908909
5.0,4.01676821908909
3.3,3.283440290097019
1.0,3.5920588078753792
2.0,2.8868997352222525
3.0,2.7023090881460288
2.0,3.2634962869010895
1.0,2.842634709203542
3.0,2.9816109535993682
-1.0,3.033154526306475
1.0,2.3480080529259495
2.0,2.171844443241009
3.0,2.449019826640038
3.4,2.183063615267276
1.1,2.2264234896665203
4.0,2.5441353760927026
4.0,2.400960169828809
4.0,2.613768265455527
1.0,2.4904610297187184
-1.0,2.1679462429175613
0.3,2.688899664192585
8.0,2.63229654671435
1.0,2.758688354144358
3.0,2.6707875843096933
3.0,3.6445381714639513
0.0,3.9879046920599595
9.0,3.2775295605020283
0.0,3.065308700508077
4.4,3.2775295605020283
3.9,3.1901395617274164
3.0,3.1285134403970023
1.0,3.2466807394008805
3.0,2.7799941285295553
-6.0,2.814505714368627
5.0,2.5739573817885804
2.0,2.591764358424058
-1.0,2.142433886054265
-1.0,1.9961093526986036
-3.0,1.971175427402254
1.0,1.931800533211841
2.0,2.6036560730057587
-4.0,2.5374496114063505
-1.0,2.600362043319612
-5.0,3.352582228328612
7.0,3.850631569110565
4.0,3.2753938985342326
2.9,3.0679169551168624
3.0,3.121253212776775
2.0,2.7909436730521513
0.0,2.8361228345607183
8.0,3.065308700508077
-1.0,3.9730878990062686
2.0,4.117295693254784
0.0,3.6785602320266304
4.0,3.5538183574445843
2.1,2.7574905015615636
2.5,2.4150607382053786
4.0,2.2727483164305537
2.0,1.8784513018762234
1.0,2.5365017271060997
1.0,3.0512614768006734
4.0,2.1641757598760547
-3.0,2.772468094610162
5.1,3.5802489362311167
0.0,2.6479704581238144
-3.0,2.163302730482196
0.0,2.162928159693295
0.0,2.4380639952014165
6.0,2.5190300561375305
4.0,3.513921540524449
4.0,3.881968952043883
3.5,3.342259540127361
3.0,3.0580324029560173
-3.0,2.960218111989416
2.0,2.9856005063489435
-1.0,3.1298083005974573
1.0,3.325808598362341
3.2,2.8579569648784777
4.0,2.9136878897698284
3.0,2.462557370576213
-1.0,2.2877362080123556
4.0,2.63522030847477
4.8,3.1028919879667143
-5.0,2.3730110615242483
2.7,2.238149275913289
0.0,2.252980091192599
2.0,1.9964651733083387
-1.0,1.8858651248257667
1.0,2.1108289637484248
0.0,2.018957600430836
2.0,2.7842792722930927
8.0,3.3319461527999157
4.7,2.8277790289391542
4.0,3.7440431712111883
0.0,2.9445100491583553
3.0,3.9965291379593975
1.0,3.740055204633899
5.0,3.341418413324077
8.0,3.4241674847812846
6.0,3.672149831400275
1.0,3.487682346777201
13.0,3.094454300277858
4.6,3.348364536969377
4.2,2.6284995995926397
2.0,2.900176237162449
1.0,2.5965673411566574
0.0,2.5148913744553516
-1.0,2.550743412293522
0.0,2.4492096182196414
3.0,2.5451950919725235
3.0,2.1176270790325966
1.0,2.3796657245486807
-2.0,2.0495273244382983
3.5,3.1801731002148514
0.0,2.2168887895806133
2.0,2.6561371620342324
-1.0,3.0286141193691005
-2.0,4.150724360035004
-6.0,4.0419610751746315
7.0,3.2619419962427365
3.0,2.973788922212557
3.5,3.065308700508077
0.0,2.973788922212557
-2.3,3.170496816895682
2.0,3.5399440735862693
1.0,3.1345083346552474
3.0,3.7167311296567105
4.0,3.427084260819407
-1.0,2.948386437768714
3.0,2.8196934196966392
2.0,2.5789518439752204
1.0,2.398799844878249
2.0,2.4081608072772687
0.0,2.3341598299469553
2.0,2.802230195040989
2.9,2.460071649138807
2.8,2.047377921767779
2.0,2.4990590516993496
2.0,2.627712310172385
5.0,3.462513263992271
2.0,4.54983101348373
0.0,4.563556220442647
7.0,3.4231617989749603
2.0,5.387173189478002
2.3,5.387173189478002
5.4,5.107940131816243
8.0,3.615455753262451
2.0,3.6087767348422046
-2.0,4.528153958892877
11.0,4.925235550447825
2.0,4.164828785317299
4.0,3.4450134091330895
3.7,3.3818904299310817
8.0,4.0857052497711805
7.0,7.23772532417773
0.9,3.352986640398795
3.7,3.3570931216276727
9.0,2.7781114159873788
3.0,2.0698405315749167
11.0,3.4966550093232973
8.0,2.8856027274340876
4.0,3.1692626062009026
6.0,18.899881846305536
10.0,4.764683941093338
15.0,5.7040814104014945
7.0,4.558028166302711
8.0,4.741200716234848
7.5,4.741200716234848
9.1,4.165908798471857
11.1,3.9603589983507352
10.6,3.2995952642019066
7.0,4.194908514162273
5.0,4.184861613304236
2.0,3.3264891735104953
-2.0,4.461964914597078
2.0,4.287185610727704
15.0,3.8613768248268787
6.2,4.100536065050491
5.0,3.1654697120337483
2.0,3.1703902514575026
7.0,2.6672841661150524
6.0,2.559537796885905
8.0,3.1537307591318817
0.0,2.8767375624252853
6.0,3.1270837305412367
7.0,2.887404239017809
7.1,3.565832156042879
6.0,3.103165711374689
7.2,3.261210463723305
6.9,3.4487262900724005
5.0,3.2791361014643594
3.0,3.6785786295834306
11.0,3.8991122971506504
8.0,3.5958474103853852
8.0,4.770971983782652
3.0,4.606652425464903
9.0,5.076068567195645
3.0,3.6965431008412795
0.0,4.117809953171784
5.0,3.9090475513360157
-1.0,3.34852625780125
1.0,3.0385645994259827
0.5,3.19206156813704
2.0,2.6405871880979497
5.0,2.912329050575052
8.0,2.1429042409975434
4.0,2.2377998894074604
-2.0,2.754098204586863
-4.0,2.2839333167054443
-1.0,2.8918252741958637
2.0,2.8815586556993837
5.0,3.000265473187616
-3.0,3.0097498188136202
5.5,3.153503612512716
3.0,3.374125562791063
5.0,3.526735751125335
2.0,3.3978366533521056
1.0,3.201203357617446
3.0,2.479957387456808
5.0,2.234676036653082
5.0,2.8545622143569678
4.0,2.8849737798960775
2.0,2.55986320624501
4.0,2.9937797892258935
5.0,2.9117397234056135
-3.0,2.850429315975568
-2.0,2.4834947886246352
0.0,2.698734446397367
3.0,2.2046670185703747
2.0,2.031677268564236
-1.0,2.5719052771023057
2.0,2.5982683126377535
3.8,2.182286199626456
2.0,2.0367388117237932
4.0,2.7355241611431667
3.7,2.9155141782166196
2.7,3.6104378545619626
0.0,3.644375470639629
2.0,3.482122450936651
-4.0,3.9167471991299383
5.0,3.3610476485624585
-1.0,3.3652118044561457
3.0,3.1063670616443293
0.0,3.1063670616443293
7.0,3.304411219130284
3.0,4.039251556685598
5.0,3.4958615389286876
6.0,2.347247235515795
3.0,3.156255059437704
0.7,2.2042354933633814
3.0,2.13544654667914
2.8,2.9711560812877007
-1.0,2.9895342241542933
3.0,1.9941347872374697
2.8,1.9576769521513304
-1.0,2.914951063882221
3.5,2.6309668176878382
4.0,2.963610288452182
5.0,2.6598940167061293
4.0,3.5466158500451366
3.7,3.5384081996711547
4.0,3.491713859088005
6.0,4.010322502387209
-1.0,4.117295693254784
4.0,3.0399263061485495
-1.0,3.042858794126493
4.0,4.064366607412621
2.0,3.546571090526778
-2.0,3.6066205673705767
4.0,3.8512203081104985
6.0,2.3994145873865054
2.0,2.9866201133832546
4.0,2.8072495436325373
1.0,2.4500102753055772
1.0,2.126815186066309
3.6,1.9728601489588795
0.0,2.1312187450146136
4.0,2.9129228974480443
3.2,2.344509945272078
3.5,2.358800903921598
-2.0,2.083980369216685
-6.0,3.366427346285911
8.0,3.0747317654068085
14.0,3.1179967164610707
6.0,3.3268290294575324
0.0,4.072844014906461
8.0,3.5839108831989295
5.0,3.4159869521493778
4.0,3.4471197491100694
3.6,3.213091826056201
-8.0,3.8772472188648526
4.0,3.347389014963638
3.8,1.9649982204101102
4.0,2.1073193905209884
3.5,2.214887347169846
2.0,2.7803153684882
8.0,2.4129527966957145
7.0,2.422174386141035
2.0,2.212546625114685
-1.0,2.2580908111727784
1.0,2.1467661891581735
1.0,2.235448696081849
0.0,2.0193116662097705
5.0,2.601745776734428
8.0,2.9051111794855493
6.0,3.2276225915640584
9.0,3.088749939461205
3.0,3.0776861435711753
9.0,2.820569570685863
2.0,3.084258335889223
3.0,2.3154509400509466
-2.0,2.7443290193546175
4.0,3.0624911586486703
1.0,2.86186589885289
4.0,2.576068966202909
5.2,1.9722175930557644
3.0,1.966541859393611
4.3,2.6309668176878382
1.0,2.268278853978294
4.4,2.6238317904663173
3.0,1.9002523462929073
3.0,2.357643621147926
4.0,2.4113134332818817
3.0,2.3315697282075534
3.9,2.1128342466550247
2.0,2.513475506632409
4.0,3.6025981748609133
3.0,3.6626064470341935
6.0,3.6146098732260064
6.0,3.198452698866561
3.9,3.176034888539313
3.0,3.3578310512795584
-1.0,2.938998240265455
3.0,3.3830902156417757
3.0,3.079504068980264
5.1,3.6570380735991614
3.0,3.7713135426583992
3.0,3.387375711551473
4.2,3.136980165463985
5.0,2.7184013832829965
3.4,2.621151874606724
4.0,3.2624386105020307
7.0,2.624912053255003
3.3,2.0043808031628045
5.0,3.0668121248088793
2.9,2.3959454993750238
3.0,2.134330081823617
-1.0,2.545087490322383
7.0,3.3543987568819573
9.0,3.7526449037499674
7.0,3.29118849396921
1.0,4.609839509483302
0.0,5.389773669631119
0.0,3.556971836397939
4.0,3.8411989735692824
2.5,3.602150997906506
0.0,3.643057097972862
3.0,4.337624571605506
6.0,3.7632514145848264
-0.6,4.040593942353577
2.0,3.676771743688411
3.3,3.4910613657241414
3.0,3.1288951271473584
4.0,3.1561755671373994
1.0,3.1922233336918184
2.0,3.411353232205587
3.0,3.298893567018362
3.0,3.315727651664248
-2.0,2.372768453949479
9.0,2.587686269685425
3.5,2.1635449090287677
3.8,2.884887896935948
7.0,3.983167611252711
-9.0,3.615510573420253
5.0,3.611630750447237
4.0,4.367601393118883
3.0,3.4630058745266874
6.0,4.079469545915133
7.0,4.079469545915133
6.0,3.384616744623689
5.0,3.3335524653504542
2.0,3.259761715949654
5.0,3.969133748086249
5.0,3.7721933020974037
3.0,3.516187906105856
4.0,2.366391931619122
2.6,3.181781809659514
3.0,3.2982338870911185
-2.0,2.8475040692766176
0.0,2.4478247877757773
0.0,2.6377812169186323
2.0,2.477436030334479
1.0,2.8684852884707785
-3.0,2.3698901579115867
-2.0,2.193877124621661
2.0,2.1917747121217452
1.0,3.742393818144988
-2.0,4.3144583315214815
1.0,4.310967476295873
4.0,3.712098963216338
4.0,2.9484065278530296
0.0,2.8956864158457
-4.0,3.1063670616443293
0.0,3.1063670616443293
2.0,3.0459317674789026
-1.0,3.2628412837801437
-1.0,3.4796864454664154
1.0,3.057860558887673
1.0,3.2027290852250867
-1.0,2.8083816768034175
-1.0,3.0079711804647884
0.0,2.8735466031879127
-3.0,2.5335021530148643
-2.0,2.059167419315712
-1.0,2.3078003080214295
-2.0,2.421876418777904
-4.0,2.0537862598133305
-4.0,2.4097192753453243
0.0,1.9614151465742047
3.0,2.556421658816443
4.0,2.5314939793223608
2.0,2.6836188363132147
-1.0,3.080716121485929
0.0,3.8117865363274483
-1.0,3.139577236287032
-1.0,3.5032534773574406
1.0,3.235935728703203
0.0,3.338120783010835
-2.0,2.910813198335369
-3.0,3.057678333139105
0.0,3.1568839594750973
-2.0,2.964475640963308
-5.0,3.067921078057726
-2.0,2.915321659522891
-1.0,2.8139986043677387
-3.0,3.483575711896433
0.0,2.3713088806818887
1.0,1.8460645112133935
-4.0,1.9336860344612177
-3.0,2.5649091072384658
0.0,1.8963969832156355
-1.0,1.9416502663411574
3.0,2.0736179200868827
3.0,2.0170605845242333
3.0,3.4644881664318814
1.0,4.138429224390921
-1.0,4.5234188459331
0.0,3.4338115417439123
1.0,3.3813570122464403
1.0,4.128203230779365
0.0,4.128203230779365
0.0,4.092255607805873
4.0,4.356374861609499
5.0,4.223677340163648
0.0,3.9234045529057497
-3.0,3.478607910091823
-2.0,3.0580364712658565
0.0,2.995724159804605
0.0,2.8447181128222905
-2.0,3.3393918693995723
0.0,3.3574038098816854
2.0,2.5014303387694383
0.0,3.030204344334328
-2.0,2.086074185894287
-2.0,2.336908595862746
0.0,2.038714312069647
0.0,2.129997772460644
-2.0,2.239628785084231
-3.0,2.875759464237747
-1.0,3.075787290087024
2.0,3.75970872264072
1.0,3.876440247813591
-1.0,4.879117328117417
0.0,3.1478527755859007
1.0,3.1546097234752297
-1.0,2.842236250674108
-2.0,2.9994084730337933
3.0,3.5754798293069414
5.0,4.166820887619958
2.0,2.8523533464934983
-1.0,2.6627953997261926
-2.0,2.2398246325989115
-2.0,3.684765804758462
-2.0,3.5426548340784665
-3.0,3.434739294127552
1.0,2.689347093558034
-1.0,3.176949407139697
-2.0,2.6180387044002895
-1.0,2.5024014127725414
-2.0,2.0620214115475877
-1.0,2.1226332903823666
-1.0,2.003562218065083
-3.0,2.6589953735071123
-3.0,3.6016442928911747
-3.0,3.763306824881052
0.0,3.5923138362483784
1.0,4.151462756111714
-1.0,4.333000386042524
-1.0,4.307617991682996
-1.0,4.177885054269425
0.0,3.6869126765616036
2.0,3.8037932452585492
0.0,3.5162258178693646
-4.0,3.7158126935187026
-5.0,3.4466610507744044
-2.0,3.62055438131556
1.0,2.0497293184624477
0.0,2.9918279149682694
-2.0,3.4217125610868235
0.0,2.871191689459063
-2.0,3.05713955957026
-3.0,2.029155436991105
-1.0,2.732604715324643
-2.0,2.696739659392883
-4.0,2.631983108708351
-2.0,2.5996136237088665
-1.0,2.8388387512057234
-3.0,3.172306350632069
-1.0,3.375562952900174
1.0,4.414240967416213
-2.0,4.0954938976157536
0.0,4.76924787364213
4.0,4.269481197122161
6.0,4.321867939723574
1.0,3.6533372112842706
-3.0,3.818774686244034
0.0,4.254096451581802
1.0,4.22246988786367
0.0,3.1649407243808447
-2.0,2.876502635272797
-3.0,3.7481648526716698
-2.0,3.5202136944826234
-1.0,2.5354157038442566
-2.0,2.283017676393105
-3.0,3.4365909811103257
2.0,3.0774421563995595
4.0,2.804295888677584
2.0,2.8952111510154404
0.0,2.946634396794312
-2.0,3.0435033650840344
0.0,3.3004801605177505
1.0,3.6601777272325093
1.0,3.6625957264919515
1.0,3.9613076635781286
-2.0,3.908587551570799
-4.0,2.8422790997472838
-3.0,3.933475559284349
-2.0,3.6405430186893906
-2.0,3.4015581886812214
-2.0,3.803189433854896
-2.0,3.6373149596181373
-2.0,3.2431679182040987
-1.0,3.2304481227050292
-3.0,2.915949398175659
-4.0,3.215902574329717
-4.0,3.297942640149997
-4.0,2.8959582125494165
-2.0,2.8219209991993215
-1.0,2.708258058845485
0.0,3.121503428901869
0.0,2.682149878387828
0.0,2.9052322463853253
-3.0,2.9369217009160216
-4.0,3.129976162069293
-5.0,3.694391287966356
-1.0,4.0440577405117955
0.0,4.109805138432685
0.0,4.046952649515052
-1.0,3.0330735903633457
-1.0,2.9803534783560157
-3.0,3.822344522197505
-4.0,2.922580590524814
-5.0,3.966552316446019
-2.0,3.966552316446019
2.0,3.155840132756732
-2.0,2.991683100919781
-3.0,2.751703502431596
2.0,2.71970467917515
1.0,2.021970389895589
-2.0,2.2528015679977127
-1.0,2.528215324084222
0.0,1.9717913315198947
0.0,2.158808291622413
-3.0,2.794866475120011
-3.0,2.938091840852885
0.0,2.272983521957762
0.0,3.039073132541561
-2.0,2.7123125671800263
-1.0,4.400431729174205
0.0,4.57809472242025
-1.0,4.475130083632468
-2.0,3.5471346747398114
-1.0,4.262291464260912
3.0,4.2367433720290775
-1.0,3.805913742871834
-6.0,3.143902695672039
-1.0,3.164602675739929
0.0,3.9972200005420664
-2.0,3.4277266017327106
-3.0,2.9825957222165167
0.0,2.923731070989607
0.0,3.065169817354015
-4.0,2.953932470922424
-2.0,2.9657735350545074
0.0,2.031677268564236
1.0,2.661294383965807
0.0,2.369154922069496
-1.0,2.2662951343601163
-3.0,3.0515031983797862
0.0,3.0956560081691618
2.0,2.607773281334337
0.0,2.6234749109470172
0.0,3.2036783457662015
1.0,2.96305312715655
1.0,2.8771484284914677
-1.0,3.154501385759151
5.0,4.388346328228226
4.0,3.522013712428885
0.0,3.77151324368497
-3.0,4.339097721338802
-1.0,4.14001312864594
3.0,4.263384546183413
-1.0,4.197220794482088
-4.0,3.521155163047985
-5.0,4.113795078743441
-4.0,3.784372727226997
-3.0,2.4359138855644757
-3.0,2.3668290306609623
-1.0,2.0374217469182083
-1.0,2.369549325034713
-2.0,2.241095715755932
-3.0,2.3900073519649485
0.0,2.0103560154882345
0.0,2.057781335984024
-3.0,2.771885120324648
-1.0,2.742807252588392
-1.0,3.7504055094357422
-4.0,3.954393868398324
-1.0,3.9395735767427027
1.0,4.247122695521239
-2.0,4.166605761918359
-3.0,2.911450536365063
-3.0,3.2952158231896305
-4.0,4.137000320382938
-6.0,2.9195615372594035
-5.0,3.9045552657348397
-2.0,3.3737548689845975
2.0,3.4269568604149065
1.0,3.8605437687897006
0.0,3.1335948503172064
-1.0,3.392097316269038
-3.0,2.8202280290772297
-3.0,2.2809998794333364
-1.0,2.2689488876911286
-2.0,2.654225234275142
-1.0,2.254341578662631
-1.0,2.2608582028178725
-2.0,2.516398914949581
-1.0,2.089350975393925
-2.0,2.9858714546926546
3.0,3.3901081268336806
5.0,3.395648444459383
2.0,3.226058255851342
-1.0,3.299792010344012
-2.0,3.2755077327357083
-2.0,3.166615915931192
-2.0,3.5195482167449854
-4.0,3.8580125891690105
-4.0,3.8944506078625696
-4.0,3.7393352760894714
-5.0,3.5734608018527125
-3.0,3.486374378766705
2.0,3.0943017033642213
0.0,3.3831793026200123
1.0,2.7643589903659187
1.0,3.2316969571673617
1.0,2.790451286762646
0.0,2.302840604773412
-3.0,2.900479981554864
-4.0,2.099779635153123
2.0,2.7463472135995883
3.0,2.1842569813497037
-1.0,2.089171772116042
-2.0,2.313864412067901
1.0,3.4029601193560732
2.0,3.905604022872976
1.0,3.8037932452585492
-1.0,3.8037932452585492
1.0,3.4303874175485007
1.0,3.0034228962881753
-1.0,3.129118991399624
0.0,2.938998240265455
0.0,3.009608765248352
-2.0,3.3968309914027297
-1.0,3.474264359693045
1.0,3.3753823477605804
2.0,3.0279021975375193
3.0,2.7469157359247003
3.0,2.3395424046756017
0.0,2.202565388744576
-1.0,2.01808568531847
-2.0,2.211046754636401
-2.0,1.9001647570302693
-2.0,1.807061153784972
-2.0,1.9196223066696994
0.0,2.722873869052388
-3.0,2.267514251899743
-1.0,2.3414255982575325
1.0,3.303186521105947
-1.0,3.737864027820641
-1.0,3.990362396103683
-1.0,3.04350163744816
-4.0,2.8109424383946258
-6.0,3.155547384531094
-3.0,3.2144122332437575
1.0,3.208741599785128
2.0,3.161898151791597
-1.0,3.6938807965815177
-5.0,3.265726154552177
-5.0,2.7720071261788743
-2.0,2.5693289491880753
-2.0,2.5463044968140744
-3.0,2.063731906446974
-4.0,1.9231564988548933
-5.0,2.4846488796662505
-4.0,2.1253371221359334
-2.0,2.0828024915952894
1.0,2.082249986463471
2.0,2.1042647629474773
-1.0,2.1042647629474773
-1.0,2.1508714588414173
-3.0,2.3429386417904214
-3.0,3.8389267302066203
3.0,3.529291681064817
0.0,4.016914334289515
-1.0,3.0489620777048687
4.0,2.941478076026082
3.0,2.8216113571481976
0.0,3.854434925596028
-4.0,2.6644508788686556
-6.0,3.3714485970432024
-4.0,3.2667243459723427
-4.0,2.9902657862597914
-2.0,2.5954658787050424
-3.0,2.3954669943904947
-2.0,2.9194957159782393
4.0,2.908596765742692
1.0,2.307262077952386
-3.0,2.188000204240757
0.0,2.3596735838346756
-1.0,2.5891516905230474
0.0,1.9948715467058895
-2.0,2.088515824038479
-2.0,2.0899601205073326
2.0,2.307712337138308
4.0,2.496575548218924
1.0,2.9257057163562927
-2.0,3.295844270033998
-2.0,3.869595840808296
0.0,2.945578984799776
-1.0,3.524916988657636
-2.0,2.805323108259317
-1.0,2.8990731805773153
1.0,2.794806785444456
-1.0,3.3287917055862617
-1.0,2.517422367850435
1.0,3.006305671382007
-3.0,2.4173934515049904
-3.0,2.4437058468930046
-3.0,2.2886210537835576
-4.0,2.2502468150713195
-4.0,2.123490650650644
-1.0,1.9841035406898022
0.0,2.0217433331450234
1.0,1.9237077278977155
1.0,2.307226114919341
1.0,2.4652401131509616
-1.0,2.5129272432871037
-3.0,2.093578996839489
