y_true,y_pred
5.0,4.484433817844762
8.0,4.339243523757259
11.0,3.925171575605506
5.0,3.7161927097506613
11.0,3.6276166146169713
7.0,3.5812798356355335
1.0,3.664114184357067
2.0,3.7878471043733013
3.1,3.6371090431473285
0.0,3.629387661606718
8.0,3.547879047136143
2.7,3.5126875798824764
0.0,3.216031064548623
3.0,3.581004903554316
0.0,3.387943345056365
1.3,2.9218422549092917
2.0,2.836502023521736
6.0,3.001669697670401
1.0,2.9440602031724
7.6,2.9640546529752028
0.0,2.658368208107033
0.0,2.7413966554003455
6.0,3.2945710114123146
2.0,4.160867721004163
0.0,3.734859399775355
3.0,3.4538674289660745
4.6,3.241581364158768
5.0,3.1703633307427537
14.0,3.1754764143622087
2.0,3.0964501449598534
2.0,3.1412591784300776
0.0,3.114144699589313
0.0,3.238931111517605
2.0,3.017114562324123
1.0,3.0591028824524504
1.0,2.946691329282813
5.4,2.986860747226893
0.0,2.8668579297584786
1.0,2.9388321922097296
2.0,2.5511837167919196
0.0,2.4707829254623337
4.2,2.523573612617894
3.0,2.749596278808257
0.0,2.7433976003671185
3.0,2.6651715182472167
0.0,2.7144485587411835
8.0,3.442875962164222
5.0,4.149651395593
1.5,3.8239158305988994
3.0,3.605620188056668
5.0,3.306886649349874
6.0,3.1650458426201293
3.0,3.047527032992128
2.0,2.82330943848541
0.0,3.0115888924920293
2.9,3.0368204262535006
0.0,3.0255499420305942
2.0,3.1522685155842862
4.0,3.037197711332635
0.0,2.5102587341297338
4.0,2.8071714034387067
0.0,2.8733905852315123
2.0,2.7561817948070324
3.0,3.040671644929457
4.0,2.8184139916510844
1.0,2.900378409895245
4.0,2.778473025545209
0.0,2.370838544579544
0.0,2.2692195623035265
0.0,2.784746431784258
1.0,3.5767228110432026
5.0,4.164786194532115
9.0,3.9676644407256516
0.0,3.7672275966491418
2.5,3.559415689000243
5.0,3.365137873179101
3.0,3.1816766539129966
2.2,3.2079952225706667
2.0,3.180005844521494
4.0,3.1768126871518323
3.0,2.6066667625224795
3.0,3.0369971429320715
2.9,2.690525660136315
4.0,2.6214423349294225
0.0,2.8733012626960135
2.0,2.6015573134707877
2.0,2.4305654047624055
1.0,2.47833549916167
1.0,2.3735274467205505
0.0,2.484015237771707
6.3,2.463532394077021
4.0,2.2300897862617752
3.0,2.425696939444712
1.0,2.888738281566985
3.2,3.6622436384301555
2.0,4.149475129332327
14.0,3.8600679272212064
3.2,3.3623842007691627
2.9,3.282395761681081
0.0,3.2068728593007543
4.0,3.1016962615020596
5.0,3.405303102274877
4.0,3.5119902718896605
5.0,3.1709852574747774
0.0,3.0033794031497014
0.0,3.078954461768077
0.0,3.3018089699811495
3.0,3.1346018081493523
3.2,2.8558930252637102
0.0,3.1203804132819117
0.0,3.1326284815899417
5.0,3.0873310938933325
2.0,2.8582986437816995
5.0,2.34134017588982
0.0,2.688408400800761
1.0,2.665319863546324
1.0,2.9061309671234334
0.0,3.4786196705053367
8.0,4.308350457837656
7.0,5.008954957061219
2.0,4.329608569645144
5.6,3.436667917068499
0.0,3.000027301726143
2.0,3.0636843821979944
0.0,3.1435792931754913
4.0,3.4665674851716894
0.0,3.4691011319229963
9.0,3.35957779589327
0.0,3.1279370735660073
0.0,3.355132256467357
8.0,3.4209596452532445
4.0,2.989746762333588
0.0,3.208088268739646
2.0,2.7255697453273204
5.5,2.6317871671798416
1.0,2.6879931477693857
7.0,2.769871933768003
3.0,2.871693900979369
1.0,1.9990583491146756
1.0,1.634554752178297
0.0,2.17760930107596
3.8,2.5113860140388575
11.0,3.677198093452982
6.0,5.001995923780065
1.0,4.451545899846904
0.0,3.8170332833408014
2.0,3.226889156537414
1.0,2.6702614410863155
8.0,2.741420983952681
9.0,2.829465813977685
5.8,2.795748519551247
4.0,2.7862407550357435
4.0,2.673129273032344
0.0,2.81491101729563
3.0,3.35689591508668
4.0,3.133036997543817
4.0,2.9867539033123967
6.0,2.6978779453850033
3.0,2.6484533120632383
2.0,2.6741629901317303
3.0,2.3948097013308565
1.0,2.4680414926184064
0.5,2.5883857096474743
3.0,2.509726417255944
0.0,2.6283007475953437
2.0,3.0715865100971445
0.0,3.358873148387828
4.6,3.589597340389491
3.0,4.157544527423202
1.0,3.578593018207753
3.0,3.2377109018253405
12.0,3.0882635161105143
7.0,2.5076277092744603
0.0,2.8267509620931115
11.0,2.852561751281661
0.0,2.391912203820457
5.3,2.4692983411818425
7.0,2.7112785801489165
1.0,2.6877037857298136
4.0,2.4364546174608295
0.0,2.3018131501898393
2.0,2.252436885124116
1.0,2.2598678006724606
3.0,2.6753348283634812
8.0,2.9465609121534713
1.0,2.432461731370083
1.0,2.4207997997206605
6.0,2.7869446524426884
0.0,3.2763845774485083
6.0,3.333965594281016
0.0,3.2517025368049595
4.0,3.643326468813367
1.0,3.91809472959478
6.0,4.015012682156925
0.0,4.046250502534618
8.0,4.021968703463632
3.0,4.563847444635209
3.0,3.291455160377978
9.0,3.223606774596856
0.0,3.0949808493477957
4.0,3.0507256723442713
1.0,2.953481337572106
5.0,3.1410600681970955
1.0,2.7206905771997127
0.0,2.2538936302893724
1.0,2.155341277719783
4.0,2.167053818889962
1.0,2.580257421963997
6.0,2.572115190617818
0.0,2.4940386211137517
3.0,2.7442450604782738
2.0,2.7620070915002826
8.0,3.6693915047094183
3.0,3.984067633129227
4.5,3.6361835353977465
4.0,3.5364658614350506
3.0,3.5422830222283728
6.0,3.1917096064413433
2.0,3.6107832747773285
4.0,4.079353115589326
2.0,4.6674571077882225
9.0,3.626284270380591
1.0,3.062531641074115
2.0,2.8040821691326414
4.0,3.1295419547590866
5.6,3.024182601083709
4.0,3.04838712055385
0.0,2.4902884063030872
1.0,2.3752250527059973
0.0,2.3944536118419895
5.0,2.331237163746497
4.8,2.737555241902591
0.0,2.701898886717152
9.1,2.6419864135238305
4.0,2.216557747044404
0.0,2.60146045702096
7.5,4.3414952766545625
9.0,4.844520192196544
1.0,4.911491085122984
10.0,4.062783019770827
5.0,3.2782694295927906
6.0,2.3954977782886377
0.0,3.5945126867034896
6.0,3.1011710494408833
0.0,1.9409682022549917
0.0,1.832946782639718
0.0,2.2488170564345067
1.0,2.206590321155039
3.0,2.288601858004106
5.1,2.2960889975149175
2.0,2.3596109539071715
0.0,2.7391009586135406
6.0,2.743929819994558
8.6,2.7639357846469728
1.3,2.5972948584180116
3.0,2.5429375078615326
0.0,2.6706244671243247
4.0,3.0706435634393983
0.0,2.957808656512264
6.0,3.061138412007765
3.0,3.8458051114450043
5.0,4.7056591754152555
0.5,4.5708969245989675
9.0,3.807462247531327
3.1,3.2361310160662278
1.0,3.5104680990711614
4.3,3.7406763117938797
8.0,3.5057485511790305
0.0,3.702628835840715
9.0,3.534793467508089
5.0,3.0091180599420486
0.0,3.042637696191294
4.0,3.104366222759243
1.0,2.957085626352593
0.0,3.0758256520064515
0.0,3.0584512076055517
0.0,2.5101908016665475
0.0,2.691315835067945
5.5,2.75874624824048
3.0,3.1251665802901507
5.2,2.9026771060439005
5.4,3.5297698073516033
1.0,3.5234395088640333
5.0,3.1590181354231643
6.0,3.5429888167431676
13.0,4.303188530362387
3.0,4.131026728089335
3.0,3.8569786655667415
5.0,3.4141101484552014
1.0,3.437482256398046
5.7,3.3503529344740017
4.8,3.8125846656392293
4.0,3.701291997075433
5.5,3.397279815713474
1.0,3.2433994943545503
3.0,3.3927769777192425
7.0,3.4737896154553924
5.0,2.901016794891814
3.4,2.8518822581830165
2.0,2.8616433088291418
1.0,2.666540571966656
0.0,2.3295479658750593
5.8,2.174436720672527
5.0,2.291900665619341
3.0,1.8428415341725572
0.0,1.8851965562399604
4.0,2.407381629506729
0.0,2.657666564340579
3.2,3.8564836203812103
6.0,5.54355409959373
5.0,5.067979272330887
6.0,3.852228185571538
6.6,2.8603992885807914
1.0,2.589512859259342
1.0,2.4951706964247196
0.0,2.8230209790860354
9.0,2.5119653463826603
3.0,2.397427226002291
4.0,2.4266329044399906
0.0,2.8432641082238512
3.1,2.850014606601948
2.0,2.4432480347292582
4.0,2.544782093317771
3.9,2.4160445744635357
0.0,2.18729585838059
3.0,2.076651158549028
1.0,2.046448107930787
0.0,2.4398119660267787
1.0,2.6010586404462552
3.9,2.2453425577299297
4.2,2.237710226365977
0.0,2.25358099589374
1.0,2.879164334918977
0.0,3.0958357643330308
0.0,3.348287694244534
4.0,3.3675331253673475
3.1,3.445870171981764
0.7,3.172586219386223
4.7,2.852941102087237
3.0,2.7802615520978464
0.0,3.051749275691431
0.0,2.97313916361259
4.0,2.884483029633346
3.0,2.6481789788346566
0.0,2.6904279250219374
3.0,2.826136378173786
7.0,2.871371002091254
1.0,2.7191623303383468
2.0,2.6966080701758313
0.0,2.4859917921565913
2.0,2.4005359072843295
0.0,2.6105218276472106
0.0,2.5257517457515233
0.0,2.3239823100332013
3.1,2.3837405253049115
1.0,2.471655463068213
0.0,2.8987672797208432
4.0,3.285359507801138
1.3,3.4387494481476315
3.0,3.2007106135984924
0.0,3.216829456739174
0.0,3.19568512904186
0.1,3.2718124223277587
1.0,3.1033748345383145
3.0,3.2242148101406016
4.0,3.0812595302296404
2.0,3.0371560029563045
2.0,2.944231686282403
3.2,2.7524802551455476
1.0,2.938487905914934
0.0,2.9157455577754825
4.0,2.4448224916124466
2.0,2.2672598603865852
0.0,2.190568374052697
2.0,2.5798198620679234
2.0,1.6060481772758242
0.0,2.1607583844002387
0.0,1.6832861064077274
3.2,1.6936842160202197
3.0,1.9502766764181496
0.0,3.7307261161182295
3.0,4.93617934468751
2.9,4.656128476939589
8.0,4.056411353561602
0.0,3.778662086993579
0.0,3.188115798759866
0.0,2.963135159969251
3.5,2.462132935704853
5.0,2.4280477329311108
4.0,2.306798091584687
1.0,2.631859492237734
1.0,2.945796438311948
0.0,3.499191850009067
0.0,3.441850163284998
0.0,3.72807955999612
2.0,3.989226278669369
2.8,3.2070154351919395
2.6,2.982262897967695
2.7,2.7549539623617196
2.5,2.9265047669115383
2.2,3.1176220580745717
0.0,2.607857047964053
5.0,2.3298466578585777
0.0,2.6978479187009987
4.0,3.1536456796361385
4.0,3.9802929527700934
0.0,4.297977548802969
2.0,3.797603323972722
1.0,3.4807767541410572
2.2,3.2657156617153524
2.0,3.1878767291002164
3.0,3.048460602230749
7.0,3.0903085707800986
2.0,2.8415033324698813
0.0,2.90607493282746
4.0,2.898560584340618
1.0,2.943626613414528
3.0,3.042157984036586
4.0,3.0282813484957014
0.0,2.9130954146080166
4.2,2.7561651790995025
2.0,2.61774324961253
3.0,2.9196997918423686
3.4,2.9555854460736986
3.0,2.912283875183148
1.5,2.696613179427624
1.0,2.523040694277489
8.0,2.512751611414816
6.0,2.922818896287435
1.0,3.45896129033107
4.0,3.7204606237478925
8.0,3.941744561838136
3.0,3.650344831203821
3.1,3.372751985342101
2.0,3.61088470881639
3.0,3.4061194593165536
5.1,3.304554918146005
0.0,3.1426913468839497
2.0,3.0682264859485553
0.0,3.0507703856808526
1.0,2.912476863460981
0.0,2.911976290280109
0.0,3.0005556343312154
0.0,3.0649935778738957
0.0,2.8277611342619844
3.0,2.683513204318984
1.0,2.5185106721201502
3.0,2.758211462595172
0.0,2.7018128546204285
2.0,2.204109149174865
4.0,2.275229181231615
3.8,2.7220456860368816
0.0,3.471996483009743
2.0,3.881630665188248
4.5,4.097886341405424
6.2,3.8906268379233984
0.0,3.5106618451904414
0.0,3.1684700138055084
3.0,2.9902930730653567
1.0,2.938427252200855
5.0,2.912911308132135
0.0,2.7968418398570223
2.0,3.0460533288758502
0.0,3.1275934525081457
0.0,3.0512350872612974
3.0,3.15510480640982
0.0,3.2868031416150414
6.0,3.0703227975027576
3.0,2.813620125376454
7.0,2.761049195598571
2.0,2.4727926193560537
4.0,2.4741794219948448
4.0,2.5231534912319695
1.0,2.434575453615481
0.0,2.356629637976339
1.0,3.57592434093287
0.0,4.137278502385472
5.0,4.447652244292961
3.2,4.07804513724567
1.0,3.464222353699763
3.0,3.1272623027238486
0.0,3.085826527832053
0.0,3.0949771728473774
3.7,3.4702529269341507
5.0,2.952050379271876
2.0,3.3515560773656596
4.0,3.0754699702959982
2.0,3.7140238719192746
7.0,3.9665757304206313
0.0,3.196007351313187
0.0,2.7755502617694425
0.0,2.662522407510889
3.0,2.7413398428732982
2.0,2.5472253511007548
2.0,2.1752997449593328
2.0,2.222105946228183
5.2,2.5713917812955485
0.0,2.3384515012549656
0.0,2.4125931131145872
3.0,3.256264878809073
1.0,4.27980096312748
9.8,4.615188151281037
3.0,3.763811228159692
3.0,2.9843035840646754
0.0,2.616664509638632
3.0,2.5671189422012497
0.0,2.811840870324849
0.0,2.837021646247966
7.0,2.8259002139308813
3.0,2.8644658412888946
3.2,2.985740749464489
5.0,3.148241525561245
2.2,3.0177801239806086
1.2,2.9121930922016497
0.0,2.957392597105581
2.6,2.8773691710638296
0.0,2.856224267205297
2.7,2.8708759963030075
2.0,2.943863257122026
2.0,3.05934685382561
0.0,2.893812675979951
4.0,2.667038831576294
0.0,2.678947021235694
3.0,2.9838202595302676
3.0,3.805146643715581
3.2,4.123944260082287
0.0,4.243433396335533
8.0,3.692671937853725
1.0,3.461810409794317
3.4,3.338284929968809
3.3,3.669465710419985
1.0,3.4367001102929864
1.0,3.1492145491134544
3.0,3.135674315893833
5.0,3.2606788219003424
3.1,3.1452811268791874
0.0,3.0839671946473732
2.7,3.0828987655385327
0.0,2.8771846266312213
0.0,2.7578111611099523
4.0,2.754971750121244
4.0,2.4462856439046017
1.0,2.331417821633581
2.0,2.157086070096433
0.0,2.0059994054942205
3.0,2.100089127546689
0.0,1.848210324633174
0.0,2.7691396605474847
3.2,3.8323925753938397
7.0,3.8126225908984717
6.0,3.6743861938821674
5.0,3.6867509518552524
1.0,3.6419591543768317
1.0,3.189802607927955
0.0,3.324615693918621
1.7,3.22154412769128
3.0,2.8565373809894097
1.8,2.5950393950188353
3.5,2.7103418772836787
1.0,3.0483754878822307
2.0,3.083704469349176
1.0,2.9847083917390353
0.0,2.7018405171948303
2.0,2.345599997367796
7.0,2.5148006706185533
1.0,2.5014863126900293
2.0,2.1509021938847117
5.0,1.7444995695258045
2.7,1.9029140852832067
1.0,2.4187238374198454
1.0,3.243278762208681
9.0,4.1016870224389965
3.4,4.11762107007241
3.0,3.8228534764987105
2.0,3.854050755313964
2.0,3.381837624141221
2.0,3.3189324609736044
0.0,3.4301615952048126
3.0,3.126054438879841
0.0,2.712246211315213
2.0,2.4973801161310525
1.0,2.857616186840139
5.0,3.2137708589181253
0.0,2.969826538311931
0.0,2.854085383279445
2.0,2.6094289046686443
0.0,2.953465791257382
0.0,2.3586499856187566
2.4,2.310110812170348
2.9,2.3234171099988092
2.8,2.978074985280635
2.6,3.2904548425289475
1.0,3.0419555458009597
3.5,2.8055744939245653
0.0,3.7383853206984377
0.0,5.069414753505765
3.0,4.96208422218899
0.0,4.472136538379024
0.0,4.109416580127256
2.7,3.9152187166003065
3.4,3.6015859162334607
2.0,3.336472912267724
0.0,3.2585675023352816
0.0,3.2312650892292436
1.0,3.1463714933794744
2.0,3.1866709816026293
1.0,3.3755583039757564
0.0,3.5903638569957383
2.0,3.4767335966324264
1.0,3.620125117379898
1.0,3.0110881212354825
1.0,2.9113862547078497
0.0,3.3022793034522357
3.6,2.3888100103932737
3.6,2.4036007181388226
4.0,2.7019016180579696
3.0,2.271776003314826
0.0,2.642965951862938
0.0,3.3932871401373372
0.0,4.038319189279369
1.0,4.273836941325188
2.0,4.158050306403222
0.0,3.7241992834811923
1.0,3.3432118451669144
1.0,2.9562320262259743
5.0,3.060621127766871
3.0,2.9463229831178372
0.0,2.8896902563344486
0.0,2.638684433931929
2.7,2.9580142149665956
0.0,3.206136962629783
0.0,3.0412716385288774
1.0,3.3306852018103825
0.0,3.0141029100170975
2.0,2.6268339515703514
2.0,2.549483668451355
4.0,2.159889523335421
0.0,2.1299637541391423
1.0,2.312371486096939
0.0,2.0678192832911235
0.0,1.9589244564139774
0.0,1.8871619870342933
5.0,4.307889261472878
2.0,5.728234703397772
2.4,4.656049292269345
0.0,3.4333006256566003
1.0,2.7511461060544233
10.0,2.536383201695547
7.0,2.6271135011434907
3.0,2.641576955363622
5.0,2.594615614854428
0.0,2.7198990628164093
2.0,2.9973958396370843
2.0,3.4201234584858273
2.0,3.7077198147618415
0.0,3.4297590982087485
2.0,3.5970031937446825
6.0,3.6570711966529386
1.0,3.431878877191405
3.0,3.559473864739492
2.0,2.982816419269414
2.0,3.194951063242444
3.0,3.432995367452119
0.0,2.8545099271067698
2.0,3.4613010819794074
0.0,4.444065461233358
7.0,4.826646260426049
1.0,4.63147946564935
0.0,4.274163584971793
3.0,3.703799074582547
1.0,3.4264434641599815
5.0,3.622493529530967
11.3,3.453077338834853
1.0,3.285625016187853
4.0,2.9693528409506094
2.0,2.8099289724405025
0.0,2.850353357080107
0.0,2.850805301454775
2.0,3.0219514952594615
1.0,3.1347441406317462
1.0,3.5258188380440747
0.0,2.916648579361204
3.8,2.663252883858177
1.0,2.5287377994817954
4.0,2.5527083885800845
2.0,2.78144635650566
0.0,3.332627783052837
3.5,3.8024098270712723
3.0,4.176740686260734
8.0,4.314921756531175
2.0,4.497235263881257
3.0,4.408835678512331
4.0,4.197572405472867
3.0,3.7527865079203453
0.0,3.4336018930362404
3.0,3.389194569126166
4.0,3.4358534531187157
4.2,3.1245169280392115
0.0,3.0004205678921068
2.0,3.5014150142852847
3.5,3.6306865692424
4.0,3.28613766757483
3.0,2.9882734410282064
2.0,3.1225861139004176
0.0,3.2558209545990575
2.0,2.64635355323036
6.0,2.4346152038772315
3.3,2.1614008022672215
1.0,2.161193855302709
2.0,2.216214085162195
5.9,2.012238764541602
0.0,2.275114819587863
8.0,3.3004150457895753
2.1,4.792975563397646
2.0,4.966447753387944
0.0,4.2960244028637735
3.0,3.4166444496786545
0.0,3.2418549319342924
1.9,3.198952418602172
0.0,3.2837309406488986
3.0,3.218235277507967
4.0,3.2894276215586395
3.5,2.688925094216436
2.9,2.7226574532408825
3.0,3.2746273745992087
2.8,2.7428036085131864
1.0,2.755146218071121
2.6,2.628176814153113
0.7,2.556582018704561
3.0,2.164306515505676
2.9,1.758855010241672
2.0,1.6931459040353145
0.0,2.0506745826370687
0.0,2.2444251674470372
3.0,2.396727808816047
0.0,2.6895906341362967
0.0,3.7140576389164166
0.0,5.143639616586953
0.0,4.9528619673780465
2.0,3.9531569630812893
0.0,2.86598832821222
6.0,2.693003537438628
0.6,2.6179989506983032
10.0,2.818131307477633
3.0,2.6941866386263627
2.0,2.826518776509554
0.0,2.862419844848259
3.0,2.7501574122874572
3.6,3.086502198588419
6.0,3.4269563665480995
3.5,3.1409473397438457
4.0,3.4103944138442905
0.0,3.422404109373454
1.0,3.313667637835156
5.6,3.0400091837522547
0.0,2.582803088396373
1.0,2.9741899556937956
0.0,3.0413283971916427
0.0,2.840936872477235
2.5,2.8293611540252175
9.0,3.5931422801753152
2.0,4.630534224306233
7.0,4.651889920097165
6.0,4.1980994221461145
3.5,3.6256655442539643
1.0,3.215198659487384
0.0,3.102471083426611
2.0,3.22451224506842
4.0,3.1660061767186827
0.0,3.2000636344519813
3.6,3.203907486313768
3.4,3.2376156628165647
3.0,3.2487685405714077
3.4,3.0013363222069542
4.0,3.3592084151096855
3.0,3.111829153856105
0.0,2.781610206667379
0.0,2.8364325956229766
7.0,2.8260121402875322
4.0,2.8034735278080194
2.0,2.672801089150432
0.0,2.7248345896672403
1.0,2.61943460094256
0.6,2.812535047899604
2.0,3.458758613721379
20.0,4.580993399204028
1.0,5.289760646388802
2.0,4.569834501827868
3.2,3.6868683584403543
7.0,3.159064062021636
2.0,3.386931730100762
6.0,3.398542251694049
1.0,2.9120431969616236
1.0,2.9532759022952333
3.3,3.1770023120765574
3.0,2.6680333764068935
3.1,2.7714796031607114
5.0,2.72565516525334
3.3,2.3875250205667684
0.0,2.312917419357686
2.0,2.30455645210253
3.0,2.687145709151276
2.0,2.7540952457347028
0.0,2.5981445026356105
0.0,2.6428062174915716
0.0,2.643441517858314
5.0,3.184192593371858
5.0,4.134558571626526
5.0,4.782563093714162
6.0,4.427279818603825
8.0,3.7766422967680637
0.0,3.0635340719643716
3.8,2.9500504481343692
0.0,2.926038915729549
4.8,2.8297247033669484
1.0,3.114120214846937
2.0,2.957833570118554
1.0,2.7964922216213335
3.0,2.5952580208684317
2.0,2.7062808544952945
0.0,2.533022575789405
5.0,2.35994854027793
1.0,2.463227456415131
6.0,2.6278411304042297
4.0,2.508299157500044
4.0,2.894430130342611
2.0,2.9539833921420082
6.0,3.3788741825368276
0.0,3.966156061872379
3.9,3.754377079812927
2.0,3.502783277845874
5.8,3.5785081450039624
8.0,3.9277135194217108
0.0,3.7199791324587057
4.0,3.8397351225075385
8.7,3.2769829541595334
6.0,2.9626552594023403
3.0,3.044700106873026
0.0,2.9717155355096696
2.0,2.9037082621787245
3.0,3.0020410751792284
5.0,2.833072588541725
1.0,2.5669170035113518
2.0,2.6487486901835102
7.0,2.389791649252993
4.0,2.453921011489289
2.0,2.265755463476494
0.0,2.2718210902567813
6.0,2.5583224001080644
3.0,2.5953580413568775
1.0,3.450292458648948
3.0,4.440474762731642
2.0,4.148655175129389
2.0,3.585073487583634
6.0,3.4804434221620557
0.0,3.2656650798811016
4.0,3.2040083018511063
8.0,2.861890556552401
8.6,3.2414044428893454
6.0,3.5010831745548905
1.0,3.0754366868443257
4.0,3.3097092682196307
0.0,4.117424448331127
3.0,4.248283688727348
2.0,3.7642082756826003
1.0,3.73563864523367
0.0,3.240696406515116
2.0,2.7663054840963746
3.0,2.6324457051286685
3.0,3.204706313364766
5.0,3.152278496452084
2.0,2.6352884201699642
3.0,2.516044373160435
2.0,2.6385403441249107
1.0,3.0613576326163097
10.0,3.7347798682474096
6.0,4.180434005528823
9.0,4.091327133447036
1.0,3.981270514618913
7.0,3.591032760800527
1.0,3.6634402054672526
10.0,4.374701317502481
2.0,4.224589044698754
5.0,4.366482822607732
3.0,3.9851333888294453
1.0,4.089445800307649
5.9,3.9866450416105987
9.0,4.0429284138157335
5.0,3.8660312224038136
3.0,3.379661696260987
7.0,3.553708722328378
5.0,3.4311989968285377
2.0,3.174898138842057
5.0,2.5711884925410984
5.7,2.633451076690688
4.0,2.447310142608196
3.4,2.0884152722883256
0.0,2.0852345808254884
0.0,2.6020623455713965
4.0,3.7316086625214235
10.0,4.211288301634273
5.0,4.118166783180128
7.0,3.700201366819476
3.0,3.548103029323898
3.0,3.454475167189024
8.0,3.6313567678957037
3.0,3.2560180842326427
3.0,2.7206745700894386
3.0,2.854156383892925
3.0,2.8375913873351366
4.0,3.1646556242021395
4.0,3.3946201721895406
0.0,3.4938725599036786
1.7,3.1488590046258396
1.0,2.8568740373000012
0.0,2.530047743119642
2.0,2.4994857150411356
0.0,2.148827566511072
2.0,1.9106638219453629
1.0,1.92156633063707
1.8,2.1706862634051527
0.0,2.3772241018789435
2.0,3.155005761717251
5.0,4.968577153620788
1.0,5.055960212478614
3.0,4.189048746486678
4.0,3.3644907273130586
0.0,2.8765973565406893
3.0,2.9033666539040244
3.0,3.3120940784498094
1.9,3.045221212919034
0.0,2.8261443713489807
1.0,2.6563534911492375
1.0,2.605483883145223
2.0,2.569809649614894
2.0,2.3331830740522417
1.0,2.700906452095223
3.0,2.7004248736974787
0.0,2.4303207174360315
4.6,2.9086169693164474
3.2,2.33207231074017
0.0,2.7929201733182465
3.0,2.598247623435289
1.0,2.4343593854258403
5.0,2.4787772499378153
0.0,2.7495262304099457
9.0,4.006709636742811
1.0,5.235718594051303
1.0,5.229371102899834
6.0,4.095021010436492
3.0,3.166109832696352
3.6,3.0691046682762604
4.0,3.1440920224874045
0.0,2.97445933451182
1.0,3.077459106258282
1.0,2.9029160936316276
0.0,2.8500785718327886
2.0,3.0634864803325947
3.2,3.501091771018914
3.4,3.6671516611881856
3.3,3.4409344352029505
2.0,3.3519501052725897
2.0,3.2126475244126014
0.0,2.989392624150887
3.2,2.521663156298021
2.0,2.3690075922956093
0.0,2.064015397783604
3.0,1.976137157952345
0.0,1.976362610470999
0.0,1.9461001983505852
6.0,2.677300609703998
8.0,4.228072966194089
6.0,4.808354899411589
1.0,4.382927638037778
6.0,3.467158893140207
2.2,3.2096075082497992
4.0,2.711613417636456
0.7,3.2759280452647754
7.0,3.0703636395354352
1.0,2.9066576698013247
0.0,2.8490848311875068
0.0,2.8891167334771084
2.0,3.015503553219034
1.0,2.9627985419847853
2.0,3.0279069593806027
1.0,3.0668481205551514
2.7,2.9869485465913117
3.2,2.760290535955395
2.0,2.7306595158908156
1.0,3.07385914917616
0.0,2.7982361980357515
1.0,2.6840884964828646
3.1,2.7510207866276204
3.4,2.834727532176261
1.0,3.930116185524951
4.0,5.162282861134669
1.0,4.771569664609308
5.0,4.0005613298126645
3.0,3.543319355154221
1.0,3.3791916286840156
6.0,3.1555510473490673
5.0,3.4228545423166246
8.0,3.326775101793479
3.8,3.179730369586869
3.0,3.4263470617146248
6.0,3.4972143521164183
4.0,3.8616914638250117
6.0,3.9297055271076933
4.3,3.9693068184520888
5.0,3.715610482006556
0.0,3.625260171656068
0.0,3.325217871901706
6.0,3.594477294307328
4.0,3.051561267653326
5.0,3.4624655820374426
2.0,2.778579454418981
4.0,3.203677825814806
1.0,3.3406995836892195
0.0,3.6775088938380156
5.0,4.650889907516812
6.0,5.014542143321397
0.0,4.44436333581557
2.5,3.8145732661129492
6.0,3.361124634494405
1.7,3.1261884379354488
1.8,3.4187032340404264
2.0,3.387588880690299
1.9,3.446406076014818
0.0,3.5097565018931585
3.0,3.5673538766084967
6.0,3.6569600350177813
5.0,3.823647535900302
4.0,3.5641944535600487
0.6,3.779256299836658
2.0,3.4740689386429238
4.0,3.411958326728034
0.0,3.1796629420296814
4.0,2.2171898311746823
0.0,2.180698649598899
0.0,2.525869564129364
3.0,2.6333022759322233
2.4,2.769149593782512
3.0,3.854311556913724
12.0,5.15950672727193
3.0,5.000304241594554
4.0,4.591207264988503
5.0,3.8512265078774286
7.0,3.735055893015309
0.0,3.5570579728864065
5.0,3.719393794446099
2.3,3.7259078061377906
0.0,3.4098137971705396
4.0,3.1724259195190303
3.0,3.601972973004832
2.0,3.422592970032712
3.0,3.0768201165980016
8.0,2.7127242532354034
3.5,2.6772097819177203
0.0,2.560275548248094
5.0,2.7379210524956332
1.0,2.1938766253698807
3.0,2.4946247623054134
8.0,2.786967162603255
3.3,2.503900938513955
2.0,2.246597482736265
0.0,2.3818973055352926
12.0,3.781543865768189
3.0,5.1046259625244526
3.8,5.289519080519474
0.0,4.819333727557848
3.0,3.94244803184125
4.0,3.2699224537242557
3.0,3.1426541305002234
6.0,3.4588560243056383
3.0,3.342919287916016
0.0,3.273231860941746
5.0,3.312571971082959
3.0,3.6106855498530326
3.0,3.98912998377324
1.0,4.265771418898517
6.0,3.7309389704083347
0.0,3.495030797276354
3.6,3.28470094190037
4.0,3.0486704616785762
0.0,2.924536744906578
2.0,2.3728644066674884
1.0,2.520264941883308
2.0,2.729166184552116
3.0,2.5780734404310492
0.0,2.5945308688386133
4.2,3.1950953417669026
4.4,4.547014891858161
5.0,4.755309193378511
4.0,4.677384025570133
4.6,4.308904408305811
0.0,3.772766258082073
6.0,3.3425524005203626
4.0,3.494961531373144
0.0,3.3173196526041586
4.6,3.062167676063449
4.0,2.977470962190373
7.0,3.4396630593415827
5.6,3.6725781190776416
2.0,3.593588822924885
3.3,3.2778954422102213
0.0,3.2811500532509825
3.3,3.0518801047806186
4.5,2.8517459454115417
2.0,2.798507451898626
3.0,2.8856088764268115
2.0,2.954648118282671
2.9,2.8908506251826176
0.0,2.8016764928049676
0.0,2.8407624215988165
2.0,3.354105200693852
3.0,3.9816403804460894
8.0,4.38551230174594
2.0,4.530740777839302
2.0,4.0615773080990625
0.0,3.68480925770044
0.0,3.8094421886179424
7.0,3.8143739847439795
3.0,3.6828664078601108
3.0,3.4279950697582757
5.0,3.584397239526962
4.3,3.611149594301816
0.0,3.355349644890979
0.0,2.7143301005606943
4.0,2.559067288202535
5.1,2.287148838382268
0.0,1.8797573870149202
5.1,1.7409601146331632
4.7,1.6451263259532563
2.0,1.4309329242466982
4.0,2.3599957061998214
11.0,2.417928389458128
5.5,2.6603837032317905
3.0,2.6975577230272036
0.0,3.6933035137854247
0.0,5.1825809240647285
17.0,5.1679913718479495
4.0,4.874225308340278
4.7,4.217863259031506
5.5,3.578627018991881
0.0,3.3595079365790546
20.0,3.890359710053846
12.0,3.6933920843105033
5.0,3.4887482495964983
0.0,3.4191374096742404
6.2,3.1025112579158654
3.0,3.4704059845490627
1.0,3.151073127806124
3.0,3.28042693848362
19.0,2.7663306747801832
0.0,3.208898308001655
5.8,2.3185310786180953
0.0,2.5899395128488116
4.1,3.111775882617387
3.0,3.0843051542683013
5.1,2.5156829420193882
0.0,3.2923418659584684
1.0,3.4536623714865424
3.0,4.294247856503844
13.0,5.3285666137906125
19.0,5.097861583244098
3.0,4.811539865404068
3.9,4.687741885934748
23.0,4.364858095397247
6.0,4.263489935198219
7.0,4.496759498954747
21.0,4.482140509480596
7.0,3.936900740850777
11.0,4.177827570722333
9.0,4.2958400325668515
23.0,5.3199602350782
5.0,4.947073653320661
5.0,5.2738125846874695
22.0,4.516522242819106
9.0,4.487991794312702
25.0,4.844088854205131
6.0,4.965758070656181
5.0,4.556220764247708
6.5,3.934822829192778
15.0,4.313886848220037
5.0,4.795522831847026
4.0,4.271510308184709
8.0,5.554127869206273
4.0,6.388204066850653
10.0,7.019862698381575
0.0,6.058007149129978
9.7,5.511429359830195
13.0,4.6456619624680595
1.0,4.37120050590644
1.0,4.612129639622511
0.0,4.485290889189265
7.0,4.999315897054337
16.0,4.806843239878214
0.0,4.504689129600532
4.0,4.65475349607911
25.0,5.179552684902177
0.0,5.264332193604393
5.0,5.515738052687733
4.0,5.915629320485477
6.0,6.072082212151363
6.0,5.141488985008047
6.0,5.008970073695779
8.9,4.962433420466232
13.0,5.4535853152153315
6.1,4.636900283825422
6.0,5.34766020088957
8.0,5.6131324036961
13.7,6.8175029899280375
3.0,6.710653556114307
1.0,6.265812349210642
9.9,5.860969315967518
3.0,4.923152647969449
10.6,4.200131853113221
3.0,4.3416133764987626
3.0,4.236566953280883
2.0,3.602726839474168
5.0,3.366819604936183
1.0,3.871249368519231
4.0,4.438592833261023
3.0,4.484539884616301
4.0,3.957070259397436
5.3,4.146350574103821
9.0,4.1638349502740555
2.0,3.8832573667926216
0.0,3.714433996433082
6.0,3.388227112380743
2.0,3.077641035401906
4.0,2.9680509451073016
6.3,3.033947321665363
0.0,2.8559210953573118
1.0,3.2617433906556754
3.0,3.9314024078171705
7.0,4.548881870221461
0.0,4.761590128028406
7.9,4.727563213706793
3.1,4.414686138511128
1.0,3.708179254531376
5.0,3.6054234862522394
5.0,3.496474711186198
0.0,2.8442767397814945
0.0,2.6833314465475624
0.0,3.243762723573704
3.0,2.8916386726357164
2.0,2.2812851959808076
7.9,1.9218944881047269
0.0,2.1219373107843413
4.0,1.9343596496877136
3.4,2.3645363636905525
0.0,2.312072140209446
4.0,1.780131583215764
0.0,2.3193335772941155
4.0,3.0460026359794585
8.0,4.400692903676619
7.0,4.66985225384207
0.0,4.2581245533103536
3.0,3.334750567730188
0.0,3.5203056417154897
3.0,3.073906472194572
9.0,3.0394732378745317
2.0,2.7409795509109434
10.0,2.8040188767728034
7.0,2.263377683987742
8.0,2.4579883110703933
1.0,2.64625658345009
3.6,2.6834989286566424
6.0,2.5377135491601797
1.0,2.5033467949752466
2.8,2.3170032547724406
2.0,2.055785804287574
2.0,1.8278246423985052
2.0,2.0633947493374416
1.0,2.4879075534781667
0.0,2.399160501746873
2.0,2.300830195031
0.0,2.496059794492962
2.3,4.443865809386683
4.0,5.1106146397207555
3.0,4.139568689673416
6.0,3.5595680908120104
3.3,3.3968184122353455
10.0,3.053194629426389
2.8,2.989279152277482
0.9,3.0623044952969654
0.0,2.436122773739251
0.0,2.823364555153302
1.0,2.8435882906419323
3.0,2.798400859486034
15.0,2.9604741642562433
0.0,2.6912670850831657
17.0,2.5287139190149457
2.0,2.3023524169030307
0.0,2.270672986684348
3.8,2.495008100613881
3.0,2.7726875547526677
6.0,2.07362977873582
0.0,1.9398166452650232
4.4,2.399274757426625
4.0,3.0085297270708344
10.0,4.063195013099636
6.0,4.183500609341295
13.0,4.026352426842958
0.8,3.5901461521768336
5.0,3.361189317240916
4.0,3.3223996165180822
3.9,3.4109946608023454
3.8,3.254413918495314
0.0,4.218718861193148
3.0,4.5630985674737845
2.0,3.5976574490073028
25.4,3.784690020935268
15.0,10.060681195149105
39.0,12.244083478703914
21.0,7.986342107233391
3.0,5.70632202796369
0.0,8.330818933894463
2.6,12.84098942755887
4.0,8.81796219486555
2.0,5.165293233944318
0.0,2.378279573468549
16.0,2.3829444005339173
4.7,2.943543494812241
19.0,3.4190781794154614
22.0,3.2054522010719766
4.3,2.270154019860301
20.0,4.172630078007271
16.0,3.6601754906070787
2.0,3.3961600974609345
1.0,3.2095931430742626
5.8,3.010052301219477
0.0,2.7656789952280354
2.0,3.0313152525434988
0.0,3.353626864175902
2.0,3.1381419878327224
9.0,3.0173974613765693
3.8,2.5973658193592155
0.0,2.469369794558622
2.0,2.6476243737963308
2.0,2.5290757310994594
2.1,2.6535519127401064
3.0,2.616862645647456
6.0,2.2597947302002606
2.0,2.286608126531724
4.0,2.523500694817816
3.3,3.1877541743792555
10.0,4.641077672884486
0.0,5.39474064918634
9.0,4.793095679418959
4.6,4.021017760879264
4.0,3.3789591275957895
5.9,3.2054538457498416
10.0,3.505626397696935
0.0,3.5148839019933655
9.0,3.0868775705900493
4.0,3.073047002855941
5.0,3.3002922035252955
6.9,3.1663746100850445
5.3,2.9901801396631686
3.0,2.8454958182493715
16.0,2.8880633543327874
3.0,2.558543897963412
4.0,2.1847834917803177
2.4,2.4649842298985494
0.0,2.567824909008471
0.0,2.4226369291210736
4.2,2.4920023470883543
8.0,2.685551449853615
2.0,3.780959009954965
16.0,5.8890459118262415
2.0,5.905485389940689
11.0,4.748910308282535
0.0,3.805045624147542
0.0,3.528519309740279
4.0,3.556641379985341
11.0,3.6798398658113207
2.0,3.4189428984906587
6.0,3.4153772466538945
0.0,3.6266205421632316
3.0,5.4023578176352824
2.0,4.421304575025182
7.0,5.173930326361288
0.0,4.1493761464215595
15.0,8.707761952352874
7.0,6.719538978674557
8.0,5.430266155215305
4.2,8.76299522039714
19.0,8.256016086862086
5.0,9.315238646502195
8.0,5.933208697524772
4.0,9.731370150813683
6.2,9.714963201202856
4.0,7.456733067911916
15.0,7.101881108931153
9.0,7.442062116309198
9.0,7.307133173640366
15.0,5.899308039247124
3.0,6.9628134839717015
5.8,8.052165662958053
6.0,7.36247602575555
3.0,6.403606866641599
9.0,6.209663556404741
8.9,7.014793883214874
10.8,6.10199154655702
0.0,5.974894275891456
18.0,5.895870030894512
2.0,6.307714037443781
2.0,5.497209415337963
0.0,6.4487958543427455
7.0,6.243234574969189
0.0,5.030000677246849
0.0,5.192066903381425
3.0,5.369581883130912
0.0,5.930871901494884
1.0,5.533939745160154
19.2,5.963381919766406
7.0,7.120884081913424
16.0,7.493993229847902
3.0,7.857452609692082
0.0,7.299107928443566
9.2,7.621114096647316
4.0,6.680573007359488
2.0,6.474409505481189
4.8,5.60567670309264
3.0,5.7705874123641046
3.2,5.645148282621199
0.0,4.496990798845562
2.0,3.9269510981378373
1.0,4.499574504900606
3.0,5.4883879185031015
11.0,5.071518134702219
6.0,5.022692870751518
0.0,4.307396980936013
4.0,5.477841157193572
10.0,4.394224514223119
11.0,4.182654709912119
2.0,3.765983530508647
3.3,4.1632147413913305
1.0,4.404799171096042
8.0,3.6907668601944743
0.0,4.97926650448124
5.0,6.085371667944787
9.0,6.791093634195135
3.0,6.43925975310488
7.0,6.770384730380925
0.0,5.880902378121148
3.0,5.870825231969862
1.0,5.581489922034322
10.0,5.39033969826558
0.0,5.077525070539532
0.0,4.727302846562506
5.0,4.696568126477564
0.0,4.3453502174713226
0.0,4.424658540870507
1.0,4.415773616693487
5.0,3.7997676602709656
0.2,3.4241570380116584
1.0,3.2241968707185795
4.0,3.0676306825966053
15.0,3.3618233914037976
22.0,3.6137602999956613
27.0,2.852264249796826
0.0,3.2135875091863553
11.0,3.8399930734094427
3.0,4.42497582178143
17.0,5.600354049854023
3.7,6.437255236495861
5.0,5.379215794323488
6.0,5.835139205499013
9.0,5.016228979893354
4.0,4.6811818156525735
10.0,5.085305246244205
7.0,5.6341633266240825
4.0,5.26064588834883
6.0,4.152346751189231
5.0,4.088651947811729
3.9,5.444199220103564
1.0,5.260065679648819
0.0,4.895372423685315
0.0,4.608020051750714
4.0,4.065122013811754
0.0,4.053813138650556
2.0,3.3100886083766383
3.5,3.636494396556956
3.0,3.3604499239816583
1.0,3.3658479573500086
4.0,3.057571249320434
5.0,3.4940267467763264
6.3,5.230612417884622
0.0,5.413193736325569
0.0,4.9693499982889575
0.0,4.5635686668931195
3.8,3.953585027669754
5.0,3.8900298271350424
4.0,3.2178913222965186
2.0,3.4382546632711324
4.0,3.6968536074298344
2.0,4.672984125622765
0.0,4.263147645956029
8.0,4.719499281435776
7.0,4.947864191974994
0.0,5.458884611417822
4.0,4.521566462993485
0.0,4.862227429779807
2.0,4.988998284789872
4.5,4.930454213264122
2.0,3.9871590185156096
1.0,3.7091369014976974
3.2,3.617079518280889
0.0,3.287833939893352
5.5,2.9880154057907977
2.8,3.237191254794514
0.0,4.009571883215546
2.0,4.328854481398566
3.0,4.042205777639314
2.2,3.472049566421333
12.0,3.5855066849065884
3.0,3.772277212799557
8.0,3.7407008056457682
5.0,3.567493794788281
2.2,3.340101070025167
5.0,3.284232737252322
2.4,3.077990377996862
2.9,2.9336956269146652
6.0,2.7254762388408325
3.0,2.473205910343777
0.6,2.770404200825617
5.0,2.375510794199025
2.0,2.1734163446643446
3.0,2.344329154908563
0.0,2.337024589706797
4.0,2.225215893684238
3.0,1.8108890491991807
0.0,2.851791925835126
12.0,3.405519786498139
8.2,3.8565505652391536
5.0,4.2004788330691305
2.0,3.898718045019164
5.0,3.5674270616095733
0.0,3.1462558637057167
8.0,2.904606487272427
0.0,2.621986851689552
1.0,3.1827836406992582
2.0,3.2166083530935987
1.0,2.92256829225621
6.0,2.604410647583094
0.0,2.721347573219691
0.0,2.6348839611131014
5.0,2.325630958744398
2.0,2.248883286038641
6.0,2.0450143783602512
1.0,2.632424625775597
0.0,2.6426302070565564
6.0,2.5879089336189254
1.0,2.5191114035700672
1.0,2.9243744705294903
0.0,2.6206946203273764
5.0,3.4116072843305125
2.0,3.511784567204618
0.0,4.157397384199115
5.0,3.868961908211367
0.0,3.8283353723186266
0.0,3.6016150133451768
9.0,3.1828820677219105
8.0,3.1803503380140463
7.0,3.2403961465269013
5.0,2.716882888496689
0.0,2.9940312819936725
1.0,2.969499531568782
3.0,2.960593609290531
0.0,2.7458809652231544
2.0,2.564618026780844
0.0,2.4999565090146256
3.7,2.247806608947519
2.0,2.3349443097740785
5.8,2.569416912765972
5.0,2.613963329135872
1.0,2.180428174879189
3.1,2.3440253184971174
0.0,2.4737751217800605
0.0,3.292603899754567
3.0,4.527036253243053
0.0,4.822691921659053
5.0,4.321456300882214
1.0,3.675273001639845
4.0,3.358106019134438
5.0,3.2217679552200016
9.0,3.4603835200347164
5.0,3.1003822483698458
0.0,3.2564118965568394
3.1,2.8565336737207607
0.0,2.9435724887282952
10.0,3.4591539623799066
6.9,3.391432383979405
4.0,3.5935440997942347
3.0,4.118414986005483
3.0,3.552023398050206
4.0,3.376788035769532
3.0,3.533782239490325
0.0,3.992990168482848
3.0,3.6152483001918725
3.0,3.377233400339411
1.0,3.7778483617111207
2.0,3.613789697002665
11.1,3.79989593701286
0.0,4.378008507240422
8.0,4.337685446654146
1.0,3.8640560959149086
10.0,3.93320314456735
0.0,3.3629665490839034
8.7,3.329665612588198
1.0,3.170741217852549
0.0,3.0381463093332473
8.2,2.777300509323251
0.0,3.019066739958417
6.7,2.6367869688053496
10.0,3.047723925135004
2.0,3.2810117387491213
0.0,3.4065369104861762
4.0,3.1099311197483526
9.0,2.6887408033077644
7.9,2.6247886528168523
1.0,3.0734757552493024
1.0,2.9927212387628406
0.0,3.036937251497811
3.0,2.878430217995352
0.0,2.627128230107785
5.0,3.135285485620911
2.0,4.196465728995689
5.0,4.174546064335149
5.2,4.496240692869602
1.0,4.003290126014107
3.0,3.955428994950573
0.0,3.2364966047916237
6.3,3.225696721034769
3.0,3.1762453905853243
6.0,2.680153072808064
4.0,3.003634695683713
4.1,2.8923396891855964
0.0,3.0451683252196733
3.9,3.3152311013052063
2.0,3.0709783270093527
4.0,2.889973009484881
4.0,2.6935507166773833
3.0,2.560339060492289
2.0,2.5519783344475013
1.5,2.5127201226965146
1.0,2.4640884450381577
3.7,2.209568467446147
0.0,2.4719304776452913
3.9,2.8955022937648316
6.0,3.9693508724314
5.0,4.532226049018621
8.0,4.3587837220025625
3.9,3.9164793902304496
3.4,3.716042829319999
0.0,3.588728715912689
6.0,3.8988682208925813
8.0,3.6713153406441816
3.1,3.2429530358822007
2.0,3.1403363576292396
5.0,3.1102767383810095
3.0,3.366757799222781
4.7,5.538778459365362
1.0,4.364981419847528
4.0,4.290633935483448
3.0,3.6159765191101885
12.0,5.494663070818491
8.0,6.370107529620418
11.0,4.47180190743459
5.0,4.004832688563474
0.0,3.582314442188487
2.0,5.218527081006122
0.0,5.239955892027998
2.0,5.299108614758526
6.0,6.105162231332425
3.5,6.881557130610595
6.0,6.140271211601322
4.2,5.10686715593734
0.0,6.083202129675533
0.0,5.620897900756908
0.0,7.589188232827501
2.9,5.682696055609784
0.0,8.266955730979753
3.0,5.973334401210077
3.0,5.518079396302553
3.6,5.413696662135343
0.0,7.046317889807617
2.0,6.564878752314518
1.0,4.991813208565759
2.0,7.474211218354546
6.1,7.030938048195061
5.0,6.585557975037783
10.0,4.857462641792426
4.0,9.110074786340071
6.0,15.239475722654625
7.0,9.593083986006501
6.0,11.82329932479106
23.0,9.994836827953941
10.0,15.948446004605039
6.0,16.429754146919116
5.0,12.464036505294379
3.1,11.576213995277207
4.0,10.580640476555347
21.0,12.366408510265547
19.0,12.516574260222008
3.1,10.612767898617248
3.0,13.718398169752074
11.0,10.534862763240653
6.7,9.891826527535905
3.0,9.906525455639803
4.0,11.524746030706396
11.0,11.836467265835399
4.5,9.161389503450351
18.0,10.400317741298382
3.5,8.983866333526038
30.0,9.314199390793837
3.0,8.1682757807224
1.0,10.307902382603201
15.0,8.933421638546319
18.0,11.541249908517894
0.0,11.418998698696928
0.0,10.320362308777067
4.2,10.127730130129827
3.6,10.228614498244244
3.2,11.236221008000573
8.0,8.9436622770482
0.0,6.267254214425828
6.0,5.187945728147068
1.0,4.642997567663158
15.0,4.237504925706267
9.0,3.344758935574773
0.0,2.8183948218857986
2.0,2.7236954882217352
2.0,2.9421324554493715
4.0,3.2744944501186444
3.0,3.3210296642172916
4.0,2.891565446601572
0.0,3.058258882261306
8.0,3.199516394579427
3.2,2.8063715386103687
0.0,2.71188831102768
1.0,2.902401454861032
2.0,2.7029507283820204
3.0,3.012006438996849
0.0,3.724217588672593
3.3,4.900270758095391
8.0,4.975063555151584
3.3,4.3303854741649825
3.3,3.79820450734141
3.0,3.6293264441599637
0.0,3.3979853096011956
10.0,3.4925458814315817
3.0,3.310834256269947
3.3,3.214424815393044
5.0,3.0651018800240406
3.7,3.027634459752012
3.3,3.418523224519065
3.3,3.409786206380038
1.0,3.326396364264565
4.0,3.4405162109081857
0.0,3.259052617908745
1.0,3.1640734020292043
4.0,2.9642290906744666
0.0,2.5837153165359283
0.0,2.814648814325983
6.0,2.5766227952374208
2.0,2.2514449433996124
0.0,2.2729297591745676
3.0,3.0879525167538855
6.0,4.557887283571946
7.0,5.303896732618074
8.0,4.476928919661183
12.0,3.8358862855245768
0.5,3.731380974214556
0.0,3.7279333888773056
2.9,3.6598196743434266
5.0,3.2500178786302683
5.0,3.1815576119454745
3.7,2.989868726484662
0.0,2.9990527369141464
6.0,3.41942198798313
0.0,3.442828964011072
0.0,3.4183087667513363
10.0,3.2216487122897957
4.0,3.43549781535717
4.0,3.133744926819017
3.6,3.0962368027917035
3.0,2.7694703535044667
6.0,2.4639863056849585
0.0,2.61866316248078
0.0,2.468911082461694
0.0,2.561444917710753
1.0,3.206680995516248
3.0,4.1544296631481785
9.0,4.943451658413071
20.0,4.677022742903736
2.0,3.9873916525527218
3.0,3.646471254698345
0.0,3.8692517822222863
8.0,3.821155661274246
4.0,3.4037164626857797
5.0,3.5670672303989863
0.0,3.926633238855656
1.0,3.9350396903288853
3.0,3.7268999466647674
0.0,3.869533640020013
7.0,3.7164120937376683
4.0,3.6930499253189404
4.3,3.56816147201721
1.0,3.092696787869796
2.0,2.6743487396069647
1.1,2.652673583965384
1.0,2.74657298884903
2.0,2.7719554233018853
2.0,2.848340928051395
1.0,2.8877384279645177
2.0,3.5399563238707996
9.0,4.088325740878454
0.0,4.818081173048809
0.0,5.020625876564427
5.0,4.859173554349186
1.0,4.673441175133444
1.0,4.2507136857328085
2.0,3.859311631903535
2.0,3.8000747043786163
7.0,4.282920354158803
5.8,3.71841668651453
0.0,3.5132753487666504
5.4,3.893653577605664
7.0,4.077128638656456
3.0,3.8674834439532497
7.0,3.523575178845311
2.0,3.7372683139620815
1.0,4.0240213944342536
2.0,3.6578879364183217
0.0,4.146651609177501
0.0,4.62048248375015
6.0,3.500385635566825
3.0,4.457543587299036
4.5,3.951511919635089
7.0,4.792981951442492
4.1,6.165839675280894
7.0,6.6991516386116565
7.0,6.130484445655288
3.0,5.311405248430877
7.0,6.7877480442850375
4.0,5.882604539060167
8.0,7.226847735102379
3.7,6.214819190548563
0.0,6.520851604985098
0.0,5.223297872355401
0.0,6.915416874944337
7.0,7.012812864643925
0.0,5.6371345292032125
9.0,4.690255799793828
9.0,5.240010469130446
10.0,4.924764202495703
4.0,3.957738883492876
2.0,3.4815811630362745
1.0,2.821977379378606
3.0,3.4747126591434636
1.0,3.1032924668682313
4.0,3.1435304563867064
0.0,3.3084714279808045
2.3,3.8483977836798173
1.0,5.5630804668180875
3.0,5.985115644528902
0.0,5.310531385849291
8.0,4.2167092066067
8.0,3.6791586483769683
1.0,3.247089196945871
3.0,3.17290628546658
0.0,2.7271564859974142
0.0,3.6440904979842044
3.0,3.191352932116339
1.0,2.972763738601829
3.0,3.802242194415909
0.0,4.506205445158053
4.0,4.25775936753082
0.0,3.268885927203153
2.0,3.3137800658737575
1.0,3.0885818862773213
3.0,2.7531743730404123
4.9,2.4434978601202384
3.0,2.0636644272436304
4.0,2.1208472904682267
5.8,2.3478051331089307
6.0,3.006429118484171
2.0,3.877793881607863
0.0,4.089150841286306
1.0,3.589443302513381
8.4,3.2747169929730373
0.0,3.1637857192786276
7.0,3.070982605809182
2.0,3.332829381190787
2.0,2.931495247631946
5.8,3.3246201201121806
0.0,3.3127594776997813
5.0,2.6235917385001435
6.1,2.8622318085342586
0.0,2.9200561704965513
2.0,2.7462204682357374
5.8,2.693333382021798
3.0,2.717954297378975
0.0,2.3090638658302125
3.0,2.175004870543557
8.0,3.022680303644797
2.0,2.880226787514045
3.6,2.735971745438464
0.0,2.520038785809547
4.0,3.0424878520128327
0.5,4.351840938259145
3.0,4.551909216840901
2.8,4.319338238166338
0.0,3.980301381622458
4.0,3.531364473982692
5.0,3.17008219662389
4.0,3.345913470216527
3.0,3.4643891703343437
0.0,3.0172163050326932
2.0,2.9981704825102784
3.0,3.13677916781083
3.0,3.5383313313222287
1.0,3.2102096783014646
0.0,3.159713008860935
4.0,3.0571656380472003
5.0,2.8977983695414626
2.0,2.803714795909229
2.4,2.708884598259754
3.0,2.8519071291591986
5.0,2.5880934574740437
0.0,2.563330359404277
2.0,2.5378110794957256
6.0,3.3169763847745037
3.0,4.195358136373874
1.0,4.460645890921521
0.0,4.13563588239184
2.7,4.114147979413515
0.0,3.8540997970890825
1.0,2.7188854986011015
1.0,2.8794342014075243
0.0,2.738730788360786
8.0,2.5855789588211966
2.9,2.745669029401789
2.7,2.652235635239947
3.0,3.1376568906756512
4.0,2.6576091534525492
0.0,2.6150232230656565
1.5,2.822077530445653
4.0,3.2935063676785044
4.0,2.8822882883804586
4.0,3.4524100154685833
14.0,2.8912049302345144
1.0,3.923744810576052
3.0,4.613687286842462
6.0,4.876202113687287
0.0,5.0709991219159525
3.6,5.1046567619987115
3.0,5.61505484573296
6.0,5.911726562773276
7.0,5.340420520545583
7.0,4.264563359663251
1.0,3.792386489686325
4.0,3.912214954798202
3.0,3.3959971182966595
0.0,3.4071202368426783
0.0,3.2873047216989493
3.0,3.0731335986071207
0.0,3.2686729020658176
3.2,3.407686016576386
4.0,3.3505026016444903
1.0,3.3147188132797356
0.0,3.316661655471308
5.0,3.3719692123995832
3.1,3.194730522864873
3.0,3.6449467777569198
0.0,4.051101390267145
7.0,4.175064311662826
7.0,3.7096509993856603
0.0,3.7375149039167743
3.0,4.816827337041591
0.0,5.630745078595025
11.0,5.785572810398222
1.0,5.439917021897528
7.0,6.151125458521377
5.0,5.888555698935697
2.0,5.419899964430432
3.1,4.669563033534318
5.3,4.418553058906895
5.9,4.198547732395143
3.0,3.959053180651473
0.0,3.376118002608432
0.0,3.7619359180007415
5.3,4.5505123271070635
6.2,4.856572649342324
1.0,4.612307964125411
3.0,2.9982879500081596
7.0,4.538952053536652
5.0,4.466878667591792
0.0,4.682867540007836
2.0,5.6816940748893305
5.9,5.889246573582762
8.0,6.307673220380235
10.0,6.509407799276579
0.0,7.198567256429282
15.0,6.802244848004974
3.0,6.050057051294012
8.6,5.241744213980305
2.8,4.670127953787655
2.0,4.31633134766083
3.0,3.5340458155465555
2.0,3.638156872224796
2.0,4.29161222338273
9.3,4.281503314304054
2.0,4.692209716897101
4.0,5.355797552423949
5.0,4.873393853771296
1.0,4.5111165746916795
2.0,5.5258663178511656
7.0,4.990720130588728
5.0,4.322553160464212
4.9,3.507646163406595
6.0,4.9501020378923295
7.5,4.857661332973317
0.0,5.765369846412996
0.0,6.353254920855436
4.0,5.673509708417556
0.0,5.128777495650108
1.0,5.292176360774124
0.0,5.8615055600376635
5.1,5.442059586638915
0.0,5.061473827003931
8.0,4.876817430501166
2.0,5.0997829196611715
2.0,4.650890790479224
2.0,4.695656222745521
2.1,4.3084115325872006
6.4,3.8929124746209256
4.0,3.810419994247811
0.0,3.8847959571246617
5.0,3.4552162839367777
8.0,3.0813390479250304
5.4,3.1390966110257947
2.0,3.318118984856705
6.0,3.1715474450657406
0.0,3.392241066775693
1.0,3.683950281575094
5.0,4.064862997370188
10.0,4.422852707905271
6.0,4.919278369115805
4.6,4.610061405098619
0.0,4.37797565333793
5.0,3.622615683822681
1.0,3.781381553519564
6.0,5.4442853185300715
5.0,5.584615621593783
2.0,4.899484577293817
3.3,4.423416447682693
0.0,4.927086994234692
3.7,5.73117718660832
3.0,4.562188535322668
2.0,4.010151293778145
4.0,3.148724319083241
2.0,2.97485454789337
4.0,2.614101854686439
2.0,2.576025497496363
3.0,2.6885241777746045
1.0,2.517114838902286
1.0,2.8510474019701793
0.0,2.9860314133134427
0.0,3.1045807604796356
2.0,3.2709477086309593
0.0,3.5620072551817614
4.0,4.240672189433707
7.0,4.430124424984278
0.0,4.375880099216973
3.0,4.173278496692303
0.0,4.3007420191369565
5.0,4.17115987549635
4.5,3.8834678649397265
3.0,3.5086845015091246
4.3,3.6426543416181723
0.0,3.595922800661296
1.0,3.388202483117324
3.3,3.252080168028502
6.0,3.2729981375224924
3.0,2.913740059520175
4.0,2.733095416556856
7.0,2.7418489534054578
2.0,2.8139392289277936
4.0,2.6392965575821026
3.0,2.1582678263873127
0.0,2.3497182122478533
5.0,3.195688937819346
0.0,4.661688826801909
5.0,5.158262413671496
3.0,4.628731338046763
3.8,3.7032644172992857
2.0,3.4014342015494843
4.0,3.318215893890075
5.0,3.3636987995122247
2.0,3.224952883931246
2.0,2.826024636385981
2.0,2.73574870798748
6.0,2.6809947751891827
11.0,3.1135494420708314
0.0,3.166847482987213
11.0,2.8978030480151635
7.0,2.792854809950595
3.0,2.714340500264948
0.0,2.5163626221833213
0.0,2.3993032304991235
2.0,2.732351457664125
0.0,2.8852293200661934
0.0,2.999431702495356
2.0,3.0732960403294762
0.0,3.2309141115012356
11.0,3.8771159748808235
7.0,4.525056187582547
11.0,4.929324239441902
10.0,4.499365468854538
7.0,3.648834072808243
2.0,3.4003682429359676
3.4,3.2452438949904288
2.0,3.3302045650574734
3.4,3.3912458784169064
2.6,3.4573017373176502
0.0,3.181537387776642
4.0,2.972687414423389
2.3,3.1887785804487483
2.0,3.2334552592043964
1.0,3.077940204626896
3.0,2.832036483458675
11.0,3.233188646595476
0.0,3.383543318984522
0.0,3.972695573187263
1.3,3.410697220014955
14.0,4.167380644803229
6.0,4.710719298305049
0.0,4.30060890212452
1.8,5.32611734865945
12.0,5.7467799974532365
2.9,8.308920672592967
1.7,7.110870299867628
0.0,6.717362431385515
1.0,7.275793131200883
2.0,6.858338223169297
19.0,7.210215628043954
18.0,7.158694929000243
2.0,6.924735747192091
2.0,5.950710807674366
2.1,6.383562980844023
26.0,6.846107858949898
14.0,6.006893357160345
18.0,4.6369429869558045
3.0,5.311952268041627
4.0,5.2966522944842405
17.0,4.361346381321896
3.0,3.9281388580931496
7.0,3.9755669322799214
7.0,4.151121370278222
13.0,4.576104885137751
5.0,4.454744973498091
15.0,4.835342642375796
2.0,5.17264748106867
8.0,5.512803601022704
7.0,5.312244473031188
4.0,5.55966834366871
17.0,7.414646708618827
18.0,6.783934556183218
5.0,7.068699323864627
10.0,6.3070682546262695
17.0,8.204658990103514
4.0,7.3708717421832946
5.8,5.728631533559051
16.0,5.087849913931039
9.4,4.570972751331902
19.0,4.036301971278854
9.0,3.5777101198858405
1.0,3.733082384636406
7.0,3.7688456578801333
2.0,4.2066695236383165
9.0,4.1687100625235
6.8,4.002670334518268
7.4,3.7273374207480336
3.0,3.5381306596473605
7.0,3.550211499819552
6.0,3.491789591206781
8.5,3.7414557839431497
8.4,4.048519879628447
5.0,3.9977640753207844
5.0,4.1463768862103745
4.0,4.509794265107624
5.0,4.68497350954299
6.3,4.4999733154029125
8.0,4.310054379950435
8.0,4.14719699802394
4.0,3.822434279657081
3.0,4.018403913671559
4.5,3.796587721774809
4.0,3.597756638588182
4.3,3.803916593893188
5.0,3.688343468570239
2.0,3.5648271979819706
0.0,3.265458722620953
3.0,2.894043922268389
3.4,2.83269090578628
0.0,2.687552117450618
6.0,2.6474794141076012
4.0,2.2967924388767997
2.0,2.3547431076215766
0.0,2.7566047864087473
0.0,2.6130987064203426
5.6,3.530750825802983
8.0,5.565581121432453
2.0,5.781191232043696
6.0,5.189997888717269
6.4,4.216706203541589
1.0,3.6120973141714776
0.0,3.469310568388017
1.0,3.540819550347683
0.0,3.4979133713953856
6.1,3.3103856408974885
3.0,3.0769364960356547
3.9,3.2285419905350943
2.0,3.6918263400344538
3.0,3.622600745211973
1.0,3.6077890718523244
4.0,3.5532173715888886
1.0,3.4595892677639717
1.6,3.2879169837322424
0.0,3.1681991537001704
0.0,2.7451527850719666
0.0,2.7678825806557192
0.0,2.549499566368973
3.5,2.765769040799978
0.0,3.181364397398564
2.0,3.7894842956264503
0.0,4.600708099958183
3.3,5.008078527902136
9.0,5.154789925368786
3.0,5.031370911979111
3.0,4.870028186068035
0.0,4.325000548155317
3.0,4.137636943351209
4.0,3.9527363225138785
3.6,3.7251425767173534
0.0,3.797935706984287
0.0,3.920529544212825
4.0,3.7598642714602484
2.0,3.606464447762125
3.0,3.4093529125116935
4.0,3.566987285120142
3.5,3.5148836599095157
2.0,3.406784726519547
6.0,3.196338650325227
7.1,3.204053294681695
1.0,2.7398284236300685
3.0,2.8986268350823248
7.0,3.088643251772695
0.0,3.256208371933327
3.8,4.065286817093812
1.0,5.2852600469101425
10.0,5.54630546815763
3.5,4.991326461083074
4.0,4.382582489278567
11.0,4.485422068547362
1.0,4.194312068106982
3.0,4.160807340655225
2.0,4.0786061981622055
0.0,3.809309042614853
3.0,3.9256529260661654
0.0,4.177114002585274
3.0,4.05142252817514
5.0,4.077491837692959
2.0,3.9812283807472317
2.0,4.12307486494593
2.0,3.8410651969998155
3.8,3.4810009279184304
4.0,3.6389592174054046
4.0,3.0078753609672875
4.0,3.225459315747127
3.3,3.7815781547720513
4.9,3.5896599842585717
1.0,3.72697798693697
2.0,4.2477363353853
6.0,5.812724300550709
7.0,5.630051601661742
7.7,5.237319632390075
4.7,4.5233870753314385
8.0,4.923587363213167
4.0,4.9176700714452135
1.0,4.458596258397798
5.0,3.9682102429512858
7.9,3.81088346315317
9.0,3.6899715803607327
6.0,3.3008338533026027
5.0,3.5778529532995647
6.0,3.592837564751922
3.0,3.552692354798677
5.0,3.218363058591756
5.0,3.1343103646892705
5.8,2.970755655367654
6.2,2.5836724830280544
2.0,2.292470537789562
8.8,2.169474297341436
5.1,2.149246523270571
4.0,2.423241931360242
0.0,2.638340587510335
0.0,3.546092250247627
6.5,4.8027822713565
5.0,5.083135277585895
5.0,4.589773066321763
4.0,4.177228789553147
6.1,4.048725258979693
0.0,3.6971898187911667
7.0,4.018307348614585
6.0,3.7887850070590106
5.3,3.4730029608758
5.0,3.476325398156534
7.0,3.634188704697575
4.0,3.81566928728273
2.0,3.6812085543257322
5.0,4.071902380674059
6.9,3.9507128848196356
0.0,4.148122977971956
13.5,3.5774414723442414
7.0,3.3842386424157813
2.0,3.446280668534686
8.6,3.4239965020787717
2.0,3.335070323787988
7.0,3.0515878729546646
0.0,3.0322565048171763
6.4,4.086317834315868
0.0,5.478400733209601
9.0,6.107345931299422
9.6,4.9724792584177955
0.0,4.99753772547357
3.0,4.591957481749251
4.0,4.832203670408567
3.0,4.963522267492585
3.0,4.706657334645182
0.0,4.130888354902376
0.0,4.296093502524926
8.0,4.082243939038363
1.0,4.1969195255528735
1.0,3.984278622664508
10.1,3.5648314258372573
12.0,3.468706696451664
10.0,4.152564640838907
9.0,4.87409402190657
8.0,4.742562761022839
2.0,4.264712725623392
6.0,4.692431738625358
1.0,5.9502838060134415
6.0,5.07775946541021
0.0,4.88027047491838
3.3,5.951815014367509
3.3,8.593328281381606
2.1,8.887610581744466
6.0,8.866374794100066
2.1,8.1356349916988
14.0,7.883117500118592
7.0,6.868048565663675
2.0,6.354989157996342
0.0,6.008184980812991
3.0,5.356039803724155
3.0,4.673193103422687
5.0,4.023216733103904
1.0,4.014315972705488
5.0,3.8209863697001403
9.0,3.798666947857731
1.0,3.69665228929488
4.0,3.4507399733282673
1.0,3.093722431068584
11.0,2.738023069351612
4.7,3.4798049628388266
6.5,3.655322455722618
5.7,2.765576676263334
8.4,2.6699795925035823
3.6,3.3088202110162683
5.0,3.931215078391891
13.0,4.639957117710104
3.0,4.64474714157215
3.5,4.901621508400168
0.0,4.6575178860668105
3.6,4.147721760406492
11.0,3.9027888516370286
0.0,2.8806737978193575
0.0,3.343075321721742
9.0,3.4783937048745748
3.0,3.137951841937586
0.0,3.4191465157872862
10.2,3.591913668797452
1.0,3.548343460757255
5.2,3.4831148198957145
5.0,3.4979556035903516
1.0,3.2929921131990465
5.0,3.6413490788987746
9.0,3.4923149377039713
0.0,3.333250448572308
6.1,3.145296361377693
4.5,3.508245747812983
0.0,3.304550573054538
0.0,3.120039331701067
0.0,3.356912917910618
3.0,4.0514588138377645
2.0,4.651186196045807
6.0,5.308974498195155
5.0,4.980943052195782
4.0,4.149887677635632
3.9,4.089778651236413
2.0,4.244847694573792
0.0,4.017035405100305
6.0,4.2561338001544895
2.0,4.055203564829625
7.0,4.085739981374442
5.2,4.179990357754345
3.0,4.010192032295423
2.0,3.848263523561311
5.5,4.101075711976105
3.0,3.878129735378403
4.3,3.7493873274653184
1.0,3.5799587850808625
3.7,3.430150224977628
3.6,3.473175939439695
4.0,3.1409021993542927
4.3,2.9902931330360496
4.9,3.011874548692913
1.0,3.64384002567032
12.0,4.542940406517112
6.0,5.089979886197935
0.0,5.132158315086027
2.0,5.03338460561824
7.0,4.704213831030264
3.0,4.298570342000185
9.0,3.996767559542403
2.7,3.9079386891481978
3.0,4.017791272541393
1.0,3.8650162356180116
8.0,3.6297343618370554
5.0,3.317564098831767
2.7,3.39701689965681
2.7,3.2807014823062426
3.0,2.9639491185032694
1.0,2.59056667672659
9.0,2.2706559019271397
0.0,2.235284424391054
1.3,2.28691320994667
3.0,2.3084860481524823
0.0,2.067384584315114
0.0,2.5325111134765748
0.0,2.978942435947285
11.0,3.8830091973204883
5.0,5.0562958161807
4.0,5.487947933129791
12.0,4.662150579594315
2.0,3.6045078385423333
2.0,2.8968239684046466
3.5,3.0913343609807336
0.0,3.2557130707059523
4.0,3.409403100997846
13.0,3.629973666153999
4.0,3.507766168485396
2.0,3.3681693844769103
0.0,3.5571432659120816
2.0,3.9083287089524337
4.3,3.6281783395680938
9.0,3.5706267379240275
0.0,3.3096966394183096
4.0,3.0946440056732243
1.0,2.9251534005636874
7.0,2.902260667180163
7.0,2.5294850893025767
4.2,2.44537891720588
2.1,2.6558301801235524
0.0,2.8208602483477345
7.0,3.196406387251818
2.0,4.138129771269393
7.0,4.309186645904614
4.0,4.076287725057925
3.0,3.6841458441450903
5.0,3.8610122516610303
3.8,4.210418665297039
0.0,4.373458658179535
5.0,4.0762364780015385
10.0,3.9705078016942297
4.2,3.8888234451090553
2.0,3.471370525084858
6.0,3.5599134685919633
6.6,3.7320514991428038
0.0,3.6554090323138553
3.0,3.4510501777957674
7.0,3.240459155020912
3.0,3.240610685438207
1.0,2.984520800636344
5.5,2.4632368798793944
2.8,2.546590467148632
5.0,2.6604648917317966
0.0,2.4105240887925534
1.0,2.6585887436399114
1.0,3.7049589519496426
8.0,5.344026051010483
9.0,5.12020896275652
5.0,4.329154616518892
5.0,3.648349832516499
0.0,3.8803439038746586
12.0,3.786881859068212
3.0,3.969501759608334
1.8,3.9108435833366553
6.1,3.704390735863878
0.0,3.5082899243676287
7.0,3.2640180646816233
5.0,3.399981865920322
1.0,3.575871740028065
0.0,3.5001621262443288
0.0,3.488332363935145
4.3,3.2392763379766185
0.0,2.8245492857305314
0.0,2.57990724057874
9.0,2.787341954499589
0.0,2.4695606350566632
0.0,2.1478211925258357
1.0,2.2753602370842114
0.9,2.2104721928440636
5.0,3.2390928517409843
7.0,5.312627117180888
6.0,5.575271522486537
6.0,4.659269940108454
3.0,4.073682345441856
6.0,3.307569912450292
7.0,3.30409039549862
7.0,3.4961707002648095
0.0,3.321260211945161
7.0,3.2163400332627163
3.0,3.2097168065193005
7.0,3.2367738617608435
2.0,3.492587699239502
3.0,3.5973727284829273
3.0,3.6348467442265813
6.1,3.5746261751734716
1.0,3.419878203577756
0.0,3.1636338988396866
0.0,2.8838159685815983
0.0,2.61130225351965
3.6,2.9609612317310496
0.0,3.120170160097465
10.0,3.8324485781308173
5.0,5.86267247744602
1.0,6.0797064520981685
4.0,5.170266980958559
4.0,4.184606965964459
7.0,4.015199258486658
6.0,3.11300223094555
4.2,3.1793806335613723
6.0,3.141344611101752
6.0,3.098887770025428
9.0,3.183951592358222
3.0,3.465195482790009
2.0,3.055754696298089
4.4,2.960819879858822
2.0,3.012116898163853
0.0,2.6912016872523323
10.5,2.674187851739173
2.0,2.9231794278090937
5.0,2.865881116148908
0.0,3.2354279532026533
6.0,4.490659771758798
3.0,5.548520738373193
4.0,4.955459309379758
7.0,4.087213986614223
12.0,3.7961813178534642
3.0,3.8748601204558533
9.0,3.780380663209218
7.0,4.051608237682122
1.0,3.720143426728921
4.0,3.403228406775096
1.0,3.09681838089416
4.2,3.349669688715493
4.1,3.814390289096365
0.0,3.640190375988446
11.0,3.3197887509006483
8.0,3.2429192275085263
7.0,3.1015135355618026
4.1,3.001180021410545
0.0,2.8820505211059855
8.0,2.616110012693424
4.0,2.4868864584290886
0.0,2.6944484624779537
0.0,3.6163726559805403
5.0,4.768950226103108
5.1,4.923390873416036
0.0,4.9184978811275695
0.0,4.415549108952906
1.0,4.029152133279799
2.0,3.807205301130296
0.0,3.5708236304526957
10.0,3.706603015811067
5.0,3.6271588254358798
4.2,3.666119143534779
4.0,3.525879177697818
8.0,4.274333747096712
10.4,3.4535618602783456
5.6,3.5097172034702004
10.0,3.5180767366434766
5.0,3.929886950919279
5.0,3.800722687296858
4.0,3.4143572886732914
6.7,3.602451799852351
6.0,3.639615957756936
1.0,3.424639729847657
10.0,4.497055918201004
5.0,5.7964677321831175
7.0,5.8122688396683735
3.7,5.5797893563367165
3.7,5.387226716332604
13.0,5.27857239309716
8.0,4.55895377088941
3.1,4.519060201354713
10.0,4.480006526959211
2.0,4.1698583082600384
1.0,3.925528052220409
0.0,3.7026088306967484
1.0,3.8954708450308315
11.0,3.6726792521247438
3.0,3.711133941517425
3.1,3.560980842038165
2.0,3.3217050070765572
9.0,3.0670755955208513
0.0,2.7653221434742448
0.0,2.945426804947913
3.0,2.9920292296358144
26.0,2.521635227478197
9.0,2.8988740879324264
3.1,3.3890582925592088
8.0,4.491359954231609
13.0,6.179375872923329
15.0,5.844395862677227
2.0,5.074548460558274
5.0,4.859641001693383
0.0,4.6629130673063175
12.0,4.445899565544562
6.7,4.398090244959583
0.0,4.189796417122373
1.0,3.809402793131934
7.0,3.6462829879128313
19.0,3.5741432945664693
5.0,4.038698227049735
6.5,4.1120568307325325
5.0,3.8610208787977722
15.0,3.2561047883730154
5.0,4.4173700114949215
23.0,3.794215263411316
11.0,4.823396726743982
8.0,4.777603823466829
23.0,5.146994602003746
2.0,5.726340931040383
0.0,4.956366223181626
0.0,6.1395025267163525
11.0,6.131657440038315
6.5,7.067573065055116
5.0,6.841784501788284
18.1,5.922858277700129
1.0,5.194064343747369
2.0,4.114400744553764
12.4,4.340796971346677
1.0,4.073916867654635
1.0,4.047238099922927
5.0,3.65587444501298
17.0,3.923932507024401
2.0,3.921116588153157
5.0,3.725815474785257
22.0,3.8412324539460365
0.0,3.749709529140011
17.0,4.274189628458338
12.0,4.211698768768297
11.0,4.806643144543361
2.7,4.100157797318465
2.0,4.032324565591715
9.0,4.46592155342021
9.0,4.88733484413301
2.0,4.904215224409276
22.0,5.3610110092224
5.8,7.782478362388882
5.2,8.782576774636041
7.7,9.095923775395644
23.0,7.482876022593585
6.1,7.5829375010970415
27.0,6.6460914611677975
26.0,6.556403073350977
0.0,6.291656782373809
4.6,5.553165698160583
1.0,4.74061659931262
5.0,4.406426139559766
26.0,3.950729800332889
6.6,3.9546958875205185
16.0,3.8642442294917982
6.2,3.546103931996976
27.0,3.6957108298222496
27.0,3.9537436033455235
5.0,4.102701891663582
3.0,4.618968333980922
3.0,3.9165982155493104
12.0,3.508972262203295
10.0,3.1995421703907216
5.3,4.685750445887754
10.0,5.925407751798261
8.0,7.54383202194707
5.0,6.334951496937105
5.4,5.1592836699124565
4.3,4.656457795688577
6.0,4.16092706294107
14.0,3.8647747441437215
4.0,3.5812868231849015
12.0,3.505806565320357
16.0,3.649797199039203
3.0,3.277717027160957
4.0,3.1819863622058873
5.0,3.562174591583013
4.0,3.2763862868685907
7.4,3.0209973310004576
6.7,2.9152233693618497
3.0,3.01017697153954
34.4,2.7561498487428477
3.0,2.2013693840980446
8.0,2.191721599925839
4.0,2.455015107297431
7.0,2.5549043333729036
0.0,2.6792376062533365
1.0,2.7422521774820474
2.0,4.595575376984275
10.0,6.6845418201072375
10.0,6.350373225020567
8.0,4.7595706046980535
0.0,3.9133456780243434
5.4,3.4870062903928267
2.0,3.251315103061796
3.0,3.3615813619456265
1.0,3.329764569808227
3.0,3.3798564163791833
4.9,3.0831494538757647
10.0,3.34514919074493
3.0,3.642872050695224
5.4,3.80285427145309
5.4,3.624879894489996
3.0,3.392241341874574
5.4,3.3470120330996753
0.0,3.185791031120858
2.0,3.0322336526032228
1.0,3.140126237073771
4.6,2.9009491867438233
3.0,2.4924847513020674
3.0,2.401880019821381
0.0,2.584541526168973
5.0,3.4565687403395366
3.7,4.791050181156094
7.0,4.731201855777455
4.2,4.4514168647168235
4.3,4.2381794247119
0.0,3.9614619300973164
8.5,3.7751587499046826
0.0,3.5529156309305967
4.0,3.5623349040911396
5.0,3.395997362538741
0.0,3.346834777759457
5.0,3.484951319801868
3.0,3.8316358733772296
8.0,3.569939282961002
4.4,3.3617799795078467
6.0,3.259990232633938
4.0,3.2449951304374376
5.2,3.1338428240405447
0.0,2.919506937143359
2.0,2.986684160165649
4.0,3.142109713743807
0.0,3.1984939924066706
0.0,3.03011776225192
6.0,3.6660700797958707
2.0,4.594704152285929
8.0,4.775323125647859
0.0,4.887149473051925
7.0,4.710873456161759
5.2,4.330088363248255
5.1,3.3202336062530824
1.0,3.423917954367724
4.0,3.930418610655056
1.3,3.5509613056547504
7.0,3.216494354408981
0.0,3.2732524831976013
6.0,3.0752212089613455
3.0,2.8710574507895634
13.0,2.7062341426105747
7.0,2.389236023142567
7.0,2.509668628165887
4.0,2.458728390204724
3.0,2.300999369871686
7.0,2.3897362106051228
6.0,2.7150984626079984
6.3,2.956133848351743
1.0,2.9617304266331503
7.0,3.5619189020088973
5.0,4.727329769521306
14.0,4.869048046503506
8.0,4.678275389646284
2.0,4.740372525888576
11.0,4.016487262096943
1.0,3.536290616014841
4.0,3.274511156713292
4.0,2.8902652184646493
0.0,2.967184988774143
4.0,3.01879237288767
20.0,3.206691562593024
6.0,3.406031489065919
6.7,2.5359791633510023
8.0,2.501887210497412
2.0,2.4048378635023804
6.0,2.4343336109430815
4.3,2.3952659309176068
0.0,2.6139009618370914
0.0,3.3125743099998752
14.0,4.6305316290764456
1.0,5.514945520515248
12.0,5.561387468820111
3.0,4.8693869789398505
11.0,3.993249022541309
0.0,4.0003572355081936
5.0,3.9919911848556966
6.0,4.348869831416049
3.5,4.098505382095437
4.0,3.834142740501047
4.4,3.2085356340308575
3.0,3.277952157900373
6.0,3.3739801907949976
6.5,3.183100758545117
4.0,2.995985866026642
0.0,2.661679401737362
5.8,2.5884107662556035
0.0,2.3678102819051747
13.0,2.2167207483645806
3.5,2.765525731721314
0.0,2.9369260435574107
3.3,2.847396246981327
1.0,2.815041314877446
0.0,2.943378945161956
1.0,3.37479572022158
12.0,4.377223015029346
2.0,4.54512392641595
7.0,4.72945137355838
6.1,4.010368410473277
9.0,3.7124496324240814
5.0,3.3870528785361467
3.0,3.2257010564513586
3.0,3.6059909715800686
6.3,3.6108478223417393
3.0,3.404767637226259
6.0,3.2244543977835134
1.0,3.465638826219566
7.0,3.7266406330461024
1.0,3.2826918292298655
5.3,3.0866393839224253
6.0,2.8816221125861206
2.0,2.7427241805124987
4.9,2.502819425166783
5.5,2.887990956289242
1.0,2.952033688347616
1.0,2.7985230358361535
1.0,2.9686148137749613
1.0,3.3314034909725856
0.0,4.2167715170104065
5.0,4.683138396346823
5.0,5.061842713100644
5.2,4.808874068149885
7.0,4.355992932504677
1.0,4.105359408822061
2.0,3.6423132569181833
6.6,3.38875594429906
4.0,3.652194164141269
6.2,3.526869941596864
5.0,3.1507672790913905
1.0,3.248462950796543
6.0,3.2923584655442726
1.0,2.93441248766953
5.0,2.9005125209228417
0.0,2.799395916086028
0.0,2.6864815092605894
4.1,2.5582184431942916
2.5,2.739394586551511
3.3,2.580543176021641
0.0,2.5185815369898683
0.6,2.690532336468052
0.0,2.6905561603249004
0.0,3.5174638252126083
3.0,4.242410716812383
7.0,4.2587711986003605
3.2,4.045548962260052
3.0,3.9900275479965197
1.0,3.888586397630245
2.0,3.7221720345047045
3.2,3.4731603623800704
11.0,3.5164876085784678
8.0,3.3863864387171914
3.0,3.2275090366801327
4.0,3.1956300087468823
2.5,3.259430422409225
7.0,3.146136011959664
8.0,3.1454377420318225
4.0,3.138125372952607
1.0,2.622398345856924
4.9,2.760512989309383
0.0,2.8264858613459163
4.0,2.4169360818578896
0.0,2.3345391171736507
10.0,2.7159822085601646
0.0,3.210132537434825
5.9,3.8450204045768075
6.1,3.772285109483982
0.0,3.7151667263360446
5.4,4.105778686023486
4.0,3.6905919093425226
5.4,3.719701385884696
2.0,3.6269879912860814
0.0,3.3956397495900106
5.5,3.3615184101475752
2.0,3.4742526064126857
4.0,3.592475951657467
0.0,3.664716292037149
2.0,3.4642610165517578
5.0,3.5823327736077997
0.0,3.041312100809708
2.7,3.0988089582076235
3.1,3.2440549499316287
3.0,3.1371384794453925
1.0,3.139321866795137
1.2,3.1090538017812563
0.0,3.3071688563797377
4.0,3.7248729862332555
3.2,3.83851104032558
10.0,4.3114733246098
1.0,4.365791171816227
6.0,4.147870257942903
2.0,3.853113987555693
0.0,3.9289816490983434
6.0,4.073876310871732
13.0,3.7332813505622795
3.0,3.337765676298666
4.1,3.390763918439759
1.0,3.2436474885491897
0.0,3.2444723695071973
3.9,2.8419986166364932
3.7,2.9272207383456856
0.0,3.040716027980243
3.0,2.865721537304757
4.0,3.0421663231195053
2.0,3.4903510020663817
4.9,3.132765969546283
0.0,2.5166009666226192
4.0,2.6590266536994194
4.0,3.5308136055137465
3.0,4.149174392052361
0.8,4.348782571018148
2.0,4.305129579563267
6.0,4.004526123263783
12.0,3.7863759662807617
5.0,4.0030491851688375
5.0,4.048386319483935
6.0,3.6951681635689635
3.0,3.462240851145292
5.0,2.5706119180050853
0.0,3.517801946007246
3.7,3.907490048838193
4.0,3.001177246170332
0.0,2.8447263957919255
0.0,3.0732067698989405
7.0,3.0772682465410686
3.0,2.8017530207674626
0.0,3.16347628533028
0.0,3.2274575407223676
0.0,3.1700866302527544
11.0,2.787956485340829
0.0,3.147974099385711
12.0,3.5699121285909317
5.9,4.356792507653508
12.0,4.3129350839679415
4.0,4.1123481612463735
7.0,4.046892349445965
5.0,4.0474755263146545
12.0,4.22545476721572
7.4,3.9413398113091533
1.0,3.3462530602779403
4.9,3.330754352998023
0.0,3.3023354031162206
8.0,3.2127619281093263
1.0,3.541640998588626
5.0,3.42146007097985
7.0,3.680212917335677
7.4,3.6802639597824376
2.0,3.5716949101152897
5.0,3.4628209267219505
8.1,3.449159526168377
3.0,3.163697151867168
0.0,3.283759317625878
6.0,3.328341593151827
7.0,4.242254070944728
12.0,5.6004973678892735
6.0,5.468735925054075
8.6,4.969557872596983
7.0,4.544000079637567
7.0,4.514243687559628
7.2,4.138819009884602
9.0,4.6160415137146815
4.0,4.43801845170965
7.0,4.245813321378827
4.0,3.6324618667544013
4.0,3.3124716683608226
2.0,3.5021622338823257
10.0,3.4443605769530827
2.0,3.423613790005585
7.0,3.3201486209285136
8.0,3.0789352343438057
1.0,2.8708111974111454
2.0,2.7184517364913363
1.0,2.3893727406785934
0.0,2.7730368160155616
2.0,2.9548684248973562
2.0,2.541790433984122
0.0,2.9845958439127496
4.0,4.418519255886711
1.0,5.585321457467907
1.9,4.815689194961731
11.0,3.724247985189585
6.0,3.292497970628763
12.0,3.2205057958744656
3.0,3.320730008109767
6.0,3.344985562697576
0.0,3.1812040255093805
8.0,3.112680963728248
0.0,2.935833951728394
0.0,2.9145225250410447
4.0,3.5555209770645613
13.0,3.432402836664359
0.0,3.271462931088924
2.4,3.2171202544257254
0.0,3.2024628314842047
0.0,3.396529603670334
0.0,2.985071862425451
1.2,2.963273065870471
1.0,2.9102465672656734
2.0,2.9088576367522645
6.0,2.715139915225708
7.0,3.03316329186261
2.9,3.407268930809064
5.0,4.04218230061346
7.0,4.290812922720455
7.0,4.064261492176147
4.5,4.026365840410712
1.0,3.8018469298345843
12.0,3.5172629463629654
2.8,3.0167257093280693
3.0,3.588546704690943
0.0,3.3861062927619665
0.0,3.1569871756288563
9.0,3.120901725916958
7.0,3.301041455592337
4.0,3.4367220849473403
2.0,3.3698288689708944
0.0,3.3344944028697143
0.0,2.8845971745585643
11.0,2.7690756566435675
13.0,2.7981981520355212
0.0,3.0747899698550594
1.0,2.845604478017313
6.0,2.7522267002955867
0.0,2.9381593324224426
0.0,3.1235720019320894
4.0,3.4748097958099744
4.9,4.00293548324885
4.0,4.743445632280777
6.0,4.9682253652987765
2.0,4.787226929025545
8.0,4.533693628089343
7.0,4.334237190890121
3.0,4.165929389966787
3.8,4.063184378456736
5.0,4.182484116420284
5.0,4.044991763689812
4.4,3.961959678921528
6.2,3.8651357263184805
2.0,3.6090993615451863
2.0,3.694396034882976
4.1,3.7740861890339605
2.0,3.4836627257810258
7.0,3.4215122883353724
5.4,3.2661605193925816
3.0,3.196074084345441
6.0,3.1773228810935694
6.0,2.959825815521388
0.0,2.9358747869055764
5.0,3.162323221935792
5.5,3.915399687063924
7.5,4.670154049301232
9.0,5.012100254692352
5.0,5.009356990529
3.0,4.906205061766646
6.0,4.364840368690561
16.0,4.053983471417883
1.0,4.044663938484644
3.0,3.8267685657445494
1.0,3.8024188604197224
4.0,3.7772722803362084
1.0,3.363401979182701
2.0,3.135441635241617
3.0,3.028807669860382
5.0,2.4880350986118955
4.0,2.7651615913656356
5.0,2.908234674503478
0.0,2.2954062792578362
2.0,2.1617623182615207
5.0,2.610560986987365
0.0,2.4866996654998093
6.0,2.771524123943513
3.4,3.0773744133268126
0.0,3.3537497097220794
0.0,3.6643170422217763
2.0,4.187983151058554
6.0,4.522740046811144
3.5,5.190725551449619
0.0,4.661704344796401
8.5,4.144250212063992
4.0,3.234914078633216
2.0,3.5128529626316682
8.0,3.2380858398805983
6.0,3.128178049667784
0.0,2.9940044580016316
5.0,3.036797380625413
6.0,3.348079938564868
1.0,3.259461814834599
3.0,3.0767116793701246
3.0,3.1399067511518792
6.0,3.0077057113750305
5.7,2.884667245228984
5.8,3.0003599603587308
5.5,3.0417125182436178
1.0,3.018847245868947
0.0,3.1961723711709933
0.0,3.2251396986129657
0.0,3.553106264658499
7.0,3.79474840941778
11.0,4.1374778999685935
6.0,4.33826740510365
7.0,4.472271113993452
3.8,4.603552911757422
3.0,4.752980479600283
2.0,3.982296518343344
6.0,3.896859939555695
5.0,3.6033598771986672
0.0,3.294711396231621
4.0,3.2256187925407236
2.0,3.3302814091445896
4.0,3.2017199866635653
0.0,3.1026650462268535
8.0,2.788745609164788
1.0,2.6376848521854117
4.0,2.4913058849799734
5.0,2.297605494621709
5.0,2.6985462687905604
6.0,2.6696850481854524
2.0,2.7777637815944876
3.0,3.43829698992448
0.0,4.053097404801251
8.0,4.875260244548302
4.0,5.42095971765782
7.0,4.858596520126797
7.0,4.355061824218065
4.0,4.129180261388098
7.0,4.070474382013163
2.0,3.8649289529006916
9.0,3.500950748217451
6.0,3.5583356028152804
7.0,3.691894316856034
4.0,3.5521907002593966
1.0,3.3823612907864122
4.0,3.502800291660157
5.0,3.6305016452588847
3.0,3.63222515508489
5.0,3.379954581453247
1.0,3.058815751456637
2.0,2.8002793623738556
3.0,2.5331988076631387
3.0,2.498888179023544
1.0,2.498719471961648
4.0,2.5301561330557805
2.0,2.5378839573411867
4.0,3.503825464024575
10.0,4.661549769753948
8.0,5.1193323024275506
5.2,4.456016228912128
9.0,4.142567259324333
2.0,3.9101313105242634
2.0,3.789939282567617
4.7,3.4271158384784437
5.8,3.563642756708844
15.0,3.5314996300563184
4.0,3.3500735222247378
3.0,3.2245570646039488
3.0,3.6438975988970324
1.8,3.6213000215648545
0.0,3.4623297547238128
1.0,3.3600146581604906
4.9,3.200071523465938
0.0,2.85130880655861
3.6,2.9442304604833005
7.0,2.9102853599724674
2.0,2.800969624962274
0.0,2.9793243891804133
0.0,3.1497853227872867
9.0,4.22388441881249
3.0,5.006303923198804
4.0,5.138282576642284
3.0,4.5117820670785855
6.0,4.279895159151556
3.1,4.032351300620956
3.3,3.814552315378903
0.0,4.0773083638306105
3.2,4.096409189064197
2.0,4.031822945000844
1.8,3.8303054018109965
4.0,3.6138173980526522
0.0,3.889332902027151
5.0,3.818168049958847
3.0,3.559622315170724
3.0,3.6154441263503716
1.0,3.5177085661192424
4.5,3.4189362511459733
4.0,3.325111890635129
2.0,3.1135016202328147
3.0,3.117881030321769
2.0,3.183644838055518
2.0,3.0276464809886945
0.0,3.0122386897333597
4.0,3.4779697306136845
10.0,4.226229047046575
4.4,4.687924584787344
2.5,4.564548303244346
1.0,4.321924150919095
3.0,4.071057396901235
0.0,4.042904868294395
0.0,3.875266494515044
0.0,3.7526972134511656
6.0,3.759831856081956
2.0,3.5294168931468004
5.2,3.306515935663329
2.6,3.4290336462758213
3.2,3.4684001100601196
0.0,3.5152847074118396
0.0,3.380705547022119
5.0,3.237467981603327
4.0,3.1465867980618762
0.0,3.003739257015756
0.0,2.850830787022184
5.0,2.6756459764245455
0.0,2.5722691121589523
4.0,2.7046026912556793
3.0,2.907501056801009
5.0,3.9044154089387435
2.0,4.618312775300653
2.2,4.636362567094016
0.3,4.491499215129128
0.0,4.254865602559563
2.4,3.904736496371165
3.0,3.9160389286728114
0.0,3.996459217665418
4.0,4.0754331855208346
0.0,3.8565197348658193
5.0,3.6725770522803343
0.0,3.513680912839786
3.0,3.5840771221451453
0.0,3.211604871896908
0.0,3.0149672281906006
4.0,2.8621782446476765
4.0,2.8424433081875717
3.0,2.7503375629751226
2.0,2.5832723838047666
4.0,3.0234449598444892
2.0,2.9403842362065045
7.0,2.5275798561087868
0.0,2.7979000780668417
2.0,3.364487143806955
2.0,4.685200211899119
3.0,5.698980877816455
8.0,5.114734969143533
3.0,4.353821178004023
0.0,4.138105279355389
2.9,3.908831210724161
1.0,3.779059539336966
6.0,5.536356797147363
1.0,4.203831941306065
9.0,4.302839734650788
4.5,3.7843899199526376
1.0,4.974708087723466
3.2,5.466767444337323
2.0,4.368011672059399
3.0,3.6208092066418365
3.4,3.5121740984774674
4.0,3.3508087449216943
1.0,3.3774529595909897
0.0,3.3784354500319136
4.0,3.20485689338651
6.0,3.739715554554701
2.0,3.647357952828867
10.0,3.7063484665832895
6.0,4.447753272803624
5.6,4.849045064733455
10.0,4.990787117967345
3.0,5.145785881799736
3.0,4.774100861790099
11.0,4.695642840544596
5.4,4.360491681058653
4.4,4.303352484503743
5.1,4.3884871832051715
2.0,4.251765859818178
1.0,4.1812768356471635
5.6,4.0315694597243645
5.0,4.234360518691753
5.0,3.9418067781537833
14.0,3.9025713601169247
8.0,3.7530193186830383
9.0,3.622937358547163
3.0,3.735371918643394
18.0,3.6953462584373193
9.0,4.6720472019565635
18.0,4.973814008061576
14.0,4.922218305803886
13.0,5.061576554809384
17.0,5.055977598708535
9.0,5.614547698702714
11.0,6.365252856779247
4.0,7.40823712191337
6.0,7.232468857824642
1.0,6.261093973874441
7.0,6.3004636967631775
14.3,7.26977496974138
15.0,6.643172453238071
7.0,5.719906938012093
8.0,5.540074447327817
5.0,6.033955238912711
16.8,5.1018898191379325
3.0,4.907419222507928
15.0,4.5962932925383075
6.8,4.709370943172714
8.0,4.434330812374387
16.0,4.128371671901935
4.0,4.090537079439908
6.0,3.6467991002398703
10.1,3.8974800035477752
12.0,3.466466333389509
10.8,3.9334973810342246
0.0,4.0039461458223755
3.0,4.365855428391759
8.0,4.9196758262088816
9.0,5.630601980776664
6.0,5.894082394119067
13.0,5.588279207720308
0.6,5.982718427442253
10.0,5.368778202598917
5.0,5.399663134888916
4.0,5.243851667048903
4.1,5.030573502461989
5.0,5.095440116989647
3.0,4.7737602762044915
11.0,4.450249462451733
5.0,4.408600066041291
7.0,4.224617341777067
4.0,4.109791923075383
7.0,4.003115237797378
9.0,3.820648820340829
11.7,3.5525835725692323
11.1,3.3686004302672354
12.4,3.4262389345010633
8.0,3.405259360616658
9.0,3.6908369965801286
0.0,3.3194270014089198
4.0,3.7729354303777476
11.0,4.787462148207117
12.7,5.577056519946348
0.0,5.567457712961995
2.0,5.268891234604464
7.0,5.208198709404979
1.0,4.62102278166103
12.0,4.608483785549685
0.0,4.862672369722384
0.0,4.614035315452113
6.5,4.384666762051535
8.5,4.289180912663058
2.0,4.195245648019649
3.0,3.8847488624507918
4.0,3.673085565714639
12.0,3.5078067081065285
10.0,3.725639252254741
7.5,3.841531701423432
1.0,3.743157068986566
1.0,3.618255167281011
8.0,3.4387206692806562
6.0,3.5215418086792116
2.0,3.5682658956335214
7.0,3.4567966749955588
8.0,3.851797477039145
0.0,5.097844831649197
0.0,6.039018797246466
8.0,5.520730835513621
6.5,5.161227973618265
2.0,4.957332542292317
4.0,4.855284620369046
0.0,4.849325786028872
3.0,5.067876856752403
4.0,4.722913443794553
0.0,4.561906935159933
3.4,4.568472764264421
0.0,4.481238942842446
1.0,4.638147120226188
3.0,4.217671126755917
4.6,3.859718132140727
2.0,3.683007383252022
0.0,3.5076835603619054
3.0,3.1595242429147516
4.0,2.8195047446601116
2.0,3.377603453980854
6.1,3.607572097774419
0.0,3.3643267983964043
5.0,3.294386145146082
0.0,3.486079213242377
6.8,4.823336588357734
6.0,6.044633106866697
8.0,5.553312503114394
7.0,4.935947443359935
7.0,4.611124194490756
1.0,4.199723027852082
6.0,4.136636847725513
6.5,4.289427895261792
5.1,4.099561607178988
3.0,4.227609749420915
6.0,4.207119634220623
0.0,4.0630125839885665
6.0,4.071058454876146
2.0,4.088855135293283
9.0,3.979093393895342
0.0,3.9919469579494984
2.0,4.046392419805063
5.1,3.856985832851888
5.0,3.4200124309828825
7.0,4.305633060768299
22.0,3.8503419942471013
9.3,3.375245472814284
0.0,3.2155697657531226
2.0,3.9199153190070293
7.0,4.937252690039843
6.0,5.486708096818543
5.0,5.768925581672904
1.0,5.453339525441551
2.0,4.910977114802544
13.0,4.1085212453794675
11.0,3.9159116194755796
20.0,3.9655300750216567
13.0,4.1247082011058716
14.0,4.077558560286609
5.3,3.920222966618084
7.2,4.366763610627137
15.0,4.830463322104194
1.0,5.6510266763974775
2.0,5.899234154589412
7.4,5.978788797586663
24.0,5.676435629972579
2.0,5.007956014878086
28.0,6.285242727346443
4.0,5.566203333674442
8.0,5.273549612291293
0.0,5.180098161566419
3.0,6.260665037929955
5.3,7.286806254310887
0.0,6.850611363215342
9.0,6.663417428011266
15.0,6.183016542842564
4.5,6.097024863249309
13.0,5.402326367636067
3.9,5.062517544968746
3.1,4.77552222972081
13.0,4.596100680066748
5.0,4.25280371318783
0.0,4.324085388484401
21.0,4.779973720488286
24.0,4.473649466195896
2.0,4.945167159176961
6.4,5.214070720404799
16.0,4.99640368226191
1.0,5.307687998148767
15.0,5.362211631411665
15.0,5.882169710442394
21.0,5.50033086827897
18.0,5.884999014058535
10.0,5.849308691930577
23.0,5.758972932508881
17.0,6.616214031643867
12.0,7.2577008046862295
17.3,7.77452744468421
5.0,7.542195116556538
9.0,7.553471469248936
19.0,7.784842526562569
15.0,6.375632999043846
17.2,5.704712171244712
17.5,5.115306750089255
0.0,4.830728074751782
0.0,4.224997792066984
3.0,4.096907976791511
5.0,4.192862276448025
5.0,3.954569366812497
6.2,3.9288604070382864
2.0,3.4048936672248318
2.0,3.359083767494897
17.0,3.175371870628173
6.7,2.9050753228339907
6.0,2.6548078123365695
11.0,2.544146078546989
3.0,2.5460554521713683
14.0,2.6696701130797025
7.0,3.2903429111185596
3.3,4.583735213424259
3.0,5.437282049690915
5.0,4.749329790333003
3.4,4.362482557728894
8.0,4.321565232718012
7.0,3.9077474741266656
7.0,3.5877699047936327
1.7,3.0216544441788993
2.7,3.589783485892572
3.9,3.849398778010895
4.8,3.5792448777756274
5.0,3.513334448345691
3.5,3.760679653754888
3.0,3.6028306954252756
8.0,3.050176201795815
3.5,2.936462262178774
5.0,2.771971469658858
9.0,2.6970072004911962
4.9,2.8258047187225586
1.0,2.7175120539040902
4.0,2.391015576718237
4.0,2.022426720497736
2.0,2.350878318396619
12.0,3.2325233601624084
10.0,4.577769989066058
4.0,5.425846684083033
9.0,5.084926784112543
4.0,4.916970065596918
7.3,4.5059610701441795
5.0,4.511562710259339
6.0,4.123841038134756
6.0,3.860111991864768
1.0,4.148046697998915
4.8,4.190065122799531
2.0,4.171724355353666
4.0,4.024849618075826
3.0,4.134399392552609
5.6,4.635514455200889
5.0,3.802680284031512
4.0,3.017399714730176
4.0,2.5685920123474797
5.1,2.5896970058115807
2.0,2.389223649958998
0.0,2.749302520918836
1.0,2.8819260323500395
3.0,2.0645305635078155
0.0,2.5010587559984296
4.2,2.9769665344772753
9.0,3.886724184646427
13.0,4.890078862452667
3.7,4.9846930679478065
3.0,4.931915391358414
0.0,4.500239624015334
7.0,4.162516848440783
2.0,4.163355141229025
11.0,3.9400183448482995
3.0,4.221019347453241
8.0,3.8352239591774637
3.0,3.839002761296361
5.2,3.708102516306315
5.6,3.608654736341068
3.0,3.2066787648261226
0.0,2.880039569121502
4.0,2.641465310360946
0.0,2.6438414270077337
2.0,2.601853827340682
4.9,2.3037743259089822
4.1,2.6331054873490984
0.0,2.855528599267366
2.0,2.815614536636829
2.0,2.955741879529205
0.0,2.9605301113620532
4.0,4.164111445703259
9.0,4.616832339820338
0.0,4.8666797433766185
3.0,4.211231713360884
0.0,4.424722774700105
0.0,4.492265531995454
3.0,4.511135980353558
3.0,3.8355031692400017
1.0,3.296449291360227
2.0,3.4102995970466434
2.0,3.301878273623864
0.0,3.2261804461287307
3.2,3.0227324728760703
4.0,2.8849947736332724
0.0,3.0293824893507577
0.0,2.859420518857527
2.7,2.6046103580571764
0.0,2.562704222631196
2.2,2.543069278442068
6.0,3.192351541982002
2.0,3.2396402648209364
0.0,2.7290768712567557
0.0,2.6339874058710886
12.0,2.703371406257734
3.0,3.346367241451451
0.0,3.8466311040568146
1.0,3.7684928080502287
3.0,3.8522785538797306
6.0,4.474418876640688
0.0,4.684240931425179
2.8,4.326696285092277
5.0,3.8330862023861556
1.4,3.344124773462497
2.0,3.4123665748522183
1.0,3.4087777947071483
7.0,3.0936425443389592
0.0,3.152512573685295
2.0,3.232284840242094
2.1,3.088286403434299
3.0,3.1710491819501727
1.0,2.625854196651812
0.0,2.4783184864367143
2.7,2.3285303182373283
0.0,2.2297522931487435
5.0,2.121442872332662
4.0,2.107022733559659
6.0,2.3598827801741784
2.0,3.0936635002283386
4.0,4.67164239363085
5.0,5.321856501570635
3.0,4.620678679462385
0.0,3.8620741778711274
0.0,3.2848483826139945
2.0,2.9018591871631805
7.0,3.0684952128162566
2.0,3.1328451161166577
1.0,3.155096459719691
3.2,3.1071812513411623
2.0,3.0880984507592966
3.0,3.0453106898814872
2.0,3.3559409581627664
4.0,3.104786605986695
6.0,2.9742976593106354
4.0,2.8371623834556554
0.0,2.7856144773252556
1.0,2.63591262185345
2.0,2.536814995025475
7.5,2.811860094287425
4.0,2.8803212926301685
2.0,2.383120757320719
5.0,2.734117939120436
4.1,3.333946857184431
2.0,3.8342745948293064
4.0,4.299041903793536
10.0,4.455315705145088
4.0,4.2766690782480605
4.0,4.072494542608314
4.0,3.8793229096994306
1.0,3.727184138884282
3.9,3.934083684691023
0.0,3.875425598360618
1.0,3.8580682259778234
5.0,3.7460434520626467
5.0,3.6591492701516914
0.0,3.5401002501564047
4.0,3.32271742166944
2.0,3.0826735832840937
0.0,3.0496522277153724
9.0,3.189544820712649
2.0,2.9935659968954735
1.0,2.4910052741013784
3.0,2.845263250371965
1.0,3.1843717894555343
4.0,2.8185954911901066
1.0,2.938272901085967
2.0,3.7900867127817865
0.0,4.717502113787797
1.0,5.2565996684329415
4.0,4.933198687239855
6.0,4.255964558603621
12.0,3.763537294012929
0.0,3.6639074064537454
3.0,3.737942565768789
7.0,3.7935566720825262
2.7,3.812981822399254
0.0,3.6678968674993406
6.9,3.3661630986901976
5.1,3.5469842701664325
1.0,3.7220320101783537
7.1,3.7374988962686366
4.0,3.5391411536475763
5.0,3.214074302783728
3.4,3.060278125185492
4.2,2.840067436815372
7.0,2.5119951999491756
4.8,2.8919984039004034
2.0,3.0170400765554346
1.0,3.0096420354853497
0.0,2.706001323233147
3.6,3.0668612880056667
0.0,3.8512773409557406
11.0,4.615130577200538
8.0,4.659201693293425
3.0,4.374686220053305
11.0,3.9300537550671253
4.0,3.5627554933324346
7.0,3.4026226228355325
2.0,3.617648956630406
3.0,3.534320583217818
0.0,3.6833618933747445
5.0,3.760316621288795
0.1,3.359655822066042
3.6,3.626814142435576
0.0,3.670883518920194
6.0,3.430421845989178
0.0,3.424157856376502
1.0,3.026370791661028
5.0,2.8656562182046454
1.0,2.9475756096782892
0.0,2.943571269807731
3.6,2.9088561638374606
6.1,3.1437891294965357
3.6,3.117938973195148
6.0,3.5490879250149097
0.0,5.1515033036672415
4.0,5.460849555578535
7.0,4.8894076926987715
0.0,4.105052917741338
17.0,3.686221228304592
3.7,3.6310129824728614
2.0,3.6186822761572817
3.1,3.4255319898278582
5.0,3.463427232282904
11.0,3.423404551085173
4.8,3.455444006243263
7.0,3.3666864073485074
3.0,3.7688088579510417
5.0,3.48689599733601
2.0,3.1163337739742123
2.0,3.024378000757953
2.0,2.742085340150943
3.0,2.78680268397842
0.0,2.9960506445743365
5.4,3.317553939339614
1.0,2.9128808414845415
1.0,2.574246129177323
3.0,2.572424977004686
5.0,3.2767542596178596
10.0,4.718780879626498
2.7,5.33510499980499
4.0,5.188322186912646
2.0,4.89339733321558
2.0,4.253654759588582
2.0,3.685794692227519
2.0,4.052904375612061
3.1,3.8889012113817243
3.0,3.8457767121515665
6.0,3.750794651017964
2.0,3.5790914576017006
0.0,3.6278859082979644
3.0,3.6313226147710207
9.0,3.584686092057206
3.1,3.4052825682096484
0.0,3.4308870019580504
5.0,3.348209402664758
3.5,3.163998967791825
3.0,3.5509526723333598
4.4,3.4982010789618507
4.0,2.6962714745043703
0.7,2.6846497014292927
2.0,3.1545435998996902
4.7,4.6052003580309915
0.0,5.840041582347922
0.0,5.293187711304082
5.9,4.225647351065902
4.0,3.976501058028264
4.0,4.082146657912821
8.0,4.402992694721755
3.4,4.359952228045764
8.0,3.906941511824218
6.0,3.941632346568241
0.0,3.842984323423625
0.0,3.8544863649247096
3.5,3.8517015196829467
4.0,3.586035449659384
1.0,3.324975817471017
2.0,3.1909381624334894
8.0,3.1844926193388132
14.0,3.016647116186384
5.0,2.5369605164758893
3.2,2.4674658957678828
2.9,2.666111075101573
1.0,2.408251003590442
1.0,2.752187373619341
1.0,3.441019343132935
13.0,4.349213868636895
6.0,4.880757465400341
1.0,4.64042117885431
8.0,4.768653568868112
1.0,4.7330398757860435
1.0,4.337859216609339
3.0,3.9806959578386976
8.0,3.722663888980855
2.0,3.5689020242879903
2.0,3.581262186947775
7.0,3.1824142069303343
3.0,3.508121217201299
2.7,3.5069767253957673
4.0,3.2369203750393556
4.9,3.060941114946147
1.0,3.0458329197994423
3.5,3.312670193415341
2.0,3.341940779207018
4.0,2.9161124382758206
2.0,2.8980852928638643
2.0,2.992184065336525
3.0,2.660687002946387
1.0,3.633588381820696
2.6,4.638758443322035
3.0,4.784508438320184
8.0,4.773917209947152
0.0,4.60346272960817
3.0,4.121706738313116
3.1,3.800530435803188
7.0,3.701030862799056
10.0,3.8183135045492884
1.0,3.3505700173911928
3.0,3.187298049916553
6.0,3.4824835962357805
6.0,3.18665219613281
4.0,2.8070057513183695
4.0,2.8473183169912692
4.0,2.7516439087928823
0.0,2.199386744559732
4.0,2.1425450036685687
0.0,2.291291018647175
2.0,2.0822027257283393
0.0,2.948680421553541
3.2,4.5776596039351185
4.0,5.150342867542123
2.8,4.427083093650877
3.0,4.006528752013319
5.0,3.7303819509576366
3.0,3.3727597330717636
0.0,3.6487951359916835
3.0,3.6729212875271013
2.7,3.5064837564538776
6.0,3.3346620308741226
3.1,2.9662153139798564
3.0,3.2902516892841294
4.0,3.444171111871513
0.0,3.4408605095801716
11.0,3.2976095114612494
1.0,3.1856280919491287
2.0,3.0131866936062974
3.0,2.876576368892165
0.0,2.6980983539185313
1.0,2.8155534807547196
6.0,2.9691905160494274
3.2,2.72957178032072
1.0,3.0233979193619076
7.0,4.064543349731375
8.0,4.570455304955902
14.0,4.659512360041275
11.0,4.385603816719694
5.0,4.091479128403852
0.0,3.8935314667221332
8.0,3.682845308490233
3.9,3.4850212358513084
6.0,4.142542462838607
3.0,3.455136089027777
4.0,3.6276613454423554
4.0,3.600978321632009
4.4,3.6897957952753218
10.0,3.6582958980630806
2.0,3.36781428797941
0.0,3.3820499443561656
1.0,3.0801329631931753
3.3,2.9179536718015426
3.0,2.7261584164476833
1.0,2.63284606354995
4.0,2.8336518489875293
1.0,3.096557935775389
1.0,2.9101313479472064
5.0,3.393070615506671
5.0,4.596799321364188
0.0,5.0488176905478035
0.0,4.564930172286539
7.0,3.964928907023249
5.0,3.7248717279415198
0.0,3.569300387550286
1.0,3.5392420276573766
3.0,3.9303261672376313
0.0,3.045060089153666
2.0,3.282598211559039
0.0,3.062920909050365
1.0,3.06592835275179
6.0,3.2309531226232937
2.0,3.2083494160569854
4.0,3.2969705464047867
2.0,3.1033943286274477
0.0,2.748896901706246
3.0,2.6415220984685237
0.0,2.819091854675372
3.0,3.114569265030059
1.0,3.0420913128693545
3.0,2.7876860881596075
2.0,2.829870172360261
10.0,3.4949393778047653
1.0,4.8779845588646245
1.0,5.41661013796738
2.0,5.509975505894532
5.0,4.788784713188429
0.0,4.34066713817773
0.0,4.13758023450279
3.4,4.465269640061864
5.0,4.602761010757682
5.0,4.218060028361174
1.0,4.0035067948005985
3.8,4.155793141629185
3.0,3.9178758343415954
3.2,3.978881999753611
2.9,3.751946034971871
4.0,3.999545501688437
0.0,3.8867003102348083
10.0,3.7273471539329286
12.0,3.6994725063234393
3.0,3.942589249038118
5.0,3.9369115450450294
1.0,3.987753949339518
3.0,4.02216857912536
6.0,4.136561115835422
0.0,4.434080070737917
1.0,5.603547042074163
5.0,6.221427372031342
3.0,6.021710247773881
3.0,5.2483497908840695
2.0,5.309573173520151
5.0,5.222181610667928
3.0,4.956654326664974
6.0,4.8636557261678535
6.1,4.607793158241062
4.0,4.75778594976584
1.0,4.735312453486707
3.0,5.578655937204172
5.0,5.266080550993568
8.0,4.900335223904696
0.0,4.3395884168321555
4.0,6.152647967371043
5.0,6.608046132651516
3.0,5.9711800076498625
6.0,5.44881644579048
0.0,6.076672573716944
6.7,6.538501069232239
6.7,5.980974271056332
3.0,5.505374496027733
1.0,5.773027797477728
6.0,6.188156530152097
6.0,5.997832824297297
11.0,6.07187412533019
10.0,6.334219132591294
3.0,5.820662851396706
10.0,5.587914348242927
10.0,5.404314158243659
11.0,5.349159665315899
10.0,4.917030390473935
4.0,4.698421886473576
9.0,5.171013819154458
11.8,4.6092316646710705
5.0,4.397445048551264
6.0,4.807260613308934
4.0,4.160619779070549
13.0,4.1240841783300555
2.0,3.8056766737276333
3.0,4.406829123654305
8.8,3.863226855644644
2.0,3.642699548795979
9.6,3.774407242612865
7.7,4.196526005626825
5.0,5.056839455819623
12.0,5.845349471002095
1.0,5.92696769458502
6.0,5.484253801150538
5.0,4.834472265772259
2.0,4.4064059673597775
5.0,4.744263726580928
11.0,5.094558454750335
0.0,4.809140218692981
6.0,4.443385740541927
5.0,4.530692512588805
3.0,4.553227369508311
3.0,4.45317294265967
5.0,4.2608025198114365
5.0,4.223222363848558
3.0,4.003858156719849
9.0,4.187321287302998
8.0,3.918141781155926
5.0,3.5805823346087946
2.0,3.48989150549966
4.0,3.4316811634005577
1.0,3.4144778799174897
3.0,3.206170763054243
5.0,3.321831754001522
6.6,4.2921897862518374
0.0,4.8991098675413625
9.0,4.822366263168465
9.6,4.638427777876104
0.0,4.450132336750528
12.0,4.264737088194053
7.7,4.2727819497505255
8.0,4.302878102207181
0.0,4.202370508407139
8.7,4.033167933162449
5.0,3.891205651558328
0.0,3.848814923177069
4.0,3.8540199984400973
2.0,3.517071203156857
5.0,3.214531264994297
8.0,3.072943494990531
2.0,3.231552487373369
7.7,3.1108797016880834
0.0,2.863167620295868
5.0,2.5842567918407826
5.0,2.6763155872849946
5.0,2.765827638033797
3.0,2.5755533777013073
10.7,3.187411826314801
5.0,4.891083476340001
1.0,5.363089974524734
6.0,4.850262841207257
4.0,4.247768493417926
4.0,3.9472235125746433
0.0,3.5992747850284887
4.0,3.533065743486582
8.0,3.7513786354238086
0.0,3.6890529265295653
4.0,3.5447799937376487
0.0,3.65445950450646
0.0,3.687358427581037
6.0,4.063600661507763
7.0,3.968414437956024
3.0,3.562523291464987
3.0,3.2770654068160305
5.7,3.2317701935106404
5.0,2.8034736187384532
2.0,2.5462163748028592
7.7,3.012372919349871
0.0,2.840398868123189
5.0,2.500982294351693
2.9,2.4553872020504492
8.0,3.204867136818413
7.0,4.959091213093339
6.0,5.309489361609348
5.0,4.961559274451236
6.0,4.476722277604035
0.0,4.337432630246841
3.0,4.041660262382107
1.0,3.6192877675350363
5.0,3.9932641340936517
5.0,3.98090261253426
2.0,4.065847943748405
0.0,3.9202973078737138
2.0,4.174048651962403
3.0,4.095247520244017
5.2,3.572382765685533
1.0,3.476613431980213
4.0,3.446901135424858
5.0,3.3203873288977865
5.0,3.1836477681567694
0.0,3.39372635594301
3.0,3.469776642475742
2.0,3.314580605528281
4.0,3.7602867506709554
0.0,4.697141660698338
10.0,4.87689212066876
1.0,4.599622399680019
4.0,4.436780205947187
3.5,4.018041292617766
9.0,3.5015346656578723
0.0,3.252675881326877
3.0,4.08504203582535
2.0,4.014768668787047
3.0,3.863725294188053
3.0,3.936238316046839
3.0,4.027927248403773
2.0,3.7249502714386677
3.0,3.466035003724237
4.0,3.3603441113047254
0.0,3.257935216616592
1.0,3.047086310087637
3.0,2.8704516354960727
4.4,2.864252963281281
1.0,3.091121596243726
0.0,2.8630640771120626
2.0,2.499035906039869
0.0,2.499373219140819
3.0,3.298860373607756
2.0,4.708808291573712
0.0,5.015931884240262
1.0,4.5401135915922515
0.0,3.7958377956871767
0.0,3.3666157499095166
7.0,3.176880525410264
0.0,3.3610455680435587
4.2,3.055478559127723
5.0,2.8781570346360748
3.6,2.7291680233039677
6.0,3.2932814285554053
6.0,3.252934208984434
3.0,3.227187293119594
4.0,3.447260955711591
2.0,3.072196108066129
3.0,2.9567616326378667
2.0,2.7341274146633037
4.1,2.8049595078626215
0.0,2.8087386687097857
2.0,3.5443058808439174
4.4,4.296106580864106
5.0,4.305272789391766
2.0,4.244800693734916
3.0,4.364668709788214
3.5,3.924214745415412
9.0,3.8916815839248007
0.0,3.6027275521928663
0.0,3.433443573561934
3.0,3.368520862294294
3.0,3.2121642015252774
3.2,3.2780978567125545
1.0,3.0022320329883065
3.0,2.931772875613205
1.0,3.0270187982831778
1.0,2.9512636395074923
2.0,2.701835612391387
0.0,2.088344997381578
5.0,2.2626489995886496
5.0,2.546832138118322
6.0,2.970024623795328
4.0,4.692871754945226
3.1,5.0933115727152085
8.0,4.73227377862762
4.0,4.378010839976963
4.2,3.7222641446119527
6.0,3.5292983122336423
4.7,3.3812016227779234
2.0,3.459859056432908
4.0,3.361923483523877
4.0,3.2637533514157537
5.0,3.2107008163629533
3.1,3.6013025381395996
0.0,3.5367405546633135
2.0,3.2831673754745747
3.2,3.1213599338168523
2.0,3.1478575422558626
0.0,3.1884621398190203
0.0,2.9490443011866487
0.0,2.6753062340410203
1.0,2.4784523722098455
2.0,2.5945917564041867
0.0,2.847824273360416
0.0,3.7262459443505795
7.0,5.098097449326601
2.0,5.2604031433787295
9.0,4.784739270250436
0.0,4.284441283769588
0.0,3.893099898673641
2.0,3.701408608762198
3.0,3.6002297203939837
3.0,3.7128508886075924
4.0,3.5612963585830824
0.0,3.616136407852384
2.0,3.8413733795181897
6.0,4.014408167393026
6.0,4.030076720101085
6.6,3.9521579948563437
7.0,3.972803197406999
4.0,3.8127194139695018
5.0,3.912427132914625
7.0,3.733069443322686
0.0,3.3679607080915117
1.0,3.1438606473310724
0.0,3.1676697493658077
3.0,3.1755139610309384
4.2,3.0974053820373717
6.0,3.774167969435889
3.9,4.686468822987784
4.0,5.005836099224736
3.2,4.852232093522828
5.0,4.471973481896636
5.0,4.5486518498433375
3.0,4.4423072679302305
3.0,4.353221716726341
5.0,3.8694759748203937
5.0,3.780793004969465
5.0,3.480228035913966
2.0,3.2856113570194565
5.9,3.5826317452605405
0.0,3.4845059790434303
3.0,3.180309692124831
4.0,3.0391553064497794
2.0,2.894859711228067
2.0,3.0880937628456584
5.0,2.7424506374531044
9.0,3.0675768106611168
3.0,3.362900758255494
2.0,2.5982009665394417
1.0,2.4232821454971347
1.0,3.56355424116005
6.0,5.271642498421586
5.8,5.6191900545046165
12.0,4.646318892049928
3.0,3.64924566992333
5.5,3.531619684006891
2.0,3.6803008550979963
3.0,3.658052687822779
6.0,3.762323725372016
6.0,3.622502504012063
1.0,3.5182910819529747
2.0,3.623086764396372
9.0,3.8183276723986577
1.0,3.9304036202449737
5.0,3.650051422075421
3.2,3.483392580144993
3.5,3.4159971035491186
0.0,3.4014127986680918
4.0,2.802114006687266
5.0,2.651633915624565
5.0,3.1284359318558943
1.0,3.0217911605587715
3.0,2.4839394987345353
0.0,2.2850034432048907
4.2,3.100782307954851
4.7,4.506797389592977
7.0,5.147547505715852
3.0,4.985761099884852
4.4,4.294862851542334
5.0,3.678471746672635
4.0,3.2424693149353097
6.0,3.296502342950746
2.5,3.1787421641305875
2.5,3.323764390901801
1.0,3.438292703328259
2.5,3.1892334996647134
7.0,3.0560878582449162
4.0,3.419942763745307
3.0,3.2934348353227993
4.4,2.9566114789776345
0.0,3.1575316931639836
4.7,3.0184353411333573
0.0,2.948506724260411
6.0,2.9817411135273284
3.0,3.035774892078064
4.0,2.735737095803592
0.0,2.60225088263705
3.8,2.464595129239396
4.0,2.9219164765246344
0.0,3.7727489661079305
0.0,4.4002017509432205
0.0,4.815639553884937
3.0,4.676878851870567
16.0,4.2198238381899245
6.0,3.8086418382541902
9.0,3.397008529802378
1.0,2.8274063845818618
1.0,3.5704829596605165
4.0,3.5066189476310843
4.0,3.0545587892619004
2.0,3.1305236681620916
11.0,3.399328915858524
9.0,3.3504820376720614
2.0,3.193334912991585
3.3,2.8025219175577165
2.0,2.8468141201089945
3.0,2.62418919258989
3.1,2.5545233734899604
1.0,2.5065826823159583
0.0,2.6457062356340746
0.0,2.664303576757627
0.0,2.3339431451380306
2.0,3.0676909993294057
9.0,4.24866149243703
7.0,4.796439652107063
5.0,4.115136162006262
1.0,4.145948042579406
0.0,4.110681940149817
4.0,3.578630038286016
7.0,3.0275015309034967
6.0,2.964792514529615
3.0,3.0598425228622417
12.0,2.940498579131294
4.0,2.867892886529606
4.0,2.919465650617107
3.0,3.3991316408177585
3.0,3.2159283134883045
6.0,2.725882808224382
2.0,2.6978657782082194
6.0,2.6773583851212512
3.0,2.5866333812781783
3.3,2.4851879739839373
0.0,2.3944243968834824
3.0,2.1173188474153086
1.0,2.197736110900551
2.0,3.1828301923972955
2.0,4.896650077725818
10.0,5.3210344602099715
1.0,4.31135534776647
7.0,3.744138052160126
0.0,3.717693021684585
5.0,3.430550376877632
3.7,3.4536335604964457
0.0,3.43904498666302
2.0,3.372662351341172
1.0,3.295875804550499
0.0,3.211518655411473
0.0,3.3523928352719796
3.0,3.522127393672519
6.0,3.5598431333870613
4.0,3.2782332097721154
2.0,3.215220589417112
3.0,3.17017523666547
0.0,2.9023239564058487
5.0,2.736603889645492
1.0,2.703285035997722
2.0,2.772265221603837
6.0,2.6358262281339404
2.0,2.6168317253874167
4.0,3.4024261007816463
6.0,4.574513120305976
6.0,5.058734504796301
5.2,4.654155858137973
0.0,4.208913767669448
4.6,3.994663863209695
6.0,3.842143334118947
9.0,3.93167481310814
4.0,3.4961014910873507
2.0,3.5776912942547057
10.2,3.587606187056789
3.0,3.228173844326432
0.0,3.3071182906684373
5.4,3.336693675066968
5.9,3.308009299441089
0.0,3.2144180711903623
6.0,3.1165936863173376
6.0,3.227416671271018
0.0,3.0874836866851902
4.0,2.9589801238418603
6.8,3.19250462234016
8.0,2.9433208770344614
4.0,2.676961824497896
3.0,2.941949497327025
6.0,3.3518703301386763
0.0,3.926969763179886
5.0,4.40364016731336
4.0,4.580595875838218
5.6,4.386530593117566
5.0,4.082441343462262
5.0,3.7881913611376534
5.0,3.733133527306487
13.0,3.0415811491131897
0.0,3.5700260694331387
3.0,3.665668545032951
3.0,3.5013299515684224
1.0,3.4747275773551656
3.0,3.612572927625795
2.0,3.5149133540052677
5.1,3.298744441430791
3.0,3.1599193199213182
8.0,3.0965118987455917
0.0,3.174701647469327
5.0,3.0025856011189638
1.0,2.9624145970986078
5.0,2.7665181858481973
3.0,2.3989823873465403
0.0,2.4315699970065694
3.0,3.298325100999117
6.0,4.870253183361056
7.0,5.24089119883676
7.0,4.6664187624069005
4.0,3.6397372417375466
1.0,3.2411559866262456
12.0,3.2792404052363753
1.0,3.3593937428370504
0.0,3.4388252256497163
1.0,3.492602766023799
7.0,3.4778610363979805
6.0,3.359526513507856
5.0,3.3873699999578153
8.0,3.8212519681084336
2.0,3.6989188406532882
5.0,3.4643707425481045
0.0,3.35439923847081
4.0,3.1802645839014008
5.0,2.9385000186640924
0.0,2.6995627948242316
2.0,2.8903057790369315
0.0,2.516429484168894
2.0,2.2999895645272233
0.0,2.4186527811675655
2.0,3.180510425808205
4.8,4.510302237327239
9.0,4.542644535860582
3.0,3.8018321001260516
16.0,3.77633863955569
6.7,4.1448946898805605
13.0,3.9865343588563285
10.0,3.6679449866639766
4.0,3.5366420079913126
0.0,3.175444402734202
5.1,2.9344537568441544
4.0,3.0773431246695284
5.0,3.4725245887420586
2.0,3.5938116682284234
4.5,3.377956074869378
5.7,3.1433938332280102
7.0,3.118070829810989
0.3,3.1453921527641566
4.9,3.0247939818096237
0.0,2.772876384609079
4.0,2.316269649898238
2.0,2.4564740295206073
3.8,2.425975384846487
4.0,2.2627722544804145
8.0,2.9191218198285496
7.0,4.65204479050306
5.0,4.974619329620591
1.0,4.568977149368826
2.0,3.64012986393104
4.0,3.3514862389949065
5.0,3.0771425412493763
0.0,3.501936424552112
3.1,3.224159083454625
3.5,3.112791466503454
8.0,3.1826526210302197
7.0,2.9445492695953157
0.0,3.101081308745954
1.0,3.0918781899485284
3.0,2.906106735328166
3.0,2.5491784553933825
4.0,2.4607141692317063
2.0,2.4724905554297116
1.0,2.2165284595429284
1.0,2.701494187539771
0.0,2.7619156173283024
5.0,2.1233849294874134
5.5,2.4646357089316204
1.0,3.6820376385279747
2.0,4.797613036426769
2.0,4.770649548425401
2.5,4.304557034881812
7.0,3.811211028596679
3.0,3.612754164782705
2.4,3.122261553707749
3.3,3.2165233642094995
4.0,2.880885696663867
4.0,3.090466802687773
2.0,3.5406138595001693
9.0,3.415204049320252
0.0,3.3986372006727144
4.0,3.507650599454075
5.0,3.653030040865266
0.0,3.452028257082209
4.0,3.007204130621118
5.5,2.959317912190867
0.0,2.9950061994739974
4.0,2.6173678229837107
2.8,2.6422637488202603
6.0,2.2774248563673467
4.1,2.020127462378007
0.0,2.2621428702216653
0.0,3.190462892704967
3.0,4.718737813043604
2.0,4.125645227472379
0.0,3.301543596315925
4.0,3.140030582209795
1.0,4.1599756622383115
0.0,4.175681673905421
0.0,4.029357197281865
2.9,3.161231628165982
6.0,3.162088248982031
4.7,3.346542936895738
4.0,3.325550380465466
4.0,3.5371266212221126
0.0,3.4559700551696717
0.0,3.6231555376198887
5.0,3.8407071162453787
6.0,3.5789845971961567
3.0,3.4285293432735062
7.1,3.1729264672213597
1.0,2.777434767608923
6.4,3.112862767950185
0.0,2.9778955668770295
3.0,2.816890372543199
2.0,3.110747113092858
3.3,3.5956340477383426
11.0,4.974882280262242
8.0,5.363748511207411
4.3,4.39754726143791
5.0,4.702287250694981
0.0,4.639657282053449
4.0,4.340210337813043
4.0,3.3897861458366374
4.5,4.107419321145499
2.0,3.3041383685186627
1.0,3.322692718040409
0.0,3.395733426097932
4.1,3.6907336468577543
0.0,3.5800475992658116
3.0,3.708625939017077
0.0,3.1062510799049905
1.0,3.7295790838529603
7.5,3.650963570826864
5.7,2.7090391074929863
9.0,2.837037846347132
14.0,3.660952662136372
6.0,4.150456470252462
3.0,4.355622252060842
6.5,4.361654670286899
6.9,4.301450092565579
7.0,4.270165749599343
2.6,3.92446413238649
4.0,3.6934331084784744
1.0,3.6401882035899953
1.0,3.6253838834885865
2.0,3.6747088238043486
1.0,3.258776934594624
0.0,3.438414704358936
5.0,3.2820251247284467
2.0,2.714500220022385
0.0,2.8226797607094416
0.0,2.619703854622317
4.6,2.329218611710997
5.0,3.0159256224155535
0.0,3.4107336931289813
4.0,2.816374726560871
0.0,2.195612806477086
5.0,3.1182965147296158
10.0,4.45709608163321
0.0,4.996279225631387
6.0,4.485873614109099
0.0,3.6194991035137303
2.7,3.2983309471487336
4.5,3.4280017075344933
1.9,3.6328228316506657
0.0,2.8296994394141577
1.0,3.5854950881625713
3.0,3.6773285980826644
2.0,2.8724383540165817
3.0,3.1877796756303787
2.9,3.2943751282394644
2.0,3.2077491851770636
0.0,3.1273312297861606
3.0,3.0029467248385657
6.0,2.994068704370874
3.0,2.781670595631813
3.1,2.9147949419411243
0.0,2.915725452806261
5.0,2.7488301128650705
0.0,2.6979546340632807
5.0,3.5138909638673046
2.7,4.207505759500188
0.0,4.611032880465409
2.0,4.683572352771586
1.0,4.1403896038413635
2.0,3.6664059061159855
5.0,3.431291625143256
5.0,3.545760369450455
4.0,3.853594415117449
1.0,3.6057015741736524
0.0,3.525595853404711
0.0,3.5218225474811273
0.0,3.3380211489579703
1.0,3.3661568025974113
2.0,3.288595308767664
3.0,2.9410370532292243
0.1,2.8613535438719038
1.0,2.701409741789633
0.0,2.668527651716702
2.0,2.6766243923349906
1.0,2.7175128679992535
2.5,2.3558509205241336
0.0,2.0112551368766343
3.6,2.265880297685486
3.4,3.3085604868139296
6.0,4.733365248778416
0.0,4.742904404416619
6.0,3.943075518534764
6.0,3.3540375441329764
6.0,3.114032086436
6.0,2.971573534056947
3.0,2.998263540438728
6.0,3.190792806733569
9.0,3.17354115752781
6.0,3.080720311087986
0.0,3.302061693396951
6.0,3.274333494837989
2.9,3.489988480706053
0.0,3.453320263304344
4.0,3.031243126634438
1.0,2.876225961933599
1.0,2.8195843079766236
2.0,2.8835637804340957
5.0,2.540385994060136
6.0,2.478637399952479
2.4,2.258614554194815
0.0,1.8718238753438046
2.5,2.4692496835793265
2.5,3.3667303392028227
1.0,4.65751959374688
3.1,5.3285269427607105
2.0,4.677288581722483
4.0,4.031780427844799
3.0,3.433993581535785
5.1,3.1528277658935484
1.0,3.217044225374492
2.0,3.123747687915805
0.0,2.9269796447560545
4.9,2.7451487669522967
4.6,2.6261993156577415
2.0,2.7879974992543057
6.0,3.133690594118657
2.0,3.0693061208853223
3.0,2.8913231738246643
1.0,2.7829457093279744
2.8,2.7951147384530866
3.0,2.5343198088844825
0.0,2.652928269409098
5.1,2.768636580591317
1.0,2.5889823823383216
2.0,2.8892588557276566
3.5,3.4406317737563614
1.0,4.093426222936666
3.4,4.334124087151676
2.0,4.475822158426822
2.0,3.9593329291284487
3.0,3.6073984961373005
3.0,3.5742197934847826
0.0,3.7657717047127512
4.0,3.4239604943933304
1.0,3.5840139562385467
0.0,3.248017667101643
3.2,3.2282087601337337
0.0,3.2742211514090984
5.7,3.1822811650850684
4.0,3.147940038189951
2.0,2.9877241288765948
0.0,2.836216840460079
2.0,2.617182526221509
2.0,2.4595911531554484
5.0,2.6005455340457204
1.0,2.4214389664281786
1.0,2.485454605430719
3.0,2.7769182264678522
0.0,3.435568448921124
5.0,4.093940383401686
3.0,4.229858255414198
8.4,4.01685124629785
6.8,3.9064972757294574
2.0,3.8845316994104655
8.0,3.671413386699633
5.0,3.374788024017759
8.0,3.313091744402423
0.0,2.9031621999859607
5.0,3.164095614502154
2.0,3.256412589810304
2.0,3.0632072377251975
0.0,3.051860315884486
5.0,2.9996504341002512
7.0,2.9939356868591505
3.0,2.942952288918831
3.3,2.903162288942671
2.9,2.8531464953628443
0.0,2.761832863436228
6.0,2.675206809524568
8.0,2.7782809749859343
3.0,2.852151787535423
2.0,3.001656390065341
0.0,3.646281940796876
4.1,4.4008613211034575
7.0,4.68414941160676
3.0,4.6614308484912526
8.0,4.383690695670657
9.0,4.124484506561255
3.0,3.8247271887887004
0.0,3.7989998126338493
6.0,3.665482625676547
0.0,3.6537695639565744
4.3,3.9818040427744723
8.0,3.8631457178113697
2.6,3.613867828049348
4.0,3.5306178697568944
4.4,3.423229880617856
7.0,3.3531634033387667
4.2,3.2803544048797573
1.0,3.2904742705269414
0.0,3.2050420371859225
2.0,3.00225239024786
5.0,3.0739593468361224
2.0,2.9734513586411824
0.0,2.6368426463754684
4.2,2.749134863265134
0.0,3.3151065403249307
9.0,4.056590723108968
13.0,4.706976157367328
3.0,5.114937038147483
5.0,5.236632280227756
1.0,4.418319439722551
1.0,4.027929755711416
2.0,4.795963606849177
3.6,5.5181895435737625
1.0,5.127219624726104
1.0,4.32082220205069
2.0,4.410131930697656
3.8,4.297398993348109
1.0,3.8717992592688146
3.0,3.5826158876575196
3.7,3.2583879221134584
3.9,3.1428057059260275
10.0,3.0358471575280315
3.8,2.7000522848940642
1.0,2.5016047870522033
0.0,2.545962298586124
3.0,2.552583236045463
2.0,2.5007627613757277
7.0,2.5399691692070254
15.0,3.2036770532156043
5.0,4.031809541989784
8.0,4.66931862636842
5.0,4.642776364061406
7.0,3.9106475530171307
2.0,3.603361627985439
10.0,3.4963965793127967
2.0,3.578859936475392
0.0,4.138035288744448
0.0,3.9630242474398734
3.2,3.544341943654744
2.9,3.6531368790470964
1.0,3.3085372813234044
7.0,3.2196264711066007
1.0,2.9579234445509544
6.0,3.032255065602991
1.0,2.929674527181856
0.0,2.645198632517461
1.0,2.429771002326541
2.4,2.3510695233782104
5.8,2.4913218619033626
2.0,2.95810746859921
1.0,3.2619700688398656
6.0,3.2839859152418347
1.0,3.748993666398857
4.8,4.27204064937621
7.0,4.5471721278169115
9.0,4.469777061557622
2.7,3.9648286389721843
1.0,4.031045589659427
3.0,4.060366105725882
1.0,4.289203181191079
6.0,3.834141338410564
3.0,3.856586353236366
1.0,3.8823527809994545
0.0,3.6506874299890626
0.0,3.5567958097373773
2.3,3.542549490585258
0.0,3.5163050673587195
0.0,3.3757533848221817
2.0,3.1012040963245138
3.0,2.837200735884041
3.2,2.7751094423166243
4.0,2.7117996360509804
4.0,2.602877246296251
0.0,3.0877335189370636
6.0,2.9796907221046327
2.0,3.4082610557098834
0.0,4.201253205612052
9.0,5.094419304453124
3.0,5.528656373858579
4.0,5.140613380418339
10.0,4.370386466780424
1.0,3.898096749460584
2.1,3.548317294583283
0.0,3.2784913132389204
2.3,3.40458645222577
1.0,3.4889661315414866
7.0,3.3641342190679393
5.0,3.193287853855818
5.0,3.1022254211340816
1.0,3.302093345462247
0.0,3.2178652515143353
2.0,2.972582188616036
5.0,2.91494208206128
1.5,2.881888119354973
0.0,2.6124140277029677
1.6,2.9374471380009317
1.0,2.773264372453595
1.9,2.4034244032047662
3.0,2.5704441178451902
1.0,3.4110586629092596
2.6,4.425393031750851
4.0,4.843830520632729
2.7,4.1600952522884835
3.0,3.9935721940765765
6.0,3.783206585508153
4.0,3.6901432214180705
3.0,3.335980919945014
3.0,3.2887967931877244
3.0,3.3989148191617895
6.0,3.3394451933139213
6.0,3.2757458780812247
2.0,3.4425960325494818
4.0,3.4344327315421017
1.0,3.1997282861193646
0.0,3.14728068900271
1.0,2.906104398310051
4.0,2.753443738431763
5.0,2.7878944186603607
0.0,2.893253026479502
3.5,2.9407142180624364
3.0,3.294100109528534
3.0,2.7955784997491957
2.8,2.807459179706173
0.0,3.214490681474657
10.0,3.6379683904915487
0.0,4.191046549350619
2.0,4.705972481441924
2.0,5.128274507753066
4.0,5.24009557707117
3.1,4.526070945670344
0.0,3.757374098791554
3.0,3.9754649352653857
3.0,3.994360611448031
6.0,3.6454708801732867
4.0,3.8457210675108047
7.0,3.797976329456372
0.0,3.6411468594857754
2.0,3.6745942894704906
0.0,3.4149022568005236
1.0,3.201361859556425
0.0,3.2735619039300183
0.0,3.18984225305313
4.0,3.1815542083316677
5.0,3.215852785377113
5.0,3.054327813813587
1.5,2.8773841006492944
0.0,3.194879525245259
0.0,3.806342569630158
1.0,4.498878207363848
0.0,4.793874936129779
6.0,4.707383414059346
5.0,4.325883081769617
0.0,4.31906997812858
1.0,4.391003696191215
2.2,4.318741521169982
3.0,4.499041468302693
4.0,4.373608848225644
2.0,4.1856966164294676
4.0,4.297197774686573
2.0,4.288360364735304
6.0,4.13489421730513
2.0,3.909964539530736
4.0,3.9284259792760627
9.6,3.8374285210579164
0.0,3.6639298160902447
5.0,3.782933472479116
1.0,3.591702546211331
4.0,3.2154681291989795
3.4,3.019803408849166
1.0,3.049878738510922
0.0,3.118776341617183
8.9,3.4094086981686713
10.0,3.8682520256613486
0.0,4.508907160899266
4.0,4.5397046015981815
3.0,4.518039281806547
0.0,4.464969956294304
5.0,4.112556613454827
1.0,3.6387748504780952
6.0,4.153483535970432
5.7,3.9709890843371602
8.0,3.792603543275402
6.4,4.034233142573697
6.1,3.9024566947665527
6.0,3.755473566697873
0.0,3.767310492566737
0.0,3.6591487389547606
5.0,3.241183727037975
2.6,3.3748905061298156
4.4,3.3177398448107542
0.0,2.903593791453092
3.0,2.6274645544680397
3.0,2.601124201726013
3.0,2.5944222799403596
0.0,2.4243989897031963
0.0,3.0720507069211602
6.0,3.790383880280575
4.0,4.031858745991601
4.0,4.169470754502511
3.0,3.8246128843741216
8.7,3.6771619769815675
2.0,3.4755643907035476
5.8,3.348540621156686
0.0,3.689067550126846
2.0,3.532000808528516
7.0,3.426345600182623
0.0,3.389601735031316
6.2,3.4815923374562447
5.0,3.48076940073206
2.0,3.170213826205278
4.0,2.9458097348457577
7.0,3.0004077669093885
2.0,2.925369952266328
5.2,2.7567285072191927
4.9,2.73761992889071
0.0,2.9982673147007364
4.5,2.8103797849266
0.0,2.344894245604633
0.0,2.533347354729648
4.0,3.142288187269359
9.0,4.15300242911246
11.0,4.506728859844736
0.0,4.176353661918979
7.0,3.849996112557918
3.0,3.8957360903366665
12.0,4.119058537634994
4.6,4.368289298508782
2.0,4.097934932328771
2.0,3.4203129439553854
4.0,3.220153813528392
2.0,3.244781599233261
7.0,3.2027338828216356
0.0,3.3329506170506367
5.0,3.2424071776227894
0.0,2.3680491885447887
0.0,2.826250228445031
1.0,3.5838857765912517
5.0,3.099147848581466
0.0,2.8133639754376443
4.0,2.1887509974902732
0.0,2.4926487152381283
1.0,3.213384758477282
7.0,3.972202218798433
2.0,4.133234972731838
7.0,4.285725209990931
0.0,4.44472397499596
11.0,4.454428413219619
6.2,4.224933259672097
7.1,3.7061103636523094
14.0,3.8133194992368686
8.0,3.84828522994226
3.0,3.778022604721793
7.9,3.430865181043415
7.6,3.4777138916711623
4.0,3.726575641800124
0.0,3.5840691590994176
7.3,3.451770130798543
7.3,3.314087028068148
4.0,3.2281571649397467
3.0,3.1593134456474994
6.0,2.9871092780212747
12.0,2.799598745417037
6.0,2.623792089677904
14.0,2.815249001573821
6.4,3.41596623622751
0.0,4.147533244656404
6.0,4.783537041981813
7.0,4.707752688056991
10.0,4.257172996663862
3.0,4.086114828693239
2.0,3.945290437332817
4.0,4.095411664182441
2.0,3.965986876041473
3.0,4.005362433723811
4.0,3.9405840550667754
2.3,3.7542606710089625
6.0,3.742714501812724
4.0,3.7032814202778814
7.0,3.7662449637755424
5.0,3.5825621607962796
6.0,3.393521884449903
2.0,3.2885210613872955
3.0,3.2618968420328045
5.0,3.299813255560885
4.0,2.799297006910558
6.0,2.9798604597799225
9.0,3.260347045855788
5.0,3.393225121347816
3.6,3.886054230442509
2.0,4.692199810572173
2.2,5.110454790669792
7.0,4.598488978569181
5.0,4.1534638271528515
1.5,3.9699845733566623
5.0,3.7116004203446726
0.0,3.6069288873450813
4.5,3.682973614727807
1.0,3.5509738275211378
2.6,3.414292233358508
4.0,3.413753561186959
3.0,3.4801026647432622
2.0,3.3591250616796997
1.0,3.100141828448195
0.0,3.104084727204245
5.0,3.0369233259825483
1.1,2.7282298070986704
5.0,2.6775242173450837
2.0,2.7233416417672824
0.0,3.175642851534823
4.0,3.2085165253330583
4.0,2.802972118177798
3.7,2.537876645599737
6.3,2.828920048985117
0.0,3.0142821415287884
5.6,3.1536432512584507
0.0,3.489638242298769
3.0,4.004478947543039
4.1,4.096952127313578
3.8,4.114591731659584
3.0,3.695728077113444
1.0,3.6370377877090423
5.0,3.4081725101644014
1.0,3.311727105925599
2.0,3.3645253227938623
0.0,3.17933332864844
3.2,3.361083655324638
2.0,3.364480810377409
2.5,3.2191857064026346
0.0,2.9607602594197067
0.0,3.1116078563090905
0.0,3.0612961810291646
1.0,2.7419848836009364
1.6,2.644440095345187
0.0,2.6516824872260134
0.0,2.2519781321238277
0.0,2.274620521763368
0.0,3.2284042719058235
4.0,4.537119779289654
7.0,5.006190640044548
3.0,4.476004831141682
4.0,4.050826707846925
1.0,3.4754558927470485
2.3,3.455419236144022
2.0,3.4468887431709128
1.0,3.6198285933899284
2.8,3.2417791796330935
0.0,3.203389348027207
0.0,3.440891407438018
4.0,3.2663108723896777
0.0,3.4487097169934446
1.0,3.2327262536950654
4.0,3.023924425858992
1.0,2.990840059070469
1.0,2.9516674771974976
8.0,2.503092935610226
1.0,2.2744339809551573
0.0,2.2176763217931965
3.0,2.4074585276890472
0.0,2.6307782938042386
2.0,2.955809666237031
2.8,3.442771690442485
8.0,4.037773279324598
1.0,4.496931264557807
5.0,4.54598128566347
6.0,4.352407973984683
5.0,4.110970812291998
1.0,3.7090196876242985
3.0,3.5425701091537767
5.0,3.8472809273261372
3.0,3.6587566181664686
0.0,3.5959972900440986
4.0,3.7059573456335917
1.0,3.4961596629651814
2.7,3.4285733103813882
2.0,3.498354868723494
4.0,3.455295880194558
3.0,3.258831787414654
2.0,2.983979508503256
0.0,2.8515162022119305
4.0,2.6459379861325245
2.5,2.6043128389146544
2.5,2.596213550217506
2.0,2.497129218568678
0.0,2.49442005874473
0.0,3.3150942346460446
2.4,4.498695165069132
5.0,5.063200842163573
3.8,4.523777020134838
10.0,3.9599657822172354
4.0,3.8086927560761454
0.0,3.709599040627177
0.0,3.9318433932281085
3.0,3.8748812416872287
3.5,3.714336080459541
2.0,3.6517061117967033
3.0,3.5314805186660436
4.0,3.5671667279815082
3.3,3.687222159436616
2.0,3.4632920689471214
5.0,3.2727964258975883
7.0,3.285616591407193
0.0,3.033816933566405
3.0,2.6649641227033003
2.0,2.8032083248154454
3.0,2.5203965333094227
1.3,2.3158149294326296
0.0,2.410687753395305
1.3,3.133629683303185
0.0,3.90034363114252
4.0,4.230646856034371
0.0,4.148957707256681
9.0,4.262793648244491
1.8,3.9627133937319856
2.0,3.7750227146410413
2.0,3.507411382574476
0.0,3.336412494627728
2.0,3.286245251506764
0.0,3.2226332744827046
5.0,3.320859435177775
3.5,3.621143755888317
3.5,3.4473069563675773
4.0,3.229917605192469
3.6,3.4968027616758537
0.0,3.329504634916237
0.0,3.1703008116060527
3.4,3.275801460983189
2.0,3.085060157802823
2.0,2.8419788534252244
2.0,2.941334497842972
0.0,2.7132977062322614
1.0,3.0970106158225525
6.0,3.5195661627911154
2.0,3.73403875219001
0.0,3.7561214310069517
2.7,4.1598759075162
4.0,4.005089276697128
3.0,4.038306707952287
6.0,3.9126471650992367
1.0,3.953461825678466
3.0,4.041524264489282
0.0,4.030887210512793
4.0,3.9064264552177734
0.0,3.8496903863157597
3.0,3.7455216101662
2.0,3.4797729947289535
0.0,3.312035594631072
1.0,3.1495053066271965
0.0,3.159994315329027
5.0,3.1838142262301834
0.0,3.032425141945447
0.0,3.1622942181738005
3.4,3.2030913886459276
0.0,2.9403909594222335
0.0,3.006626009794061
2.0,3.0733162178321036
7.0,3.634110249089866
1.0,4.196252847492291
1.0,4.398061453607057
6.0,4.158591159450042
5.0,3.8502407257018074
3.3,3.5676068322592354
1.0,3.6851435891461795
2.0,3.5596568249984557
3.0,3.6022799645202404
2.0,3.6867331686248694
1.0,3.572931142539203
3.0,3.6362278339416494
0.0,3.758788870769096
1.0,3.446046637054802
2.0,3.435982051971189
3.0,3.428869351652008
3.4,3.3445938719159525
1.1,3.3571715223199488
4.0,3.2644131444461664
4.0,2.826949948968703
4.0,2.9770097726368387
1.0,2.914563788574434
0.0,2.524933904197586
0.3,2.766681592034329
8.0,3.3774135722902496
1.0,3.702267247268191
3.0,3.936597404626771
3.0,3.887861750605352
0.0,4.080745260061834
9.0,4.228815962837518
0.0,4.26251063127734
4.4,3.9190086775877773
3.9,3.2831253161727134
3.0,3.3020390838647966
1.0,3.296099900759415
3.0,3.2485684101853343
0.0,3.22309952386549
5.0,3.0358030063692816
2.0,3.0193471784655785
0.0,3.0411864529632386
0.0,2.824559666404193
0.0,2.545782049320509
1.0,2.400608783609504
2.0,2.432639346578371
0.0,2.379542331014478
0.0,2.95834762363283
0.0,3.748247805122209
7.0,3.7145018016536415
4.0,3.699095776723564
2.9,4.067685387989672
3.0,3.9729141911195005
2.0,3.915267877545567
0.0,3.4350429862134857
8.0,3.4429132827107978
0.0,3.302584136208701
2.0,3.1351017920720126
0.0,3.329529097911599
4.0,3.4857825997986622
2.1,3.026384849967532
2.5,3.037772285562328
4.0,2.921205875079491
2.0,2.6889626368436175
1.0,2.7636930453362347
1.0,2.764252288201546
4.0,2.7602920601081706
0.0,2.9354305075928933
5.1,2.796333943552342
0.0,2.3498611354534544
0.0,2.3070874319231818
0.0,2.7033213402467946
0.0,3.227986464852243
6.0,3.807228560110409
4.0,4.119640684950817
4.0,4.00666921731157
3.5,3.980717649595983
3.0,3.7822503346385554
0.0,3.6636619387569835
2.0,3.457928876306645
0.0,3.23917051570252
1.0,3.435788361815877
3.2,3.341722262249237
4.0,3.21251101578114
3.0,3.2336033311011545
0.0,3.027497304214464
4.0,2.844746714137201
4.8,3.0421174988640107
0.0,2.9674974759445787
2.7,2.852865120500843
0.0,2.8824524615544784
2.0,2.9556449620205627
0.0,2.823396220829974
1.0,2.695277039546763
0.0,2.788335015161786
2.0,3.2180684643067354
8.0,3.9011181709760114
4.7,3.9314611312134105
4.0,4.020741495819841
0.0,3.9228072779617182
3.0,3.926965882088629
1.0,3.776759302471452
5.0,3.640022066264989
8.0,3.28744557471136
6.0,3.455210003768691
1.0,3.736141710794507
13.0,3.5514927253621007
4.6,3.552059622838877
4.2,3.59785626128408
2.0,3.5203171850567796
1.0,3.1324484862837516
0.0,2.9872007307330755
0.0,3.007933652239032
0.0,2.808465073687488
3.0,2.4929295038938846
3.0,2.5697519503653394
1.0,2.27123440858532
0.0,1.8675574864512776
3.5,2.259107565831135
0.0,2.8364917626394535
2.0,3.9817442014751085
0.0,4.221185471313877
0.0,4.238671906061468
0.0,4.077091147135748
7.0,3.8290332436935195
3.0,3.5744539440838885
3.5,3.235178420244637
0.0,3.0103504494355566
0.0,2.9142608695663497
2.0,2.9696067102793227
1.0,3.0965674596864146
3.0,3.1383729628136585
4.0,3.3067464624540768
0.0,3.2183721928399964
3.0,3.1162187638818644
2.0,3.1285386738283347
1.0,2.845791357668403
2.0,2.5001127130584124
0.0,2.458888039193523
2.0,2.881024944145886
2.9,2.7715096077890804
2.8,2.4067387619501375
2.0,2.3484959486201458
2.0,3.2739057682186594
5.0,4.630188992696281
2.0,4.716235103849021
0.0,4.125151342879863
7.0,3.8700103564363744
2.0,4.022173975637221
2.3,3.864671847782054
5.4,3.610323982653955
8.0,3.405146921202058
2.0,3.4598057977466277
0.0,3.7810421904224754
11.0,3.9959388769923976
2.0,4.014989052631375
4.0,4.013155525651079
3.7,4.020079403930738
8.0,3.9006616201523556
7.0,3.9804094531316303
0.9,3.8447999943093385
3.7,3.645148654092875
9.0,3.591837866881707
3.0,3.435385580306073
11.0,3.5944633781093653
8.0,3.593438954166927
4.0,3.230445766335302
6.0,3.689274069957621
10.0,4.775855447114358
15.0,5.180743571752208
7.0,4.796991895229338
8.0,4.402755913291493
7.5,4.128963041145854
9.1,4.149758427812069
11.1,4.291967285178805
10.6,4.310824334554209
7.0,4.053901757068187
5.0,4.200257343179015
2.0,4.24744748490159
0.0,4.101966350118817
2.0,4.251269458690675
15.0,4.075390755905842
6.2,3.5003759639634535
5.0,3.200096680846256
2.0,3.1910048418258956
7.0,3.2616600393626123
6.0,2.9775212214858526
8.0,2.9492633003866118
0.0,3.186872273254763
6.0,2.8217192799799444
7.0,2.751740949386685
7.1,3.6110494186177515
6.0,3.8616195665204702
7.2,3.667018425265489
6.9,4.157235839860854
5.0,4.06643474187606
3.0,3.9037143864352277
11.0,3.828739347504591
8.0,3.6035201921863056
8.0,3.6274376664219217
3.0,3.979031754044814
9.0,4.169579327797058
3.0,4.077113113984725
0.0,3.947108258433465
5.0,3.82985151080398
0.0,3.7141014874156077
1.0,3.533003751664787
0.5,3.1522329180209563
2.0,3.137975838648519
5.0,3.2145887937979913
8.0,3.049660405680974
4.0,3.227609358736078
0.0,3.217436123454228
0.0,2.940402170070824
0.0,3.0449854664576192
2.0,3.192001019458815
5.0,3.57312726871334
0.0,3.9138539402234835
5.5,3.9616221187134926
3.0,3.7806516446478353
5.0,4.200216490829213
2.0,4.159749001365981
1.0,3.853654355543812
3.0,2.7159539619748783
5.0,3.523475254882448
5.0,3.5992278143084553
4.0,3.231224330361874
2.0,3.2096725490647233
4.0,3.108101750758577
5.0,3.2832260117888366
0.0,3.250252333312646
0.0,3.241161013520407
0.0,3.082099874414737
3.0,2.747908579840105
2.0,2.762202967423899
0.0,2.701442636125182
2.0,2.5010859225388127
3.8,2.34708143868416
2.0,2.4535522996943615
4.0,3.1017222637834228
3.7,3.937155952109861
2.7,4.30248052986901
0.0,4.472173345246004
2.0,4.166199704434693
0.0,3.7878503735840736
5.0,3.5274230679717995
0.0,3.5687863814897636
3.0,3.6756699027778224
0.0,3.6863601256992578
7.0,3.6648823878363936
3.0,3.7105163625780824
5.0,3.412041164858771
6.0,3.1911597325507284
3.0,3.262173815823414
0.7,3.0803300829804288
3.0,2.7814739424382853
2.8,2.9415433797336825
0.0,2.749491697206037
3.0,2.961338890798668
2.8,3.1321431170130998
0.0,2.684196588769165
3.5,2.7184154253599724
4.0,2.7815441734679145
5.0,3.450478701027682
4.0,3.875651457785457
3.7,4.174810573841663
4.0,3.8419011760509845
6.0,3.5297315694981237
0.0,3.411663076195289
4.0,3.5269391443674882
0.0,3.67010161323533
4.0,3.640103863552156
2.0,3.4147164566814032
0.0,3.454925258184701
4.0,3.265260069840814
6.0,3.2776325334573047
2.0,3.46548175630883
4.0,2.9567039403967463
1.0,2.960802731746673
1.0,3.051180360951082
3.6,2.5762478681886014
0.0,2.7331590469992406
4.0,2.6026124638260275
3.2,2.311207904113967
3.5,2.7027152458861123
0.0,3.139999993457062
0.0,4.110925987418327
8.0,4.307472300937899
14.0,3.767594289257027
6.0,3.5107137276825706
0.0,3.945421963066831
8.0,4.055578630681684
5.0,3.969748309910207
4.0,3.8375810272240862
3.6,3.5897766653211525
0.0,3.355077719116736
4.0,3.218040895938101
3.8,3.01014792685861
4.0,3.437511449931969
3.5,3.3449628888188876
2.0,2.8498847125947737
8.0,2.739001367849142
7.0,2.784350040265555
2.0,2.4954306679033675
0.0,2.508886305782148
1.0,2.425596026074269
1.0,1.9822453157369146
0.0,2.989369459119389
5.0,4.449176625616934
8.0,4.950407109446933
6.0,4.259415897859618
9.0,3.9713360133434543
3.0,3.5425888068184905
9.0,3.207156498399587
2.0,3.3518852776140045
3.0,2.7617371556109327
0.0,3.1844833411622586
4.0,2.828666452581486
1.0,2.669256138553956
4.0,3.1473587456975665
5.2,3.1126123609431917
3.0,3.1255034489100146
4.3,3.082198366286353
1.0,3.07050137760073
4.4,2.7430288095636532
3.0,2.551800710552869
3.0,2.631446664734298
4.0,2.3772920922255656
3.0,2.6192102452177566
3.9,2.9663050904364097
2.0,3.9037349569684903
4.0,4.162151473342131
3.0,4.034225460446396
6.0,4.129333104485395
6.0,4.2501599167604915
3.9,4.02044816133544
3.0,3.98093676579617
0.0,4.132383808853916
3.0,3.7145154862825898
3.0,3.567905962038523
5.1,3.655899171274269
3.0,3.4599848751820295
3.0,3.491249469910933
4.2,3.3842403925782367
5.0,3.1573237014069906
3.4,3.097420821063768
4.0,2.8924087360847377
7.0,2.8307888567808916
3.3,2.3199603627107317
5.0,2.510878462161996
2.9,2.642227395825359
3.0,2.7489812570459247
0.0,2.737608867182899
7.0,3.717449276948847
9.0,4.843629591785351
7.0,5.034777347791385
1.0,4.601213001173085
0.0,4.294870778797181
0.0,3.772526434250879
4.0,3.4848045582155667
2.5,3.5668176862885317
0.0,3.72305495114769
3.0,3.4794959779477335
6.0,3.3886796744019674
0.0,3.363792409317133
2.0,3.4943284764886324
3.3,3.593230317276741
3.0,3.4223148199528013
4.0,3.4148779198222563
1.0,3.3250976052177226
2.0,3.3154098861008947
3.0,2.795014931702523
3.0,3.0930544171810603
0.0,2.680309300393211
9.0,2.2383674361647534
3.5,2.5834467430636496
3.8,3.2883543378431423
7.0,4.208508685312971
0.0,4.5373569875508775
5.0,4.320192918746776
4.0,4.304392497187637
3.0,4.189008169031615
6.0,3.9659891744845632
7.0,3.6577406863184123
6.0,3.602431585545773
5.0,3.5312345320193925
2.0,3.400367877555365
5.0,3.350492112745868
5.0,3.315687797750267
3.0,3.462770641788868
4.0,3.278044198970732
2.6,3.388982326866586
3.0,3.107078296841615
0.0,3.1455636068050232
0.0,2.8065877702429964
0.0,2.2810643505928394
2.0,2.4204423290422366
1.0,2.391917475532767
0.0,1.8923439381712965
0.0,2.4585490489463795
2.0,3.633240835729132
1.0,5.027999372940659
0.0,5.691253797720353
1.0,5.320646697080476
4.0,4.164216599588844
4.0,3.2390874767102957
0.0,3.1376747976310964
0.0,3.2018530490144093
0.0,3.566146140220866
2.0,3.462293098080248
0.0,3.238701666703669
0.0,3.136246090977573
1.0,3.168273713330652
1.0,3.588395801362278
0.0,3.292507925365047
0.0,3.100863142585161
0.0,2.79888831030808
0.0,2.508161093254044
0.0,2.486274679780548
0.0,2.70762754819692
0.0,2.674868133717064
0.0,2.3196216111777668
0.0,2.3662015081801964
0.0,2.3211364797529046
3.0,3.0021135294701247
4.0,3.4437058190745122
2.0,3.833865146786669
0.0,3.7428789863117546
0.0,4.13560368871823
0.0,3.791305180456617
0.0,3.8612931836032582
1.0,3.530898604034147
0.0,3.0524116904418515
0.0,3.3694992038178353
0.0,3.4329003377718093
0.0,3.229555679690334
0.0,3.4869558212102048
0.0,3.271337767522536
0.0,3.2572654862560433
0.0,3.1318786332764943
0.0,3.1232460735586587
0.0,2.7581776448668975
1.0,2.7344324261027286
0.0,2.7394324156185
0.0,2.8499197374507093
0.0,2.505482940895684
0.0,2.2132360018608206
3.0,2.1913067065394487
3.0,2.6170404508213276
3.0,4.109184879516176
1.0,5.13743665695037
0.0,4.636394289630497
0.0,3.4740940140893786
1.0,3.2468732181605287
1.0,3.561602010172862
0.0,3.781816242692841
0.0,3.5684455236080197
4.0,3.3176287169391676
5.0,3.4386607822024686
0.0,3.430071908035802
0.0,3.6198895993657865
0.0,3.7458109935960717
0.0,3.606786482177611
0.0,3.5012672635241637
0.0,3.590682290621866
0.0,3.498938732764715
2.0,3.326613164600501
0.0,3.2959446019334284
0.0,2.7635462273255107
0.0,3.018001074195711
0.0,2.742924029354555
0.0,2.54926389638918
0.0,2.8976706121584024
0.0,3.6003936901079423
0.0,4.459260906699519
2.0,4.312014694065429
1.0,4.06453252371279
0.0,4.287156421090486
0.0,4.121676439024618
1.0,3.7666493733659436
0.0,3.0897328489693536
0.0,3.3114321364234076
3.0,3.631838261295924
5.0,3.3182431945737756
2.0,3.1099054194278595
0.0,3.226917058193607
0.0,3.0002366434994787
0.0,3.6179650365599505
0.0,3.6682612091023024
0.0,3.419879877437762
1.0,3.1560985021077617
0.0,3.209476522668173
0.0,3.5549186346924087
0.0,3.2398243340527277
0.0,2.678849532065208
0.0,2.55025780827628
0.0,2.5713810699410486
0.0,3.5066579142526986
0.0,4.30685976036517
0.0,4.72128621728879
0.0,4.648280672149496
1.0,4.314374985535922
0.0,4.048160331222552
0.0,3.6514221655354033
0.0,3.798160529679434
0.0,3.378560417281348
2.0,3.4095803147354387
0.0,3.616163761650945
0.0,3.559367020950471
0.0,3.32834921105226
0.0,3.6886770111495792
1.0,3.359277840603083
0.0,3.394633139475487
0.0,3.167388435687661
0.0,3.426474502142271
0.0,3.1627301085128656
0.0,2.8928946296799287
0.0,2.952269971217046
0.0,2.8841633791469117
0.0,2.6853709071653897
0.0,3.087568034159354
0.0,3.2076891046030114
0.0,4.056272795903835
0.0,4.779411661526195
1.0,4.476352908585098
0.0,3.9175504874147657
0.0,3.546434707089734
4.0,3.5635849288074115
6.0,3.5859048526927015
1.0,3.844495164152189
0.0,3.657518848755239
0.0,3.5296435798358625
1.0,3.6936587292322507
0.0,3.3160284071865633
0.0,3.2106083648166615
0.0,3.7547898211149042
0.0,3.2714114569964114
0.0,2.763456772429536
0.0,2.8529976281694416
0.0,3.0871929209694176
2.0,3.226529937821206
4.0,3.080504937456515
2.0,2.604466315088332
0.0,2.9895828002826486
0.0,3.309255489806173
0.0,3.7604775479295194
1.0,4.270000479431462
1.0,4.315616298112332
1.0,4.01395469630266
0.0,3.446321342436656
0.0,3.0166102028427453
0.0,3.1217811537000357
0.0,2.922467952733061
0.0,3.211709765051586
0.0,3.468614882573932
0.0,3.2151394107073243
0.0,3.468456996343742
0.0,3.6721560805161793
0.0,3.422608955298033
0.0,3.107699214157295
0.0,3.19895780494874
0.0,3.1810633387487663
0.0,2.926795708923788
0.0,2.9246638465182184
0.0,2.713192502487739
0.0,2.7588597155644337
0.0,2.9284868996057014
0.0,2.641885369354678
0.0,3.355192000231699
0.0,4.024477483252292
0.0,4.025232857653834
0.0,4.12635372134346
0.0,4.1322565503545885
0.0,4.086629653279951
0.0,3.974816117797126
0.0,3.6798485958741134
0.0,3.5089427190036084
0.0,3.535105059630702
0.0,3.9177047894813577
2.0,3.888319559627374
0.0,3.6210702498099527
0.0,3.5165334691385017
2.0,3.5496443330598577
1.0,3.4238606031826513
0.0,2.9678138840328163
0.0,2.997271497586779
0.0,2.876192924350542
0.0,2.7957917555524165
0.0,2.252551062859499
0.0,2.0716670718600514
0.0,2.2676901455212075
0.0,1.844054462380678
0.0,2.5197817366832296
0.0,4.665432625577369
0.0,5.1315686575633634
0.0,4.169609367344657
0.0,3.318563723973002
0.0,2.9902020113529737
3.0,3.129325198863634
0.0,3.2156781326452606
0.0,2.6499530514772167
0.0,2.806707629654042
0.0,3.090494741170258
0.0,2.914416449599963
0.0,3.1901863520658544
0.0,3.4004504965800373
0.0,3.281171441740904
0.0,3.023949123638721
0.0,2.845798054800461
0.0,2.881265543079958
1.0,2.6395385062261307
0.0,2.3613533102546156
0.0,2.7969951321393003
0.0,2.7608960289976205
0.0,2.270033947838758
2.0,2.2920029801399444
0.0,2.71099997167881
0.0,3.613419905714574
1.0,4.04210168150404
1.0,4.248883436153244
0.0,4.372985779821713
5.0,4.107835034338061
4.0,3.6054366997324387
0.0,3.4035272732813504
0.0,3.730739510029833
0.0,3.7618197670962346
3.0,3.660643931182687
0.0,3.4497195871503483
0.0,3.1588640005604804
0.0,3.541375097527456
0.0,3.3010691936558967
0.0,2.7248855892829322
0.0,2.5122106512610225
0.0,2.2974017387235586
0.0,2.3005393056524026
0.0,2.2516451418469745
0.0,2.6006889187575926
0.0,2.4225023809075314
0.0,1.8353819785328342
0.0,2.06406560264244
0.0,2.7817317276830265
0.0,4.4384128776081875
0.0,4.980529581441276
0.0,4.462401562319689
1.0,4.083434015150508
0.0,3.4178922773315707
0.0,3.2000843293143997
0.0,3.2438871376989797
0.0,2.709132670232828
0.0,3.1726341062905496
0.0,3.5633019762647993
0.0,3.182142477805398
2.0,3.3053482395859706
1.0,3.823997768388179
0.0,3.7028619001159324
0.0,3.3738936314702768
0.0,2.968151488940205
0.0,2.8089747721006533
0.0,2.4691619216920597
0.0,2.295985235453099
0.0,2.1220090903698603
0.0,2.5185538714022395
0.0,2.455375435249781
0.0,2.0626724176478874
0.0,2.99298228296309
3.0,4.652873057255004
5.0,5.169650890203414
2.0,4.302142411126045
0.0,3.5533566688552014
0.0,3.186825376269924
0.0,3.2503977015822683
0.0,3.340948683034936
0.0,3.2451928254764235
0.0,3.317305097117964
0.0,3.4396327691087585
0.0,3.3624277153613966
0.0,3.624273970963025
2.0,3.780538370199447
0.0,3.6991619123006645
1.0,3.345707509652141
1.0,3.317752629901845
1.0,3.193633258163726
0.0,2.9802362213715576
0.0,2.7920847260794
0.0,2.739772758212286
2.0,2.4270375481827333
3.0,2.1953396964107665
0.0,1.8841294702039888
0.0,2.5154391430866485
1.0,3.9522537870362253
2.0,4.48503790546652
1.0,3.898687548089139
0.0,3.4643565783915293
1.0,3.180660905113216
1.0,3.0245320297672014
0.0,3.166140880051637
0.0,3.425851338635637
0.0,3.3889280371405834
0.0,3.392132904987067
0.0,3.0461652276282476
1.0,3.3134588847507906
2.0,3.579569335218357
3.0,3.415174841095174
3.0,3.1890001129132273
0.0,2.8750626396928727
0.0,2.9474310296391284
0.0,2.674609026270921
0.0,2.509798505262757
0.0,2.90783694014035
0.0,2.5457744197639203
0.0,1.7916294487569924
0.0,2.1354062875881987
0.0,3.034886559769018
1.0,4.586633630125064
0.0,5.042289856890223
0.0,4.09409397062751
0.0,3.2925016987705504
0.0,2.943368434242076
0.0,2.7259952875131868
0.0,2.7318375078170205
1.0,2.758538343073465
2.0,2.7020882914054734
0.0,2.7810597730886597
0.0,2.6421297714081957
0.0,2.8008748258113996
0.0,3.171342487123337
0.0,3.194564527273771
0.0,2.715513414502117
0.0,2.4183520947260098
0.0,2.398925306012513
0.0,2.0129212093341056
0.0,1.5966179679451558
1.0,1.780501542265001
2.0,1.7250862313679836
0.0,1.4901470034593238
0.0,1.422449234168207
0.0,2.6590476470199014
0.0,4.822168380198075
3.0,4.869381497345239
0.0,4.207346467555901
0.0,2.980908172685489
4.0,2.8529085762295114
3.0,2.888853803954523
0.0,3.102310206985784
0.0,2.367505996790712
0.0,2.515896049624022
0.0,2.3444724379489985
0.0,2.4887319903832137
0.0,3.05010083909042
0.0,3.142075264322904
0.0,2.979463127689927
4.0,2.664134947643771
1.0,2.488429389283983
0.0,2.395311760072947
0.0,2.4217464430535167
0.0,2.748969677059784
0.0,2.412921674816348
0.0,2.2258983444102887
0.0,2.3688579569861363
2.0,2.5579348141467304
4.0,3.5534934473832482
1.0,3.9879049922661984
0.0,4.260208126346578
0.0,4.063565949858514
0.0,3.775528462350387
0.0,3.665977469558359
0.0,3.4597818176490964
0.0,3.1360274824958907
1.0,3.040175832675559
0.0,3.4391207540484436
0.0,3.180089599747295
1.0,3.381677594817027
0.0,3.2761992227871626
0.0,3.025645602422959
0.0,2.8793978250003818
0.0,2.743173590234167
0.0,2.6038377596883513
0.0,2.4696773370401157
0.0,2.4225093312998545
1.0,2.389166517741463
1.0,2.331340759941393
1.0,2.1823512042056343
0.0,2.221367280194432
0.0,2.681353588783521
