y_true,y_pred
5.0,4.1126521287169595
8.0,3.671002845958332
11.0,3.8290560898443764
5.0,3.7711496560302122
11.0,3.54732565623904
7.0,3.6149252172320745
1.0,3.777360473718274
2.0,3.67779982295725
3.1,3.8812883472060067
0.0,3.7685659841342707
8.0,3.7592839759648276
2.7,3.1633016161187575
0.0,2.7986503880625078
3.0,2.9942686455818706
0.0,2.7418205603534527
1.3,2.5913779402509163
2.0,2.6099226597595724
6.0,2.3706273526880963
1.0,2.538899406385065
7.6,2.553102713844201
0.0,2.456592874719316
0.0,2.543431852704609
6.0,3.582377929964399
2.0,4.154221197395102
0.0,3.868330133281156
3.0,3.6129636673822314
4.6,3.3937297219067717
5.0,3.3617543736192768
14.0,3.4295014291404167
2.0,3.378678523791671
2.0,3.402979242340476
0.0,3.5483498360180277
0.0,3.166740671665362
2.0,3.0820330113652
1.0,3.059584114410774
1.0,2.666232846971779
5.4,2.417538279905282
0.0,2.3790116903352803
1.0,2.58218906406482
2.0,2.4217689034533896
0.0,2.315040877328479
4.2,2.4291710677679292
3.0,2.432875888835608
0.0,2.4238208552933065
3.0,2.6238608691821144
0.0,2.400335191701779
8.0,3.7445762796671094
5.0,4.072235038763824
1.5,3.877780591827357
3.0,3.75521684575527
5.0,3.7388879632212344
6.0,3.2858032310303478
3.0,3.139875890917443
2.0,3.092738940025228
0.0,3.092570212526086
2.9,3.3204194855066835
0.0,3.1746295690734283
2.0,3.2162793521431685
4.0,3.0242082693978616
0.0,2.5083719594566474
4.0,2.559342123131991
0.0,2.6595773811331305
2.0,2.548963952157558
3.0,2.825263742128413
4.0,2.697957015089534
1.0,2.8780331518451456
4.0,2.422279610654176
0.0,2.6984356994558096
0.0,2.3362183663176306
0.0,2.3774055633492215
1.0,3.7216648438746303
5.0,4.010191115856857
9.0,3.7976714034166332
0.0,3.672180368789736
2.5,3.534731148889369
5.0,3.3947050048510867
3.0,3.4214777435861707
2.2,3.246012035232145
2.0,3.1079308336319973
4.0,3.3405768160343734
3.0,3.2800825881622075
3.0,3.2117542830865915
2.9,2.9742554019354324
4.0,2.8392118859785835
0.0,2.839337885955197
2.0,2.378800320443076
2.0,2.548963952157558
1.0,2.7266895738142956
1.0,2.6553150381907944
0.0,2.585552165076115
6.3,2.6001885230463517
4.0,2.5618585756638703
3.0,2.544379246513257
1.0,2.594600180942197
3.2,3.9669743859504143
2.0,3.9221609932259525
14.0,3.9967621327076652
3.2,3.8594357209712715
2.9,3.4094624127090594
0.0,3.413905737765173
4.0,3.335258314324663
5.0,3.1867756848621305
4.0,3.2904802285455017
5.0,3.365481201893944
0.0,3.1475144261407113
0.0,3.189044212491272
0.0,3.18924348947226
3.0,2.595572782281359
3.2,2.437198357360784
0.0,2.7373636406160684
0.0,2.7728779058085484
5.0,2.8025400226525963
2.0,2.7550790473876683
5.0,2.6758663836430614
0.0,2.8994240167298146
1.0,2.8973608170181095
1.0,2.793206304636825
0.0,3.131083505629332
8.0,4.048056844839453
7.0,3.9632685576022557
2.0,3.751343865028155
5.6,3.458193025885329
0.0,3.177390973043566
2.0,3.3398950099615967
0.0,3.2570313507232025
4.0,3.2440810999413365
0.0,3.299929560407196
9.0,3.364376213551485
0.0,3.3914163429809157
0.0,3.346209029621618
8.0,3.3638191798052848
4.0,2.726110819919423
0.0,2.4747618630128456
2.0,2.60164567459112
5.5,3.0244524327306896
1.0,3.227005319981245
7.0,2.920162467427755
3.0,2.698612889004924
1.0,2.5325290444349746
1.0,2.770316670702024
0.0,2.691932677440912
3.8,2.533517558897741
11.0,3.497284345933764
6.0,3.787536940984336
1.0,3.695399534549806
0.0,3.7308621845197787
2.0,3.436982143515364
1.0,3.3755111041861245
8.0,3.342542425187266
9.0,3.6866494517955957
5.8,3.6855576451947596
4.0,3.5380654110012966
4.0,3.6008492327113584
0.0,3.5728714441737073
3.0,3.259793562611846
4.0,3.226786186086882
4.0,2.8396827880943962
6.0,2.8425191918314705
3.0,2.6802025804762963
2.0,2.768322427369342
3.0,2.66893554753101
1.0,2.557079641866342
0.5,2.565509496561635
3.0,2.482383799164649
0.0,2.2959919784822325
2.0,3.511133282204775
0.0,3.1920838048218174
4.6,3.3273297880109896
3.0,3.883905358538043
1.0,3.8259725152046573
3.0,3.3878296356992808
12.0,3.4839385643779313
7.0,2.987960478765278
0.0,3.006032134009629
11.0,3.1265896021714497
0.0,2.812885773341893
5.3,2.8092598674588642
7.0,2.429369191043332
1.0,2.5510603727214978
4.0,2.6246032847995426
0.0,2.7958972233429917
2.0,2.62437549253458
1.0,2.323166285385238
3.0,2.5361112345832892
8.0,2.4652496101569574
1.0,2.388383030449013
1.0,2.1742669980784677
6.0,2.231960102639267
0.0,3.547610963713328
6.0,3.1669559060672374
0.0,3.222942409264906
4.0,3.568349375807704
1.0,3.9031900386617804
6.0,3.90571042795458
0.0,4.3533743448714874
8.0,4.2612046210080425
3.0,3.8514434514594518
3.0,3.7816090814144694
9.0,3.7712536544933464
0.0,3.8075738106859625
4.0,3.376130381075125
1.0,2.7360637252752595
5.0,3.2360824068391754
1.0,2.681568244513085
0.0,2.6812943004891787
1.0,2.89944930104556
4.0,2.706055688854611
1.0,2.769613872917623
6.0,2.744697127054338
0.0,2.8058633148580863
3.0,2.626474300013811
2.0,2.487736181279888
8.0,3.5648163237473205
3.0,3.764485023708193
4.5,3.634349129294817
4.0,3.4148513047566675
3.0,3.6339685294911526
6.0,3.718650857180902
2.0,3.9277573138032222
4.0,4.085387998284286
2.0,3.9015877822536016
9.0,3.81155736812191
1.0,3.9976852152046853
2.0,3.6442656542391885
4.0,3.574817711892192
5.6,3.1517993753726428
4.0,3.1040970015750466
0.0,2.86246240783626
1.0,2.8609442369053304
0.0,2.3732813418711776
5.0,2.5381131964900336
4.8,2.7140467203437866
0.0,2.9486433061600588
9.1,2.7104222068512525
4.0,2.4410407817522493
0.0,2.9225476402150883
7.5,4.092369228288595
9.0,3.8380029285166453
1.0,4.035228508702873
10.0,4.407725801456393
5.0,4.5325259100737645
6.0,3.740880845387037
0.0,3.4271269085461773
6.0,3.1520644543172494
0.0,2.956378997281635
0.0,3.034828195936968
0.0,3.207745594161225
1.0,2.931452448660031
3.0,3.078290287447293
5.1,2.6112894650553606
2.0,2.609467937154871
0.0,3.182482930935292
6.0,3.2233306431455215
8.6,3.1914715545168333
1.3,3.0032255127844447
3.0,3.1419469138793326
0.0,2.9031953081969193
4.0,2.9871536388745983
0.0,2.597547430778812
6.0,2.7781862614146444
3.0,3.901414767979335
5.0,4.0412375535514204
0.5,4.102656656028802
9.0,4.284650841644517
3.1,3.515486187134817
1.0,3.851470100884209
4.3,3.9861799412648975
8.0,3.3894160337536356
0.0,3.701240784729468
9.0,3.2002257724664256
5.0,2.9984679107663634
0.0,3.3667867604647346
4.0,3.2076294842369433
1.0,2.5866819268567296
0.0,2.6455947200186887
0.0,2.717334660779608
0.0,2.678370913833333
0.0,2.8021369157167415
5.5,2.631548061930535
3.0,2.6936290318353096
5.2,2.719439859981693
5.4,2.8031792649695855
1.0,2.777878798235741
5.0,2.64811636809892
6.0,3.6868617590653647
13.0,4.238576481004951
3.0,4.043603077762626
3.0,4.17468005907456
5.0,3.4954999915804903
1.0,3.3913815208383133
5.7,3.508241466451615
4.8,3.6652116894610756
4.0,3.75559431596512
5.5,4.005316361377681
1.0,3.8323408350739063
3.0,3.5888811979822894
7.0,3.498557098828394
5.0,2.8504312761994703
3.4,3.106120700034744
2.0,3.085251267140349
1.0,2.816414420966568
0.0,2.4876034558838596
5.8,2.4295611418979624
5.0,2.707681328174641
3.0,2.435072779892637
0.0,2.7635216479001166
4.0,2.6676997561293145
0.0,2.5492471274483366
3.2,3.767538174216521
6.0,4.056995388046977
5.0,3.670578159161803
6.0,3.6834009884115355
6.6,3.1923499590330504
1.0,3.1676250267295885
1.0,3.4041467356321533
0.0,3.032136538732948
9.0,3.2636955580780573
3.0,3.3447406127021573
4.0,3.0791839588124996
0.0,3.116015890368709
3.1,3.109258527916845
2.0,2.651686248036018
4.0,2.536250800625597
3.9,2.4707248096851044
0.0,2.369891918607622
3.0,2.3536379329222186
1.0,2.4595844653830503
0.0,2.35893729049254
1.0,2.7007654084723094
3.9,2.619022480716497
4.2,2.0831017249238126
0.0,2.1504285649570183
1.0,3.2281686898426445
0.0,3.0827453941369427
0.0,3.349013196819103
4.0,3.5859016160137456
3.1,3.5058374926378426
0.7,3.3078742493445463
4.7,3.24296262102704
3.0,3.2559656473748824
0.0,3.1872763320085102
0.0,3.3466686458265005
4.0,2.944391188025201
3.0,2.9677095387187733
0.0,2.9460237159673968
3.0,2.559503702616143
7.0,2.69500413619419
1.0,2.553518050249546
2.0,2.5305999412862614
0.0,2.296730350504323
2.0,2.153788179306335
0.0,2.0942441393656868
0.0,2.1671152047934017
0.0,2.120805288823182
3.1,2.2046185880823046
1.0,2.1960545136818954
0.0,2.983813066858514
4.0,3.119244676026507
1.3,3.3837257900956885
3.0,3.3439463761863397
0.0,3.2305484860975886
0.0,3.1694195530975047
0.1,3.221299605937349
1.0,2.9155028913605485
3.0,3.036721531114375
4.0,3.19479231455769
2.0,2.9799830247123014
2.0,2.799699105467408
3.2,2.9673060002123726
1.0,2.7624015898403176
0.0,2.764103538388405
4.0,2.445088354829531
2.0,2.5413319600986726
0.0,2.4937087530974447
2.0,2.702676567322216
2.0,2.3897120374560945
0.0,2.907924410363652
0.0,3.177779192752258
3.2,2.9329876195929474
3.0,2.70948861936829
0.0,3.883583475450144
3.0,4.28363792838902
2.9,5.44175876230436
8.0,4.523155809167118
0.0,4.0602367904544545
0.0,3.7451198784125217
0.0,3.98281915492717
3.5,3.601828837775665
5.0,3.5661420372069497
4.0,3.657349336501856
1.0,3.2764823284890316
1.0,3.503311661106142
0.0,3.5812728777452283
0.0,2.9798959428852143
0.0,2.8169239559034533
2.0,3.1840010860982715
2.8,2.9886764387065337
2.6,2.9895043857688433
2.7,3.0815150289276283
2.5,2.538639121189492
2.2,2.67170180827477
0.0,2.5907055345993113
5.0,2.2745043610480846
0.0,2.5383381934678475
4.0,4.096331755201688
4.0,4.051110811899824
0.0,4.172070780375131
2.0,4.214768607236333
1.0,3.8135405407131553
2.2,3.840751087159552
2.0,3.5578786356953587
3.0,3.162570469303808
7.0,3.0987125983495427
2.0,3.246273380063931
0.0,3.1735588682508062
4.0,3.0988324645335372
1.0,2.5921419969825368
3.0,2.4956659113313004
4.0,2.3791535403340838
0.0,2.3112270879555226
4.2,2.2277439486685346
2.0,2.3417151152064513
3.0,2.3636127462066616
3.4,2.4564440910543395
3.0,2.5729050989177944
1.5,2.601465261778013
1.0,2.2001560659760675
8.0,3.0414843834885876
6.0,2.675826752675528
1.0,3.227994927977714
4.0,3.3814009554057187
8.0,3.360808454576173
3.0,3.2907999137354453
3.1,3.2442509096830863
2.0,3.156720350014586
3.0,3.1390453891290098
5.1,2.998793997701551
0.0,2.8853919535884467
2.0,3.120065430410614
0.0,2.7962414721355207
1.0,2.375038384177705
0.0,2.2501227239953363
0.0,2.2505529133913798
0.0,2.2701671450117358
0.0,2.1744771743316638
3.0,2.1310792083693237
1.0,2.1509260798987793
3.0,2.3798594475994017
0.0,2.503258478653785
2.0,2.4515545464174684
4.0,2.4515545464174684
3.8,3.2964423966544687
0.0,3.472610296976722
2.0,3.840906000245374
4.5,3.9946816683854327
6.2,3.9136662901264048
0.0,3.4980875957559436
0.0,3.3946983883924853
3.0,3.479570720267978
1.0,3.0959695895309975
5.0,3.230487478479062
0.0,3.4626234475378923
2.0,3.3695923063001993
0.0,3.407585417341197
0.0,3.194726368100079
3.0,3.2680766960447185
0.0,2.4970524697548404
6.0,3.1097548708314173
3.0,2.7732309130248085
7.0,2.6324701131801618
2.0,2.922376623793461
4.0,2.5994863797735595
4.0,2.661459572367225
1.0,2.9326522950251808
0.0,2.4608951626627835
1.0,3.521940987609842
0.0,4.0154154330233585
5.0,4.123022770291402
3.2,3.904311731281896
1.0,3.5636517103264347
3.0,3.3427654301664766
0.0,3.2919448250639447
0.0,3.2056244096330606
3.7,3.4949085172011887
5.0,3.553022814502888
2.0,3.9629076271511416
4.0,3.852214343970529
2.0,3.373629117757849
7.0,3.0671252158814912
0.0,2.8150091212474724
0.0,2.58412806251491
0.0,2.565726831736344
3.0,2.796185994578995
2.0,2.702349182336348
2.0,2.4779262888600666
2.0,2.6319717708182377
5.2,2.6538319664584216
0.0,2.6505024074198493
0.0,2.6364765980537546
3.0,3.5463382760122606
1.0,3.803119546855116
9.8,3.8515176353473612
3.0,3.9682076683844922
3.0,3.3544745682677424
0.0,3.280815395959233
3.0,3.418922183534536
0.0,3.2554354512615538
0.0,3.5524657901154026
7.0,3.399316085006087
3.0,3.4364906213368167
3.2,3.4066295507085873
5.0,3.1129819369796716
2.2,2.839875343219901
1.2,2.702624064398803
0.0,2.813089408153842
2.6,2.570725345215034
0.0,2.5516756941402776
2.7,2.5303623419461463
2.0,2.5993764698097506
2.0,2.8313111841522733
0.0,2.6757035327629097
4.0,2.3970286293972576
0.0,2.625991074569443
3.0,3.3727201513919023
3.0,3.5853602333739527
3.2,3.8460515212075377
0.0,4.27429677255896
8.0,3.5096334744637154
1.0,3.396997257017099
3.4,3.488784486307371
3.3,3.4012796770765035
1.0,3.178447899178938
1.0,3.121838837645282
3.0,3.086370727974802
5.0,2.949573216291378
3.1,2.712071552574525
0.0,2.576219804742308
2.7,2.4619309771374347
0.0,2.337584612190213
0.0,2.3665049190152336
4.0,2.624095114722386
4.0,2.5433504355055505
1.0,2.52596446086964
2.0,2.3479393141644005
0.0,2.4195391215918605
3.0,2.4021530497636734
0.0,2.3159647288383756
0.0,3.420217939337696
3.2,3.6265372770271846
7.0,3.705948497933925
6.0,3.9769014683132644
5.0,3.5501823554229
1.0,3.481737980527885
1.0,3.283201941988415
0.0,3.301684280332898
1.7,3.2844413827007917
3.0,3.130019265060046
1.8,3.029576626920215
3.5,2.8972325455490413
1.0,2.8184843312326717
2.0,2.967919145433929
1.0,2.727961765547186
0.0,2.9311148921295724
2.0,3.174449632467551
7.0,2.901875450856968
1.0,2.7107771179616136
2.0,2.529899098388593
5.0,2.4951981315954117
2.7,2.7309501681141772
1.0,2.9766440409094823
1.0,3.6956374374890433
9.0,3.569007229150517
3.4,3.875036172100791
3.0,3.9419652309662037
2.0,3.8302849420583005
2.0,3.464136738358004
2.0,3.5180037355534988
0.0,3.26318028229754
3.0,3.2095128013551935
0.0,3.2257921919402497
2.0,2.92594720967508
1.0,3.043871329226823
5.0,2.920534506307983
0.0,2.6214731734037056
0.0,2.4587478512835874
2.0,2.731415002417843
0.0,2.8475407805048123
0.0,2.7724529618968847
2.4,3.0113450555272805
2.9,2.8708368345141926
2.8,2.979691644685174
2.6,3.024345026895528
1.0,3.0634443057648375
3.5,3.068850444595926
0.0,4.115661805143581
0.0,4.073376896424357
3.0,3.887785785205275
0.0,3.8588520766259857
0.0,3.5329008167065297
2.7,3.6231607222191355
3.4,3.6149398086745905
2.0,3.6016116112574608
0.0,3.623714994385379
0.0,3.5344027623281327
1.0,3.5018782589483335
2.0,3.4930941323728737
1.0,3.493258405134058
0.0,2.9978172156921965
2.0,2.9813281408772814
1.0,3.211064746492362
1.0,3.2204229620674414
1.0,3.100745055223901
0.0,3.0299344891009103
3.6,2.8963552131560495
3.6,2.702722753691747
4.0,2.641786327326323
3.0,2.6096643360385725
0.0,2.626969222926313
0.0,3.339877000974668
0.0,3.5624940474071445
1.0,3.7244854876813394
2.0,3.6806882911606573
0.0,3.673889974877309
1.0,3.5173476728161246
1.0,3.408403873867198
5.0,3.340663880000131
3.0,3.230920763955825
0.0,3.3632512446814005
0.0,2.8695512973553052
2.7,2.950652115922443
0.0,3.2714933590934856
0.0,2.749020595183363
1.0,2.971371539112315
0.0,3.2852803329555518
2.0,3.013208802722331
2.0,3.114943084251802
4.0,2.897978865441553
0.0,2.876060695609795
1.0,2.6021955421715313
0.0,2.7508486180831806
0.0,2.5813606351822687
0.0,2.6571095894567787
5.0,3.579786147451997
2.0,3.7211109366429196
2.4,3.7441338798536634
0.0,3.856064887932099
1.0,3.627385179749866
10.0,3.668167399983211
7.0,3.8147693498937256
3.0,3.783051260672213
5.0,3.905504066510214
0.0,4.454968567463268
2.0,4.440025540739782
2.0,4.511406491536042
2.0,3.8145151378861275
0.0,3.7820824341950705
2.0,3.338810504012553
6.0,3.7331311102103117
1.0,3.5750257264883887
3.0,3.3030773405918366
2.0,3.599911123202413
2.0,3.530579398490568
3.0,3.3889874495899193
0.0,3.3634707304122404
2.0,3.858721139618651
0.0,4.311568538456012
7.0,4.2125624262506625
1.0,3.9890879058001767
0.0,4.074450127089279
3.0,3.708307959487999
1.0,3.5973956618519964
5.0,3.3263434132923537
11.3,3.5019527592549338
1.0,3.3427634850214436
4.0,3.2899845214889947
2.0,3.1732116210318444
0.0,3.1872520729494465
0.0,2.7684356737298637
2.0,3.1933797034546814
1.0,3.2355990558263352
1.0,3.11175077809933
0.0,2.955634505535231
3.8,2.537383092832358
1.0,2.689556106723956
4.0,2.7922949709315503
2.0,2.9744761986889543
0.0,2.4588531722322036
3.5,2.762218443377703
3.0,3.7121842636642475
8.0,3.6969786580038972
2.0,3.954052941079081
3.0,4.150017731380893
4.0,3.970169366901594
3.0,3.627740159955202
0.0,3.2795125927765834
3.0,3.527039950271745
4.0,3.698046568016893
4.2,3.7149333021079616
0.0,3.759256110763973
2.0,3.342836375091095
3.5,3.579210653286273
4.0,2.9904164584618407
3.0,2.7932899444310344
2.0,2.875557633311381
0.0,2.751003411977621
2.0,2.8783417670124867
6.0,2.809714578016694
3.3,2.573151818317578
1.0,2.504812053612765
2.0,2.9063375802106126
5.9,2.6012321260511224
0.0,2.8041164936890164
8.0,3.8786120278365384
2.1,4.175650573253862
2.0,4.06418453283269
0.0,4.0048534318802504
3.0,3.708161945137292
0.0,3.4897918124891976
1.9,3.288326040912138
0.0,3.576833213062591
3.0,3.696023379681098
4.0,3.8812244098959114
3.5,3.9754744285906805
2.9,3.412190123363212
3.0,3.288417534895093
2.8,3.236915501084341
1.0,3.2032516627308683
2.6,3.142693635068928
0.7,2.7874032326015707
3.0,2.7866504745949565
2.9,2.665589682273244
2.0,2.6863255096046217
0.0,2.9545281133129517
0.0,2.7643009990043863
3.0,2.9114979129409275
0.0,2.9690077994302633
0.0,3.799439608128437
0.0,4.283440049845943
0.0,3.9761554028081076
2.0,3.8405845614839826
0.0,3.6451214991102563
6.0,3.614198392246665
0.6,3.5923297223164705
10.0,3.7312332392422967
3.0,3.6851281493426735
2.0,3.4674800519676707
0.0,3.6251147287504253
3.0,3.5358967912016825
3.6,3.002236446375007
6.0,3.0144844855353363
3.5,3.016109680856507
4.0,2.9383430949494738
0.0,3.297109284225739
1.0,3.2195996250684895
5.6,2.756799336647452
0.0,3.01500775681251
1.0,2.810767181103702
0.0,2.6828908153595656
0.0,2.7522339051459848
2.5,2.438184204532944
9.0,3.540560096062919
2.0,4.26125618999672
7.0,4.186074791338551
6.0,3.912470571011105
3.5,3.406520823697635
1.0,3.249443845837203
0.0,3.5409465367251878
2.0,3.6196211447320925
4.0,3.6055318636444933
0.0,3.738898058148193
3.6,3.6884950697679173
3.4,3.1373295187928623
3.0,3.153461172764788
3.4,2.9258482079363675
4.0,2.9254760373202267
3.0,2.938211070019976
0.0,2.823883357105066
0.0,2.9786554810908434
7.0,2.767648046966849
4.0,2.5907478387791416
2.0,2.950407115261433
0.0,2.501325120489426
1.0,2.6015155451378584
0.6,2.9415459708354863
2.0,3.4254198634421895
20.0,3.764713575888428
1.0,4.1051542406597585
2.0,3.927485053905588
3.2,3.549798696444225
7.0,3.4600567956438133
2.0,3.5317426781571464
6.0,3.276332279384585
1.0,2.823853822433415
1.0,3.161020217089607
3.3,2.901159617265178
3.0,2.483141542564238
3.1,2.7456641762014433
5.0,2.5521400019538847
3.3,2.560474733306571
0.0,2.4020057782910533
2.0,2.608187616956984
3.0,2.6084050415839752
2.0,2.7710072960740377
0.0,2.576668273033884
0.0,2.7737060553806994
0.0,2.9618137268288525
5.0,3.598263036345628
5.0,3.37963554943092
5.0,3.9375553472885887
6.0,3.802282376130763
8.0,3.9681551243724194
0.0,3.346026872745925
3.8,3.520762669849617
0.0,3.2667074933951206
4.8,2.9336063683598317
1.0,3.2433526613285086
2.0,2.9415700192080583
1.0,2.7942140813426177
3.0,2.8599903279431165
2.0,2.7459478533010797
0.0,2.553295580841726
5.0,2.5204643007976024
1.0,2.3465760536826696
6.0,2.3433008842578684
4.0,2.3914323514033837
4.0,2.570495377173167
2.0,2.553226996839069
6.0,3.4651898454104098
0.0,3.217653268672365
3.9,3.762670713464377
2.0,3.419382169012048
5.8,3.322878855037233
8.0,4.006956130210561
0.0,3.755859023470117
4.0,3.6266984306123757
8.7,3.756725650302393
6.0,3.628840966478731
3.0,3.3452289903456958
0.0,3.1056502491601976
2.0,2.586267689187094
3.0,2.7468329487848497
5.0,2.348948410040101
1.0,2.2619685068021846
2.0,2.296122182779642
7.0,2.300912699706896
4.0,2.2728010808058308
2.0,2.421018270599841
0.0,2.8572693707037318
6.0,2.9458471712830554
3.0,2.857478710180669
1.0,4.180900093484793
3.0,4.330133183136398
2.0,4.141024277238681
2.0,4.318564311933619
6.0,4.108613846905403
0.0,3.9150868525160347
4.0,3.6724720357787217
8.0,3.2754340670318984
8.6,3.766012644899031
6.0,4.053350380973475
1.0,3.4973235022016684
4.0,3.7171086800544213
0.0,4.045643395384288
3.0,3.105591822059548
2.0,3.2155940520179604
1.0,3.3287049802547712
0.0,2.7462822446397746
2.0,2.807097246736515
3.0,2.56986480772812
3.0,2.6409048424169046
5.0,2.272882238780572
2.0,2.4412144469566788
3.0,2.242637052828716
2.0,2.4151855958175563
1.0,3.538137652527285
10.0,3.69753761137133
6.0,4.430246855088236
9.0,4.432672708902664
1.0,4.270594796098471
7.0,4.078113078441624
1.0,3.846950604272242
10.0,4.135541754431358
2.0,4.322170752347924
5.0,4.394047406363464
3.0,4.000169300581803
1.0,3.970236712734379
5.9,3.898802640076475
9.0,3.761459288537902
5.0,3.340186343061077
3.0,3.417803036526016
7.0,3.136290787552857
5.0,2.6883610410428145
2.0,2.5486408923791366
5.0,2.559323381715036
5.7,2.9197675454440515
4.0,3.010178502021409
3.4,2.4479047539597882
0.0,2.6001853968404984
0.0,3.4301310781405823
4.0,3.70492267490867
10.0,3.982309151471121
5.0,3.833006159376377
7.0,3.8585521114677697
3.0,3.657204360424455
3.0,3.653586556977928
8.0,3.6147305467335875
3.0,3.748487008581475
3.0,3.613522191481922
3.0,3.3810862278285687
3.0,3.207391912598256
4.0,3.172453299602515
4.0,2.589421310849349
0.0,2.795647651135081
1.7,2.8245994397936576
1.0,2.6385482006976484
0.0,2.6952902817865976
2.0,2.763820390259836
0.0,2.4525716026235775
2.0,2.4525716026235775
1.0,2.5369870287897207
1.8,2.4704974918833025
0.0,2.7964619316177153
2.0,3.798726457419441
5.0,4.293828328538486
1.0,4.1439204327323145
3.0,4.093353392318643
4.0,3.673652421911542
0.0,3.544688830670443
3.0,3.4319005688582034
3.0,3.49251618645499
1.9,3.4180385414599095
0.0,3.402669162499524
1.0,3.4451580012826923
1.0,3.279430229338844
2.0,3.3596810196955267
2.0,3.270754289284223
1.0,3.032449135626305
3.0,2.6641739500954458
0.0,2.540308093270967
4.6,2.828779986399605
3.2,3.0033957077448026
0.0,2.580798795933266
3.0,2.881320607772571
1.0,2.6789439535323734
5.0,3.030210060344114
0.0,3.2524283651850556
9.0,4.188318061087764
1.0,4.33279433887748
1.0,4.089549980605316
6.0,3.919514985316623
3.0,3.8729068515379246
3.6,3.728648311515279
4.0,3.8291625670184573
0.0,3.7371932812853856
1.0,3.960133643534754
1.0,3.3089430896538294
0.0,3.5065476570134635
2.0,3.4994135912077717
3.2,3.354965140847723
3.4,3.128373480741806
3.3,2.728686517698056
2.0,2.80030575675661
2.0,2.9215441469421406
0.0,2.904413849668132
3.2,2.7163981971639046
2.0,2.773807195090073
0.0,2.6702544319880803
3.0,2.5248382848602695
0.0,2.639921966908452
0.0,2.368541957824316
6.0,3.3814100186213207
8.0,4.036718156315415
6.0,3.7401751946517487
1.0,4.167319492354492
6.0,4.0488340870871244
2.2,3.8956678609935094
4.0,3.8258913586305
0.7,3.7476974898728153
7.0,3.721531583711585
1.0,3.500676195554232
0.0,3.7821179058846774
0.0,3.783693580101871
2.0,3.662849931371354
1.0,3.5690086493715785
2.0,3.40404470281909
1.0,2.854440490782361
2.7,3.296052778171362
3.2,3.533848394460051
2.0,3.1832270284855695
1.0,3.05370643907791
0.0,3.354034793016545
1.0,2.7770401153247195
3.1,2.872800779371107
3.4,3.0708903503366685
1.0,3.7083929923765258
4.0,4.093626937320368
1.0,4.133457871531625
5.0,4.145854161430279
3.0,3.8661144046763014
1.0,3.8272223429851104
6.0,3.8216555958420266
5.0,4.118230594493881
8.0,4.2252418246081795
3.8,3.9806133737462273
3.0,4.0512087800895955
6.0,4.436015454222556
4.0,4.5914119545159
6.0,3.6117755092124675
4.3,3.3959012494533662
5.0,3.3312935131293173
0.0,2.9831899303008083
0.0,2.8606064109908584
6.0,3.385557068353622
4.0,3.250426948370994
5.0,3.4021974433013993
2.0,3.293688799161405
4.0,3.025514004078052
1.0,3.0375895024413166
0.0,4.2545737644645065
5.0,4.548379600121814
6.0,4.471489891974189
0.0,4.416372394014718
2.5,4.461045548789241
6.0,4.291787673614386
1.7,4.190532748931163
1.8,3.96633744932456
2.0,3.941932776483774
1.9,4.2647911079951255
0.0,4.065581071897712
3.0,4.186047011624879
6.0,4.344741164335267
5.0,3.721049587719483
4.0,3.6440535924420407
0.6,3.5945145212231173
2.0,3.4385708998629143
4.0,2.843373805355833
0.0,2.6106659770489107
4.0,2.635451565661702
0.0,3.0695770525766046
0.0,3.2735789703882574
3.0,3.3654133583773156
2.4,3.096449014686329
3.0,4.745902866387348
12.0,4.816518491398623
3.0,4.762115888637674
4.0,4.831094410101407
5.0,4.7123367507492535
7.0,4.2347482342774825
0.0,4.04681373616689
5.0,4.325425785105346
2.3,4.436224896176837
0.0,4.304085571656776
4.0,4.431103636464928
3.0,3.6595676124738263
2.0,3.941215333172134
3.0,3.6970169067610796
8.0,3.5818008519736764
3.5,3.683041560800459
0.0,3.1664262498972597
5.0,3.3681673153027782
1.0,3.196455004036952
3.0,3.4240140973947564
8.0,3.188058080486218
3.3,3.1514977136651017
2.0,3.1365158285838577
0.0,2.6814320965738156
12.0,3.969861517379144
3.0,4.279585862970971
3.8,4.457539724582864
0.0,4.360511355445153
3.0,4.13381958133669
4.0,4.024795667512785
3.0,3.914736402772475
6.0,3.691824568576107
3.0,3.570647396925396
0.0,3.6599043646750067
5.0,3.9811269887206056
3.0,4.101664311870592
3.0,4.048421526237658
1.0,3.862961240794165
6.0,3.831522100071379
0.0,3.0459090063857066
3.6,3.098910775077391
4.0,3.29938767195293
0.0,3.363203767380578
2.0,2.588434841428279
1.0,2.681030391580488
2.0,2.750655216262648
3.0,2.5737424810541634
0.0,2.448558933548036
4.2,3.512317817942785
4.4,4.2095654300219305
5.0,4.345027695776902
4.0,4.412570012561425
4.6,4.257199175073592
0.0,3.9344143147741364
6.0,3.8255603291263083
4.0,3.7897716673173756
0.0,3.947157993569914
4.6,3.7892309054542537
4.0,3.9433633111792203
7.0,3.6803433944643684
5.6,3.5548313209689093
2.0,3.659259049031573
3.3,3.2671560930512977
0.0,3.0054823489461766
3.3,3.0390666109115525
4.5,2.77447122243271
2.0,2.794877953491628
3.0,2.868692570467029
2.0,2.495678234454068
2.9,2.5151041635775995
0.0,2.519114223511547
0.0,2.4152809401994677
2.0,3.5755657987204104
3.0,3.3394064562791583
8.0,3.884882757611954
2.0,4.16736687079914
2.0,3.7619692112366843
0.0,3.985178162756034
0.0,4.481743839443856
7.0,3.851834778673144
3.0,3.656509243796406
3.0,3.7113081792797726
5.0,3.009174303009412
4.3,3.5069706707688995
0.0,3.4486090283561
0.0,2.6666058548846565
4.0,3.02929115117469
5.1,2.8806442153902734
0.0,2.9558412883535805
5.1,2.7255345152576966
4.7,2.7762323898272325
2.0,2.6721708052905306
4.0,3.303143944838672
11.0,3.273421977874874
5.5,3.4732407299193517
3.0,3.8921545754041875
0.0,4.152312417027373
0.0,4.822308919940671
17.0,4.998844036692709
4.0,4.381565870302177
4.7,4.004968535358065
5.5,4.208693925678691
0.0,3.7056013340316922
20.0,3.578960075378498
12.0,3.996454689679692
5.0,3.6079366620275004
0.0,3.793151912246733
6.2,3.7452732605175396
3.0,4.02481715134045
1.0,3.4645651829242916
3.0,3.5487350567674567
19.0,3.3735698834600916
0.0,3.027327347843965
5.8,2.5521280337738066
0.0,3.3684104156421926
4.1,4.391963235071941
3.0,4.01433542608624
5.1,4.196644382741108
0.0,4.183147300074368
1.0,3.947655384421597
3.0,5.211857203321131
13.0,5.556989184661327
19.0,5.116188788396402
3.0,5.132327796483644
3.9,4.735923931117209
23.0,4.241833531683605
6.0,4.559458661362523
7.0,4.672194690335919
21.0,4.29013572514716
7.0,4.420423934284334
11.0,4.681133316085694
9.0,4.6722427638878745
23.0,5.006137682733631
5.0,4.750384186200885
5.0,5.182809455241181
22.0,6.2712400958274035
9.0,6.219674152879755
25.0,6.588386509488427
6.0,6.013725796990658
5.0,4.81438382979675
6.5,4.804725551123003
15.0,4.323653808404817
5.0,5.240604417308026
4.0,5.085511104469687
8.0,6.029194087277501
4.0,6.321787333567069
10.0,6.070878110855413
0.0,5.847042725416157
9.7,5.177384431385393
13.0,4.922970944403697
1.0,5.0391933449207205
1.0,4.962763099805117
0.0,5.023508992733985
7.0,4.769644859476413
16.0,5.194388480035717
0.0,5.134192169411775
4.0,4.880491409165408
25.0,4.78735248198075
0.0,4.869342269023548
5.0,5.111851646580521
4.0,5.6121431610487935
6.0,6.403086224265045
6.0,6.2530008654703915
6.0,5.5329801743707065
8.9,4.961418069609358
13.0,5.456269760959252
6.1,5.4139966613438615
6.0,4.69259937930913
8.0,5.147943338419253
13.7,5.6978717365757
3.0,5.461749883909576
1.0,5.477039004501917
9.9,4.981033935683762
3.0,4.5563395120321415
10.6,4.473583035014514
3.0,4.151108752488377
3.0,4.188726548267304
2.0,3.926441639314304
5.0,3.9810946482135314
1.0,4.19787553823401
4.0,4.406563152118698
3.0,4.071702027113964
4.0,3.9739406848959176
5.3,3.300131181627836
9.0,3.4261587692580933
2.0,3.446575949752429
0.0,3.0529020379285132
6.0,3.0809169340501623
2.0,3.0303542356090416
4.0,2.6607002522301535
6.3,2.9643185232486817
0.0,2.9658862905914036
1.0,3.7323228868025042
3.0,3.5257458476876065
7.0,3.9151733124105754
0.0,3.891939201584721
7.9,3.796782517632816
3.1,3.517651458592667
1.0,3.3287599431942207
5.0,3.3788400566421517
5.0,2.9569626061336898
0.0,2.9267240985993936
0.0,2.944109308076585
0.0,2.6718924036096294
3.0,2.491701907749877
2.0,2.5145848884129296
7.9,2.7409773664060255
0.0,2.73594907067644
4.0,2.527578252232675
3.4,2.5925432019840016
0.0,2.499964633606218
4.0,2.6233076376092894
0.0,2.899107808813228
4.0,2.999257119909505
8.0,3.5245463338443224
7.0,3.632772280137996
0.0,4.0989668412953115
3.0,3.6762828975312063
0.0,3.829995267710205
3.0,3.1854314240710115
9.0,3.292402020368524
2.0,3.407623499176179
10.0,3.1749747397326935
7.0,2.9702175702682947
8.0,3.019811831863983
1.0,2.8748934847024277
3.6,2.781109813070788
6.0,2.910682804562528
1.0,2.7821850624358113
2.8,2.6291290075751284
2.0,2.6319996251177415
2.0,2.537846804722252
2.0,2.702152451202146
1.0,2.75754295350758
0.0,2.822911077956291
2.0,2.7065135653394075
0.0,2.893122822116935
2.3,3.7226277875204916
4.0,3.916724071741317
3.0,3.7236007328845213
6.0,3.2869058776666167
3.3,3.477038255079683
10.0,3.5884182781586436
2.8,3.3393081826629722
0.9,3.400480084974702
0.0,3.0348860256290906
0.0,2.987625819004655
1.0,2.9542309886694635
3.0,2.8138647267150456
15.0,2.4365831151889004
0.0,2.5529393294107594
17.0,2.6515400715500737
2.0,2.5563381656642035
0.0,2.545466546146194
3.8,2.4379720031340426
3.0,2.8725363666434944
6.0,2.743313080744913
0.0,2.399266177349509
4.4,2.532781318372011
4.0,3.5322817314391184
10.0,3.525141587270874
6.0,3.615177677810577
13.0,4.000903120682593
0.8,3.6299504039824457
5.0,3.5159148110000187
4.0,3.7748081496112067
3.9,3.7541447300201534
3.8,3.7712327863984587
0.0,4.306176312077751
3.0,4.279131417652113
2.0,3.758722067420711
25.4,4.282418669912318
15.0,15.875248436183332
39.0,21.309492653791942
21.0,8.425318448592519
3.0,7.953571778259655
0.0,10.122370670857114
2.6,7.382204062982181
4.0,8.262866183644363
2.0,8.663344191875142
0.0,4.048500797139618
16.0,4.879751757399501
4.7,4.724005117517774
19.0,5.725452911164927
22.0,5.4212827975820135
4.3,4.779986113117574
20.0,4.031152311336742
16.0,3.833004474796571
2.0,3.7072149871513553
1.0,3.7296903589273303
5.8,3.493790215163364
0.0,3.370270163425661
2.0,3.432797803853638
0.0,3.417647715266478
2.0,2.8959328812611735
9.0,2.915076421190231
3.8,2.6208034087626624
0.0,2.6897655127447027
2.0,2.849568015489848
2.0,2.775764528206418
2.1,2.7036138414169555
3.0,2.837278419091719
6.0,2.774875749767939
2.0,2.6232652730608073
4.0,2.7299683113995847
3.3,3.7597561600885547
10.0,3.962768443457498
0.0,4.482226412939975
9.0,4.053089833623236
4.6,4.203240487243453
4.0,3.672333231070905
5.9,3.6658151292019845
10.0,4.0842865436765905
0.0,3.6925916332267747
9.0,3.6635867291609174
4.0,3.9997552006711663
5.0,3.9336613622073164
6.9,3.4429634621603773
5.3,3.3526613537990735
3.0,3.1173697525158017
16.0,2.9923378012173347
3.0,3.19404540356588
4.0,3.0644858470185596
2.4,3.036471109625957
0.0,3.291729596018607
0.0,3.3031637364407733
4.2,3.1034286685760897
8.0,3.0099654301880867
2.0,4.219062898182381
16.0,4.9779856144211445
2.0,4.704420971648428
11.0,4.963800503955867
0.0,4.357391924232356
0.0,4.247750258760247
4.0,4.137604326087891
11.0,3.9914134743698635
2.0,3.999570508732654
6.0,4.287112230172655
0.0,4.869283484215779
3.0,4.863925440267898
2.0,13.442622962989903
7.0,15.612632634122384
0.0,14.424091239625437
15.0,16.176331485664367
7.0,17.667672058479415
8.0,17.875608896912937
4.2,11.524766737600734
19.0,11.976985303483183
5.0,8.974057746419717
8.0,9.54526545895028
4.0,10.249760411525202
6.2,9.747478759294133
4.0,10.323754769540967
15.0,7.056703583258867
9.0,6.874528812782607
9.0,6.177378701639187
15.0,5.880813168499829
3.0,5.199663951348342
5.8,5.278008575605105
6.0,7.303661091399692
3.0,8.26454210058225
9.0,9.355377329229269
8.9,7.116518100417432
10.8,6.756295194847399
0.0,5.07899954732144
18.0,5.077115588839139
2.0,5.442595568303308
2.0,5.13205871551695
0.0,5.376775574309094
7.0,5.464353276670588
0.0,5.7443450336971305
0.0,5.62772841804425
3.0,5.328294634886582
0.0,5.345817489637549
1.0,5.343199820353683
19.2,5.593291645718477
7.0,6.2892202915397455
16.0,6.145507289129093
3.0,6.866164779988383
0.0,5.782883732510585
9.2,6.701247252446017
4.0,6.050467035111221
2.0,6.052103632854119
4.8,5.014022951165785
3.0,5.313969034890547
3.2,4.698369433984386
0.0,4.334260552001397
2.0,4.38281636131633
1.0,4.154046544507652
3.0,3.844687378320833
11.0,4.219752375669957
6.0,4.204318209174882
0.0,4.016375732118415
4.0,4.330720786290464
10.0,5.034174127946212
11.0,5.406365149930536
2.0,4.7810398038563875
3.3,4.641694925735002
1.0,4.203665813170858
8.0,4.315681510904826
0.0,5.066416534257605
5.0,6.070848748414085
9.0,5.537021052370652
3.0,5.625551909745362
7.0,5.337928968824929
0.0,6.350718470631531
3.0,6.390740163667368
1.0,5.783585808999064
10.0,5.551844705339408
0.0,5.238154183902253
0.0,5.375911100827648
5.0,5.300605045611661
0.0,5.15712886840362
0.0,5.394748006916913
1.0,5.10019216239695
5.0,4.400269496926671
0.2,4.237810608279206
1.0,3.9672911822546215
4.0,3.844030986424557
15.0,4.035016086381641
22.0,3.92035175435305
27.0,4.222106885690063
0.0,3.904483014279577
11.0,4.234871754269294
3.0,4.560812854469963
17.0,5.427997441128874
3.7,5.555334666831205
5.0,5.557481682967311
6.0,5.250519313735458
9.0,5.3816382467178085
4.0,5.000420977285346
10.0,4.926777887855799
7.0,4.8633743152731315
4.0,5.609680385340756
6.0,5.158103944203514
5.0,5.133599074564706
3.9,4.968691306383861
1.0,5.385235227681617
0.0,4.759208630105449
0.0,5.0515489910401605
4.0,4.418599097076642
0.0,4.2337148866886
2.0,3.5973012257631907
3.5,5.0180181210475
3.0,3.9526473705667278
1.0,3.267237118483942
4.0,3.2718970969354872
5.0,3.8557517428141743
6.3,4.598808729371438
0.0,4.635392012505784
0.0,4.336528728996352
0.0,4.490652219361244
3.8,4.107423722284311
5.0,3.9759709647376993
4.0,4.358974930443147
2.0,4.465356189845989
4.0,4.664502989904178
2.0,4.471345006267545
0.0,5.022307651798161
8.0,5.236236960247845
7.0,4.5190441001111
0.0,4.908159946205363
4.0,4.49372130354242
0.0,5.467685458539312
2.0,3.983675630522521
4.5,5.51834480180428
2.0,4.0515668211031794
1.0,4.195490270847852
3.2,3.5862316924173214
0.0,3.711388263768756
5.5,3.5917415101649404
2.8,3.4151459563762567
0.0,3.370410164266054
2.0,3.9684968414059947
3.0,3.861965168902776
2.2,3.8264243593965603
12.0,3.5955496860962506
3.0,3.471900830242879
8.0,3.926072448589374
5.0,3.9775388730044337
2.2,3.8794902465806334
5.0,4.395499210373298
2.4,4.07913965548808
2.9,3.6952672993761055
6.0,2.99247691825116
3.0,2.814392781447153
0.6,3.1401918365677703
5.0,2.9412319077855207
2.0,2.8391164348302818
3.0,2.649777702892422
0.0,2.8073416202731765
4.0,2.972809760469129
3.0,2.5495595394136075
0.0,3.740399814126099
12.0,3.472435179255097
8.2,4.1082535858901785
5.0,4.0104277341295855
2.0,4.0040786243983035
5.0,3.9073400333726567
0.0,3.7187482589042165
8.0,3.5129881543431853
0.0,3.635760036761992
1.0,3.5872055298130947
2.0,3.3735632233581
1.0,3.380984575383661
6.0,3.0259680779254983
0.0,2.8612774585003264
0.0,2.873825223997101
5.0,2.697042572054705
2.0,2.7474826582894094
6.0,2.624962800078777
1.0,2.862344587078135
0.0,2.6744985250026625
6.0,2.667579721429045
1.0,2.627376606389406
1.0,2.6890271192796424
0.0,3.415635603512953
5.0,3.244901533509143
2.0,3.3303833675099828
0.0,4.086646679265302
5.0,3.853308688091824
0.0,3.791403819493287
0.0,3.687935664143375
9.0,3.9413633069865215
8.0,3.891524377484848
7.0,3.755711876569983
5.0,3.7311690931641492
0.0,3.3531202616956772
1.0,3.3887398389435486
3.0,2.9456766652570416
0.0,2.715313530793754
2.0,2.592701730913952
0.0,2.832000269328451
3.7,2.6794133030647096
2.0,2.700381299023709
5.8,2.629318708681303
5.0,2.754779125630235
1.0,2.8240251014437527
3.1,2.7417428608838974
0.0,2.7669412046504673
0.0,3.5061689093107606
3.0,3.8844304914808525
0.0,4.441972074775122
5.0,4.2855028543866025
1.0,4.058198790554861
4.0,3.9907369391191203
5.0,3.9436880238540026
9.0,4.195935779170355
5.0,4.4974384560593155
0.0,4.378136115595134
3.1,4.053750016188288
0.0,3.820812269655986
10.0,3.893451363796818
6.9,3.8101795186368137
4.0,4.050763139075212
3.0,3.622487745916781
3.0,3.447600377892395
4.0,3.381809953884027
3.0,3.701492967742926
0.0,3.579207332993329
3.0,3.7055793471662324
3.0,3.6596735394816045
1.0,3.3469962285570016
2.0,3.4908493882468656
11.1,3.7082606778435956
0.0,3.960551253150769
8.0,4.194984805436646
1.0,4.106945424618591
10.0,4.038688997639394
0.0,4.013262090331389
8.7,3.98450696537548
1.0,3.8958063857358813
0.0,3.8224028884382086
8.2,3.694559821306382
0.0,3.724215283396263
6.7,3.526369399354809
10.0,2.9300499086000955
2.0,3.1951740427815256
0.0,3.2249063961469595
4.0,3.2612788431226822
9.0,3.223521606480254
7.9,2.878331377340465
1.0,3.1258932672579145
1.0,2.7510195785837004
0.0,2.738521404788588
3.0,2.604240557276917
0.0,2.5361594115786765
5.0,3.3927337410278455
2.0,3.865341305756086
5.0,4.463088592681319
5.2,4.658589974083978
1.0,4.666649737085418
3.0,4.483764087129917
0.0,4.419420501672012
6.3,4.264680880726371
3.0,4.1222959323772725
6.0,3.5430443742812674
4.0,3.329889208160374
4.1,3.1189968144401514
0.0,2.6733369440415657
3.9,3.0092065943438633
2.0,2.985241752318114
4.0,2.8156182582858404
4.0,2.7495992779721496
3.0,2.8104550987907397
2.0,2.796142385315633
1.5,2.765509388794437
1.0,2.836747444695928
3.7,2.6503478717911935
0.0,2.760679988158139
3.9,3.6314212473964327
6.0,3.4336382753084456
5.0,4.138193982070921
8.0,4.357188845952136
3.9,3.949771005708734
3.4,3.7296076392575226
0.0,3.9984043750650073
6.0,3.736492454935381
8.0,4.048466941414566
3.1,4.2220694604617535
2.0,3.6035997898878396
5.0,3.6571373068043442
3.0,3.886642886118043
4.7,3.9484563579002794
1.0,7.399169350832782
4.0,8.003864658195997
3.0,8.738313614951286
12.0,8.15463509683987
8.0,9.194544119557577
11.0,8.452518789500585
5.0,5.863387491057381
0.0,4.650352915608208
2.0,5.722788481081213
0.0,6.739315459363186
2.0,6.353783856586752
6.0,6.445208782310077
3.5,5.516828650110379
6.0,4.87870363225028
4.2,5.571138893103899
0.0,4.858159962880641
0.0,4.4935807032202835
0.0,5.718243915981943
2.9,5.404407690568989
0.0,6.2843615981721
3.0,6.807455898732298
3.0,6.843306399089252
3.6,5.442616365176973
0.0,7.329484478241262
2.0,6.459686750758228
1.0,7.032090787388757
2.0,4.210461595755359
6.1,6.400785278975152
5.0,7.695157881507898
10.0,8.230779794663727
4.0,9.422918168519534
6.0,18.03805528511453
7.0,17.727504770180364
6.0,8.39196608499442
23.0,9.834056622157203
10.0,7.601851427452617
6.0,7.573487821422603
5.0,7.2661157363487145
3.1,7.024584235105285
4.0,6.818926872961574
21.0,6.403164485702738
19.0,6.651841191292097
3.1,6.569657831022464
3.0,6.510616929935319
11.0,6.734323187809847
6.7,8.378118216964065
3.0,7.908989246076835
4.0,7.847271178946055
11.0,8.3915709953109
4.5,8.056894990715758
18.0,6.914815705922934
3.5,6.20853344988265
30.0,6.69677654389275
3.0,6.560751169785786
1.0,6.248158516787853
15.0,8.216779502993308
18.0,9.092303906512432
0.0,9.265197937810296
0.0,9.649423627181648
4.2,8.357358803882569
3.6,6.939865496283413
3.2,7.555542657816024
8.0,7.940099270748578
0.0,6.27983939907235
6.0,4.511136779083238
1.0,4.696858609207858
15.0,4.378164818268698
9.0,4.431693706690093
0.0,4.526497320438255
2.0,3.9627555602601694
2.0,3.1586485976284973
4.0,3.3335532137008483
3.0,3.057847757354393
4.0,2.927221200055793
0.0,2.9035866060040263
8.0,2.9522022936490515
3.2,3.115911692828565
0.0,3.205756154155418
1.0,3.1333333940725754
2.0,3.575332877262218
3.0,3.2414532979921025
0.0,3.657833994576264
3.3,3.987680019463803
8.0,4.3842628305886215
3.3,4.426765404625535
3.3,4.213894222702474
3.0,4.3086937015664555
0.0,4.014946626439923
10.0,4.291648722369874
3.0,4.10776718010318
3.3,3.9472849033523203
5.0,3.984486726806907
3.7,3.5508364855318555
3.3,3.337977506919721
3.3,3.125986734859483
1.0,2.7349839388631496
4.0,2.8860992807762442
0.0,2.9809815849471475
1.0,3.077319598355295
4.0,3.0243503677648316
0.0,3.0282505544724323
0.0,2.9982012436847634
6.0,2.9792168876753116
2.0,2.7075673748396034
0.0,2.6715541498486237
3.0,3.563531171036417
6.0,3.7241551981259793
7.0,4.341535050915599
8.0,4.321461757554401
12.0,4.106173461676873
0.5,3.638516892622352
0.0,3.542114021463538
2.9,3.6868360040472363
5.0,3.5359504893820155
5.0,3.5603919173657808
3.7,3.5959701241257007
0.0,3.382074791776901
6.0,3.261360650263625
0.0,3.2376224086595395
0.0,2.921343609291169
10.0,2.709859526893094
4.0,2.8083731610357057
4.0,2.842839094014561
3.6,2.871946001130657
3.0,2.812163024817662
6.0,2.9848734781696016
0.0,2.85013054721882
0.0,2.829752123011458
0.0,2.6111119759137087
1.0,3.4803810395793544
3.0,4.010671090736751
9.0,4.3337930271091984
20.0,4.492955272465116
2.0,4.532151194275267
3.0,4.37098191401887
0.0,4.1571022441292875
8.0,4.229977070087774
4.0,4.357300384426375
5.0,4.293916112533686
0.0,3.714160633136661
1.0,3.7404394119581683
3.0,4.076971677302738
0.0,3.618064946660344
7.0,3.5601782605439385
4.0,3.264539286930598
4.3,3.272503685821571
1.0,2.9868558837450903
2.0,2.9156491683003325
1.1,3.319426127176627
1.0,3.1745298997290154
2.0,3.1925967750664723
2.0,3.743760897330389
1.0,3.1795622132107004
2.0,4.34347308626445
9.0,4.373610417906691
0.0,4.259021164799312
0.0,4.5124656693320775
5.0,4.595930719095189
1.0,4.726319722513083
1.0,4.630239844461149
2.0,4.4938250458467675
2.0,4.322795553266198
7.0,4.427817351825945
5.8,4.272263859033703
0.0,3.8988243477393385
5.4,4.1165671900113665
7.0,4.301362386746352
3.0,3.9175935936324264
7.0,3.752559311960204
2.0,3.4793078449513835
1.0,3.7360253790914837
2.0,4.592919589073132
0.0,4.081083287874301
0.0,4.087031121464526
6.0,4.274593697858573
3.0,4.078419634004524
4.5,4.470957415390927
7.0,5.05987719321161
4.1,4.829897822959582
7.0,5.567203158377634
7.0,5.397371505868138
3.0,5.171903598612217
7.0,5.008432704589416
4.0,5.492516687238758
8.0,5.33915738740729
3.7,6.310947163482823
0.0,6.676037797503122
0.0,6.542240541512692
0.0,7.216663281130285
7.0,6.655479404899614
0.0,8.000182329694058
9.0,5.397535715851809
9.0,4.749915134296874
10.0,5.111644748589431
4.0,4.54271221714285
2.0,4.365473900027911
1.0,4.51118833014601
3.0,4.212448742656765
1.0,4.128175692360179
4.0,4.373871115421689
0.0,3.7625327160822675
2.3,4.788428017645932
1.0,4.553057170338089
3.0,4.9743225320687285
0.0,4.967703682346395
8.0,4.757539659885174
8.0,4.473904834484423
1.0,4.193764729528258
3.0,4.288320577519795
0.0,4.269426667966364
0.0,4.028062980099796
3.0,3.945483504958273
1.0,3.7136299639368437
3.0,3.925225241611446
0.0,3.9586466213437346
4.0,3.3931545869411335
0.0,3.2815265948687795
2.0,2.806315979864665
1.0,2.706442137135857
3.0,3.0500353342735806
4.9,2.7358897351620777
3.0,2.5308132595583506
4.0,2.532126779072295
5.8,2.5179976378145827
6.0,3.630436717939818
2.0,3.8542237566031914
0.0,3.8306042338075534
1.0,3.9329737487577336
8.4,3.669897005025431
0.0,3.644431528669421
7.0,3.576781781585701
2.0,3.874749203403163
2.0,3.6123497128166964
5.8,3.7614412881852495
0.0,3.7140580802446697
5.0,3.340000351419632
6.1,3.6095428988638214
0.0,3.0096205678354835
2.0,2.98656085136606
5.8,2.838860054685119
3.0,3.0184633145931543
0.0,2.591935125253655
3.0,2.641688809699936
8.0,2.8460448481304095
2.0,2.6376924989086716
3.6,3.0135312018696117
0.0,2.5750114749066717
4.0,3.651404429153211
0.5,4.003180829880301
3.0,4.228158855224143
2.8,4.223348788983713
0.0,3.874980622641419
4.0,3.902735842099832
5.0,3.942298720462128
4.0,4.047789184270791
3.0,3.7728897190986053
0.0,3.4903077602255155
2.0,3.6427813409542154
3.0,3.4720483736840446
3.0,3.6943316811615565
1.0,3.395662761946577
0.0,3.04209590107758
4.0,2.917647640092014
5.0,2.7718902197406976
2.0,2.7925898051068905
2.4,3.0632729059733013
3.0,3.3061251994892253
5.0,2.8374794121383298
0.0,2.7814321056245923
2.0,3.079356227519028
6.0,4.238042762988995
3.0,3.665678841177023
1.0,4.021194226094682
0.0,4.0490516172606625
2.7,4.073705890557547
0.0,4.199940972458717
1.0,3.6636006088647672
1.0,3.862021343575999
0.0,3.8282621355985516
8.0,3.6987321122606502
2.9,3.781908857432754
2.7,3.303724275344892
3.0,3.702922989820341
4.0,3.2849747018344266
0.0,3.1189882279442336
1.5,3.1908584883579727
4.0,3.570785392145448
4.0,3.1518017199956363
4.0,3.681665455882172
14.0,3.291180378945134
1.0,3.8281319637677678
3.0,3.8962809239143934
6.0,3.899372596805155
0.0,5.18841535242127
3.6,5.418195180483182
3.0,5.864464463812467
6.0,6.370870859919543
7.0,5.1510712342381035
7.0,4.1704899862395015
1.0,4.428792284424703
4.0,4.035940093784062
3.0,3.467651596834937
0.0,3.857267797919035
0.0,3.386391526480264
3.0,3.4250544995001095
0.0,3.4719853683950976
3.2,2.8553206847860735
4.0,2.849299069103247
1.0,2.8162807585337917
0.0,2.929135209745839
5.0,3.263181897103831
3.1,3.2702989037219585
3.0,4.158514470151149
0.0,3.968463981722622
7.0,4.149229634316286
7.0,4.063212025470504
0.0,3.9919345786282205
3.0,4.7521880748316425
0.0,4.884420967157735
11.0,5.695695364381552
1.0,5.381639562443501
7.0,5.378960610309908
5.0,5.138356450450618
2.0,5.090418346325573
3.1,4.847106101214686
5.3,4.503117660274893
5.9,4.447134846266697
3.0,4.072516347300757
0.0,3.7697462850638
0.0,3.858307671296601
5.3,3.630855687764923
6.2,3.7335127749271373
1.0,3.602377743284048
3.0,3.6546390968100906
7.0,4.064385028074516
5.0,4.117020269268058
0.0,4.505775884224651
2.0,4.791953490154118
5.9,5.54387206411826
8.0,5.544206858403795
10.0,5.852505549272774
0.0,5.054754662368572
15.0,4.8861233452534485
3.0,4.780324741236276
8.6,4.401802694510812
2.8,4.921465923007132
2.0,4.671449212832774
3.0,4.385493387795806
2.0,4.13890638989129
2.0,4.014521448685472
9.3,4.324793067561818
2.0,4.0921836610351106
4.0,4.065418715139571
5.0,4.103356370653572
1.0,4.235853558360956
2.0,5.501658318154418
7.0,5.359087312491405
5.0,5.463150605660616
4.9,4.936651568539956
6.0,4.989768151308421
7.5,5.940236915817665
0.0,4.684507566870122
0.0,4.78396934008672
4.0,5.001094891462278
0.0,4.628620689438961
1.0,4.5056096890039345
0.0,5.37239333808357
5.1,5.165496919436501
0.0,4.777135163144889
8.0,4.620391354413948
2.0,4.264090373596666
2.0,4.1422197692231935
2.0,4.112996077784688
2.1,3.694231776624215
6.4,3.5888944635264406
4.0,3.7238478726236455
0.0,3.2805176305175707
5.0,3.134864990208742
8.0,3.1995690714846923
5.4,3.0914175418415013
2.0,3.1480508858211564
6.0,3.000477174729257
0.0,2.8653662131068245
1.0,3.3677564390137253
5.0,4.187177371508747
10.0,4.325258878861762
6.0,4.756875831232438
4.6,4.860041977088202
0.0,4.50636146812649
5.0,4.238347675839687
1.0,4.038485859395767
6.0,5.308633816069648
5.0,4.1244828113253815
2.0,5.172426796378259
3.3,5.5018801354296265
0.0,5.067224040378978
3.7,5.204191770952053
3.0,4.250348580011339
2.0,3.399571184670949
4.0,2.810537785096457
2.0,3.1745552137629347
4.0,2.808060631040048
2.0,2.8294150163443605
3.0,3.053304300263421
1.0,3.029890747252299
1.0,2.95603178579846
0.0,2.9654715419455155
0.0,2.9003036932033837
2.0,3.6883758754616416
0.0,3.427769786739198
4.0,4.088086879048655
7.0,4.487954809625422
0.0,4.448550537271973
3.0,4.1515563262274915
0.0,4.207073212316533
5.0,3.95172227042333
4.5,3.7765921169767305
3.0,3.480007054692419
4.3,3.5296303229753097
0.0,3.412448636886678
1.0,3.221787319321175
3.3,2.985073685514169
6.0,3.35031602459172
3.0,3.1269736715743743
4.0,3.0320826450749645
7.0,3.1858465686141266
2.0,2.9676657340082837
4.0,2.9024091541672474
3.0,2.8410310799835234
0.0,3.1355307209072345
5.0,3.938648385638613
0.0,3.8058014363521506
5.0,4.197390030386884
3.0,4.476339508224093
3.8,3.871357735509691
2.0,3.8043294550874442
4.0,4.0702234538830595
5.0,3.8043004658399844
2.0,3.8159719550229383
2.0,3.5732266848030703
2.0,3.2452236731091757
6.0,3.201304652789162
11.0,3.5470494685851057
0.0,3.038647557058444
11.0,2.794735419002922
7.0,2.8616419947267984
3.0,2.829362408473525
0.0,2.7668482337492777
0.0,2.741500884413912
2.0,2.759849143123674
0.0,2.791104502351497
0.0,3.011091635139458
2.0,2.869721125770902
0.0,3.14520033608342
11.0,4.178620197664439
7.0,3.588650852200753
11.0,4.345221876324655
10.0,4.2031772159843355
7.0,3.6824130330779403
2.0,3.815292446000673
3.4,3.81939795082515
2.0,3.573974427815517
3.4,3.9877860910087177
2.6,3.6619102018727974
0.0,3.4294550040235263
4.0,3.5687498955992503
2.3,3.3754877739227407
2.0,2.8620550012245274
1.0,2.9705772722089803
3.0,2.7516100408405744
11.0,3.0043786602346243
0.0,2.8949309438884034
0.0,3.294838828276159
1.3,3.6931419748468413
14.0,4.10892459581519
6.0,4.136752278475941
0.0,4.556616211674369
1.8,5.358903427871088
12.0,5.462942120303375
2.9,5.507272712441613
1.7,6.330510613924718
0.0,6.337737677174487
1.0,5.867312881489733
2.0,5.6724189889621055
19.0,5.928478080322405
18.0,6.312819129763344
2.0,5.679304482323249
2.0,5.115101783286589
2.1,4.915534805228194
26.0,6.171161779993732
14.0,5.8303805843799665
18.0,4.260799043965439
3.0,3.8285928816349624
4.0,4.277998200460713
17.0,4.5317489633989325
3.0,4.104439567668045
7.0,4.648743564608483
7.0,3.964304657933457
13.0,3.5856722519661846
5.0,4.171269311441978
15.0,4.467748862047752
2.0,4.763062729673222
8.0,5.210678922075289
7.0,9.971155963131922
4.0,5.746730020539985
17.0,5.710537766764661
18.0,5.536200054338483
5.0,6.2621712257256235
10.0,5.934335225470363
17.0,4.781723151299868
4.0,5.907121522995706
5.8,5.532561643467362
16.0,4.650988788843071
9.4,4.722205194952002
19.0,4.014101789486067
9.0,3.220848170305285
1.0,3.039077286944893
7.0,3.198644486958816
2.0,3.3817192668042155
9.0,3.6308815241925325
6.8,3.7338983759933244
7.4,3.6901286806272346
3.0,3.1591762437740742
7.0,3.374414767843405
6.0,3.4322288144141284
8.5,3.0419661552165844
8.4,3.7808672256662517
5.0,3.559834250099954
5.0,4.048823632677415
4.0,4.318206127232573
5.0,4.394296495381738
6.3,4.38012247957662
8.0,4.071820414288972
8.0,4.165723986470044
4.0,4.213332541384269
3.0,4.131311413685145
4.5,3.9058542612984524
4.0,3.764909475184045
4.3,3.8193449755470152
5.0,3.274566128102304
2.0,2.9348324146935623
0.0,3.184943982768358
3.0,3.1830244905392733
3.4,3.25239648512025
0.0,3.1135072488666258
6.0,3.07352511332183
4.0,3.197036385148428
2.0,3.0973868586678606
0.0,3.1461978365701584
0.0,3.0881778283769923
5.6,3.895401828002225
8.0,4.472382681116901
2.0,4.471037010988482
6.0,4.420985465082588
6.4,4.189860960108602
1.0,4.103607292816286
0.0,4.086366405017334
1.0,4.124865828200304
0.0,4.199046407743111
6.1,4.211832082803655
3.0,3.8257337188157874
3.9,3.603041128345638
2.0,3.8687139161019886
3.0,3.2521770143964455
1.0,3.1309687903798222
4.0,3.0482581244615132
1.0,3.3739177534995926
1.6,3.553465038665156
0.0,2.9643370395295143
0.0,2.840793448410518
0.0,2.871918911413008
0.0,2.7050027644625065
3.5,2.648618813798915
0.0,2.979658115724955
2.0,3.645005996389133
0.0,3.981416418859786
3.3,4.571144208988369
9.0,4.590710784323023
3.0,4.433809233777304
3.0,4.210306784110625
0.0,4.15751415956729
3.0,4.041653447928543
4.0,3.740690971114369
3.6,3.8434225046259076
0.0,3.680254934826232
0.0,3.851361671272746
4.0,3.9669773654918377
2.0,3.476552755903017
3.0,3.3011811558130035
4.0,3.6836686219916968
3.5,3.636454824529785
2.0,3.5048639419354166
6.0,3.355627362934976
7.1,3.985095500507073
1.0,3.0732716048299644
3.0,3.185839729664108
7.0,3.2389237923886482
0.0,3.0613517403196937
3.8,4.0624809135506545
1.0,4.600452769964847
10.0,4.4533954647238385
3.5,4.244477319619877
4.0,4.212504470628431
11.0,4.323216560019761
1.0,3.9785932863116003
3.0,4.274116975995755
2.0,3.971938495113985
0.0,4.0426969167477775
3.0,4.205211490900696
0.0,4.529487638010275
3.0,4.6401717309704935
5.0,4.709269429398457
2.0,4.5543048214175155
2.0,4.1222398659741115
2.0,4.6463664158123885
3.8,4.1932797784499805
4.0,3.6623807832721207
4.0,4.361242268709661
4.0,3.698350625484897
3.3,3.642721738352304
4.9,3.95832442605185
1.0,3.377962074504257
2.0,4.6466709243458775
6.0,5.5334728671830336
7.0,5.123317515645707
7.7,5.375692169067078
4.7,5.039546317979882
8.0,4.358841888778668
4.0,4.6634657763232275
1.0,4.3020078653685605
5.0,4.045634247143189
7.9,3.7512395065570407
9.0,3.8078022787767356
6.0,3.8481335792325524
5.0,4.35938549914945
6.0,3.9678642866098626
3.0,3.9485868315641723
5.0,3.7136707327943728
5.0,3.469580029451816
5.8,3.2586279867831927
6.2,3.232233664281005
2.0,2.6659007536725703
8.8,2.8565006630455003
5.1,2.81824871176036
4.0,2.891016491785277
0.0,2.922560129311697
0.0,3.812609048969769
6.5,4.253964793350401
5.0,4.501508435869202
5.0,4.71502898839131
4.0,4.0193440180813855
6.1,4.1440554245815235
0.0,3.8403539634399846
7.0,3.9961847004772513
6.0,3.9345277613440612
5.3,3.7318680597114215
5.0,3.698984953470789
7.0,4.086673619710418
4.0,4.047947755581111
2.0,4.081959881430776
5.0,4.45470589287859
6.9,4.435712650110856
0.0,4.8297632799258245
13.5,4.5509820989256395
7.0,3.697514814236268
2.0,3.9344284194025003
8.6,3.1385299835974236
2.0,3.1013762300905667
7.0,3.155600279572288
0.0,3.369379500592455
6.4,4.91048450654846
0.0,5.153070417678313
9.0,5.7237884785916275
9.6,5.1959803273329195
0.0,4.733058519973279
3.0,4.777620663507312
4.0,4.724581683060928
3.0,4.550820370991266
3.0,5.037861006933436
0.0,4.769675984557087
0.0,4.369896380373288
8.0,4.419620066479894
1.0,4.115724125513357
1.0,3.593816555084309
10.1,3.7137824637634496
12.0,3.0692162618489154
10.0,3.4612964000885644
9.0,4.130894743465914
8.0,3.886135787864962
2.0,3.8945761606791893
6.0,4.73166350424359
1.0,4.782057205478164
6.0,5.3176311662824105
0.0,5.32732862872236
3.3,6.485916765840751
3.3,6.886726552069384
2.1,7.06215627305066
6.0,6.774383233817271
2.1,6.541391927718701
14.0,6.562965146894727
7.0,5.926381831113159
2.0,5.33371284317971
0.0,5.011258800206875
3.0,4.727573481871182
3.0,4.965825449914702
5.0,4.99167705360168
1.0,4.128059834067309
5.0,3.9936255540377203
9.0,3.9564850437784727
1.0,3.8245807588757916
4.0,4.047533458318807
1.0,3.8154727263551456
11.0,3.504736503601309
4.7,3.451984781356077
6.5,3.331152557084185
5.7,3.2382862603252143
8.4,2.877632286349928
3.6,3.1568044599739653
5.0,3.961511977675045
13.0,4.159442464494136
3.0,4.058915937017723
3.5,4.276254112645386
0.0,4.362564379481793
3.6,4.030862520244711
11.0,3.93991876584554
0.0,3.82154728691359
0.0,3.7875229837640028
9.0,3.7365745797642096
3.0,3.4789018151300306
0.0,3.7475857095207274
10.2,3.6255217144419425
1.0,3.282618092832689
5.2,3.067778207730348
5.0,3.1659846123393054
1.0,2.8508679853183803
5.0,3.543122662015891
9.0,3.393692091913056
0.0,3.274162693697831
6.1,3.167246513694808
4.5,2.9006832291412157
0.0,2.867360632703434
0.0,3.045508099371986
0.0,3.6982064683453553
3.0,4.0444175672038565
2.0,4.5214044001253315
6.0,4.661383219409389
5.0,4.495895624043684
4.0,4.039722521422404
3.9,4.083336606259289
2.0,3.958214168031342
0.0,3.8720603095760415
6.0,3.7736164070098153
2.0,3.901602147636371
7.0,4.372953123362387
5.2,3.824105669170094
3.0,3.83248680425721
2.0,3.7315249366230967
5.5,4.039373420051432
3.0,3.797871740396185
4.3,3.8641780899773877
1.0,3.745749306123746
3.7,2.92631365237541
3.6,3.4011233825262073
4.0,3.452725529434454
4.3,3.0629378836667693
4.9,3.3621673368344034
1.0,4.512016778737545
12.0,4.536018953703167
6.0,5.175868670664023
0.0,5.018791638109534
2.0,5.020089378752885
7.0,4.943718759551333
3.0,4.697836363046459
9.0,4.313602138451501
2.7,4.441141716943065
3.0,4.157264451294325
1.0,4.091677933545524
8.0,4.102707551111237
5.0,3.4108206498786005
2.7,3.1689258397512092
2.7,3.0244393338701823
3.0,2.9872995271078637
1.0,3.089096279124753
9.0,2.7508657878539235
0.0,3.110951509453975
1.3,2.9852636285098146
3.0,3.49899093906719
0.0,3.3768289242293656
0.0,2.8910327796328787
0.0,2.8506767594227416
11.0,3.848471184332044
5.0,4.3206977194912675
4.0,4.554784366895669
12.0,4.428348831627063
2.0,4.132926356128522
2.0,3.8928604809300977
3.5,4.031371103770401
0.0,3.834153639266498
4.0,3.917229969086935
13.0,4.0536983420214225
4.0,3.7221235018215664
2.0,3.549874272385775
0.0,3.6061446658809078
2.0,4.183713726438824
4.3,3.5325552301395193
9.0,3.6197464876808527
0.0,3.7016581085155784
4.0,3.1874828158060615
1.0,3.5096191207617196
7.0,3.5556863213901497
7.0,2.928984061704351
4.2,2.8163243053356526
2.1,2.8728935343200295
0.0,2.948239673467336
7.0,3.707592060294727
2.0,4.168916924704014
7.0,4.419417350757371
4.0,4.36323751104541
3.0,3.9383149962914734
5.0,4.076511850952854
3.8,4.1590758836022665
0.0,4.118430840330594
5.0,4.196127003228076
10.0,4.052974862671097
4.2,3.7567829929358227
2.0,3.82994847890223
6.0,3.6187611990583366
6.6,3.27117482724515
0.0,3.242660817398959
3.0,3.1391752525619445
7.0,3.170034483599048
3.0,3.1709536652957357
1.0,2.9475199111331625
5.5,3.0285022353614246
2.8,3.113370980101593
5.0,3.073978387239839
0.0,3.1127201511543423
1.0,2.955455997852642
1.0,4.0479952917640345
8.0,4.65230131421811
9.0,4.563911604244738
5.0,4.566108417432839
5.0,3.7381665885891846
0.0,3.891290625706559
12.0,4.097195141193447
3.0,3.9279464282847627
1.8,3.8904334241165333
6.1,3.8891433967000797
0.0,3.7102504681134154
7.0,3.6157448785190915
5.0,3.4434214892075095
1.0,3.612947363196057
0.0,3.262486363540789
0.0,3.2645122898334513
4.3,3.4061403564753157
0.0,3.2592404584539185
0.0,3.423741042960688
9.0,3.426435339353955
0.0,3.0699869484153095
0.0,3.0961973356223598
1.0,3.0823228500044677
0.9,2.9709797131737643
5.0,4.084294794032435
7.0,4.522326504561538
6.0,4.584099441263752
6.0,4.329010352505129
3.0,4.416006531319286
6.0,4.14917391411953
7.0,3.886364673375727
7.0,3.946225814585184
0.0,3.9616980386189744
7.0,3.7669187307349694
3.0,3.926301957948989
7.0,4.025283817161638
2.0,3.7104070075480657
3.0,3.9124600009178776
3.0,4.3054016514256785
6.1,4.1759188024709015
1.0,4.10403745788495
0.0,3.84334275865537
0.0,3.6148806572288334
0.0,3.2823315981261936
3.6,2.8560573231819077
0.0,3.051496489198456
10.0,4.057378351303159
5.0,4.374917454694089
1.0,4.77045191031015
4.0,4.373674660618025
4.0,4.273452268335801
7.0,4.080262632417033
6.0,4.035608119607327
4.2,3.8566151851764734
6.0,3.875318533504306
6.0,4.351480324117161
9.0,4.358711234999116
3.0,4.214008831252509
2.0,4.1865758269746856
4.4,4.158229567023675
2.0,4.562794127780689
0.0,3.7257553124567333
10.5,3.6482073086236375
2.0,3.846320125388251
5.0,3.504215585777828
0.0,3.076076843482
6.0,4.0771882651663764
3.0,4.607185958488887
4.0,4.506883907759566
7.0,4.2783245604448785
12.0,3.9788267385638822
3.0,3.678081852884923
9.0,3.528865863378957
7.0,3.788926496602107
1.0,3.747350641950471
4.0,3.767170827590446
1.0,3.798218215153106
4.2,4.071830422262981
4.1,3.5975308469430334
0.0,3.3819061086387685
11.0,3.621346662599561
8.0,3.245906431439051
7.0,3.080198035804053
4.1,2.785294785863849
0.0,3.0206531925332256
8.0,3.0550448954695355
4.0,2.7062182984639787
0.0,3.050378193215532
0.0,4.072081208876947
5.0,4.283439601387052
5.1,4.323628177814353
0.0,4.467427681179469
0.0,4.0814475083046595
1.0,3.781490767808229
2.0,3.966373396427784
0.0,3.8576223062273867
10.0,3.9115309455596625
5.0,4.047639451380067
4.2,4.443768117474193
4.0,4.299994828002702
8.0,4.343354725694113
10.4,3.779737995209898
5.6,3.5819949112979983
10.0,3.729384673839996
5.0,3.8895068454110664
5.0,3.335732773301294
4.0,4.129549640222409
6.7,3.970629397527856
6.0,3.861115854356951
1.0,3.899667855201691
10.0,4.85092636530765
5.0,5.202424344560975
7.0,5.300070034809514
3.7,5.4557716673767915
3.7,5.153283214892039
13.0,4.956435991890087
8.0,4.70558950013965
3.1,4.365456008033799
10.0,4.365679254706483
2.0,4.48393018476803
1.0,4.3260898447116745
0.0,4.073895700574984
1.0,4.292595822638926
11.0,3.889339121829612
3.0,4.162673832679963
3.1,3.94118825736008
2.0,3.915069839052154
9.0,3.697724507917157
0.0,3.5546528518094567
0.0,3.7290526188634137
3.0,3.3537624466524725
26.0,3.0400846458616986
9.0,3.61625207426835
3.1,3.604284488457511
8.0,4.556585048609401
13.0,5.30943761005171
15.0,4.235506323967923
2.0,4.538323564365634
5.0,4.9004921800947265
0.0,4.239417090923318
12.0,4.412672938889444
6.7,4.213620218808837
0.0,3.864929906203385
1.0,3.992679801400735
7.0,3.765725308047011
19.0,3.697723727407952
5.0,3.9611475033472643
6.5,4.20444133810771
5.0,4.211066448026247
15.0,3.825946654134082
5.0,4.061085922398785
23.0,4.647932845463244
11.0,4.9036036804159515
8.0,5.985317469823128
23.0,5.713597070927532
2.0,5.5339210702229265
0.0,5.5589428630897535
0.0,5.772103685616139
11.0,5.911254857647867
6.5,4.948803092343415
5.0,5.011822288892851
18.1,5.170177815962879
1.0,4.808943561107596
2.0,3.9288417066532775
12.4,4.709850026295533
1.0,4.215774690185447
1.0,4.21976079692642
5.0,4.490207768409638
17.0,3.937910506191578
2.0,3.8398781204707135
5.0,3.804335439010845
22.0,3.9414394573098503
0.0,3.8950632415306683
17.0,4.018900728901872
12.0,4.220244194169165
11.0,4.388477698804636
2.7,4.333179172617243
2.0,5.264201573927479
9.0,5.088944227065558
9.0,5.448189226686044
2.0,5.423627229578966
22.0,5.443576887093418
5.8,6.21647415804062
5.2,6.494751940758909
7.7,7.655895528846707
23.0,6.723040201092655
6.1,6.496593389206707
27.0,6.5104337144172435
26.0,6.060165562533722
0.0,5.784269458236488
4.6,5.779165505169387
1.0,5.317478869222511
5.0,5.09646759062441
26.0,5.0257142063294715
6.6,4.018347391464042
16.0,3.5636840759846478
6.2,3.77795268335543
27.0,3.741736267241602
27.0,4.445626408372762
5.0,4.387353622149889
3.0,4.489865926809198
3.0,5.015152365556546
12.0,5.246945546920241
10.0,5.230478125265105
5.3,4.34645641449795
10.0,4.82667547113541
8.0,5.566872755486601
5.0,5.3584674538237715
5.4,5.362915420882724
4.3,4.902371575256533
6.0,5.122008228417598
14.0,4.227405657732612
4.0,4.51543669795457
12.0,4.549475617838175
16.0,4.196727193260281
3.0,4.270182920844399
4.0,4.282111001200319
5.0,4.089389192381489
4.0,3.858879694559562
7.4,4.027718496030671
6.7,4.3292001321452735
3.0,3.854074938504851
34.4,3.61740420860229
3.0,3.77073256271002
8.0,3.188701420031134
4.0,3.283987552288281
7.0,3.735443661734232
0.0,3.8383152437603814
1.0,3.4321890013480623
2.0,4.750789223608835
10.0,4.715929489830903
10.0,4.353511497464102
8.0,4.761939029654473
0.0,5.056159294206519
5.4,4.696171833926683
2.0,4.043479064237894
3.0,3.8029505235244043
1.0,3.720807754273559
3.0,3.633545566138318
4.9,3.740690098718456
10.0,3.8131969657964313
3.0,3.66223608219861
5.4,3.608378303650562
5.4,3.2183128078239895
3.0,3.044189851989568
5.4,2.9976336720435244
0.0,2.910330389500163
2.0,3.1710378499406393
1.0,2.9298886045493195
4.6,3.0629810317247594
3.0,2.888728140126267
3.0,2.880609761918397
0.0,2.7031185735343213
5.0,3.765082114588364
3.7,3.9404287414044945
7.0,4.319974011430769
4.2,4.210724764721249
4.3,4.2425048082446875
0.0,4.091722976487614
8.5,3.745371451584335
0.0,3.840513238713539
4.0,3.658498333101181
5.0,3.378845019182396
0.0,3.5917898889968347
5.0,3.5709498674435762
3.0,3.8473235300978654
8.0,3.743318883279886
4.4,3.337157700692753
6.0,3.743632356302019
4.0,3.7322249209274445
5.2,2.9871730175426348
0.0,3.176626267789654
2.0,3.163925192495912
4.0,3.140863655676012
0.0,3.0675179265441277
0.0,2.9421208423093765
6.0,3.6965641160464355
2.0,4.052736807913256
8.0,4.031829972008761
0.0,4.307370896811926
7.0,4.34672452328437
5.2,4.128532567994331
5.1,3.9264503688963144
1.0,3.7280191788015413
4.0,3.790417459468256
1.3,3.5947515509782186
7.0,3.38080196388767
0.0,3.310820955397281
6.0,3.057255328120958
3.0,2.8375534872533863
13.0,3.1099803119111726
7.0,3.0043145828026137
7.0,2.800736089540264
4.0,2.8725625389800973
3.0,2.8703482866693077
7.0,2.7886366937132094
6.0,2.8075114774592933
6.3,2.8552440551976885
1.0,3.022214254930605
7.0,3.792065102472921
5.0,3.886523457707849
14.0,4.195251872867868
8.0,4.122244605486113
2.0,4.206871998023988
11.0,3.953550630794242
1.0,3.894547089213553
4.0,3.5525562606154595
4.0,3.7505260474684627
0.0,3.4438868690877666
4.0,3.4832821003364316
20.0,3.216753647529637
6.0,3.2193449273074313
6.7,3.1943178383268616
8.0,3.5715185653858357
2.0,2.8944549560225434
6.0,2.818945621501853
4.3,2.975695980049444
0.0,2.831661941893316
0.0,3.032909026119541
14.0,4.234509530740573
1.0,4.672471945293641
12.0,4.791336525930625
3.0,4.518256372113162
11.0,3.7387642755173935
0.0,3.8359980080958866
5.0,3.7073958346066513
6.0,4.149375179608336
3.5,3.926187369368539
4.0,4.1731961177721235
4.4,3.9350029616330344
3.0,3.4118449584763475
6.0,3.33890562670829
6.5,3.3874541769083972
4.0,2.999273328776483
0.0,2.8897740276131323
5.8,2.9669378682437935
0.0,3.193414935081131
13.0,2.7886702155399545
3.5,3.0562048992289235
0.0,3.0202264780115198
3.3,2.7476284742424015
1.0,2.6937255706993124
0.0,2.436431605414967
1.0,3.508747668055871
12.0,3.4139741458713404
2.0,3.8532468720538793
7.0,4.445298989026002
6.1,4.454677576720167
9.0,4.401283647847479
5.0,4.357135727967959
3.0,3.820999808009712
3.0,4.024156222884241
6.3,4.472351838730091
3.0,3.8204194750875016
6.0,4.359819048624721
1.0,4.346798331559924
7.0,3.5105462386061577
1.0,3.8219439338666232
5.3,3.41812944823725
6.0,3.089471887876375
2.0,3.383644740119146
4.9,2.9836780592781382
5.5,2.921695578289525
1.0,2.957705931647235
1.0,3.037057075334725
1.0,2.795531363181772
1.0,2.907914977220415
0.0,4.0668432040807385
5.0,4.134084110270043
5.0,4.457778284959321
5.2,4.410343247014621
7.0,4.510159341281926
1.0,3.970416711309116
2.0,4.111441057286061
6.6,4.123905756029708
4.0,3.8433369014799803
6.2,3.4692080347978997
5.0,3.5499910092272575
1.0,3.346790033859988
6.0,2.9839203844379822
1.0,2.788266434668803
5.0,2.740847283386671
0.0,2.8197290681271907
0.0,2.790674949134556
4.1,2.843546111006946
2.5,2.8739927551300055
3.3,2.7830454870726387
0.0,2.9111510431551917
0.6,2.8045585446969543
0.0,2.7177728900586855
0.0,3.7563354998581477
3.0,3.899278585475124
7.0,4.114442058779375
3.2,4.189488557705988
3.0,4.176337397233729
1.0,4.059132385822369
2.0,3.9096135763239754
3.2,4.058441425076212
11.0,3.9679952802834837
8.0,3.860867833004874
3.0,3.520149313016472
4.0,3.3542441672126615
2.5,3.254001843029031
7.0,3.245202250633615
8.0,3.41920923022095
4.0,3.0765586476686693
1.0,2.880292243375456
4.9,2.8946356196064054
0.0,2.899796947623797
4.0,2.772933812065137
0.0,2.659200982913175
10.0,3.5630118299709883
0.0,3.473733649143438
5.9,3.928978018096058
6.1,3.9954988005064496
0.0,3.980066848594942
5.4,3.6635842101025813
4.0,3.7164429100753558
5.4,3.782373425664328
2.0,3.6570191155290677
0.0,3.234813896946729
5.5,3.266591834700671
2.0,3.0178695666208974
4.0,2.9751700726722454
0.0,3.013053553051509
2.0,2.9701577253135554
5.0,3.2930114860323263
0.0,3.131504710189249
2.7,3.0578513931516986
3.1,3.4470100797070256
3.0,3.5690165482780896
1.0,3.5138556857039704
1.2,3.4787698602473553
0.0,4.029935226782942
4.0,3.695795862047387
3.2,3.7804639571249568
10.0,3.9337763657717013
1.0,4.150276807567668
6.0,4.162015670550536
2.0,3.7916136256415243
0.0,3.6782050729573554
6.0,3.7852158940840623
13.0,3.8294797665228093
3.0,3.466793821193097
4.1,3.593246329533305
1.0,3.410689531189117
0.0,2.992918753543604
3.9,3.014779913475262
3.7,3.0096528916582486
0.0,3.0227155339562426
3.0,2.9629489924290033
4.0,2.9996306442411407
2.0,3.295651774819419
4.9,3.38012832662197
0.0,2.8428587496667563
4.0,2.8896666361608583
4.0,3.7602656214494266
3.0,3.9231839676707048
0.8,4.158318739363027
2.0,4.258921907693548
6.0,3.86462925437408
12.0,3.7535101415898944
5.0,4.1520090465498125
5.0,4.172166036273906
6.0,3.966611442110726
3.0,4.279057615987293
5.0,3.9175328392618507
0.0,3.674228001991162
3.7,3.7541989307412114
4.0,3.3589572625724373
0.0,3.520863816046983
0.0,3.407845416983754
7.0,3.391660866356718
3.0,3.1238053856635197
0.0,3.134142262029102
0.0,3.176458778506451
0.0,2.9775506700585823
11.0,2.684954789992196
0.0,2.960348868986904
12.0,3.750180720299177
5.9,4.109279806521171
12.0,4.276396793246
4.0,4.0945536721453815
7.0,4.0631558070372975
5.0,4.1789408605055804
12.0,4.065578644091935
7.4,4.324968882490278
1.0,3.9464088271266022
4.9,4.096539325426689
0.0,4.0817763871711765
8.0,3.093498285250646
1.0,3.4842455757737634
5.0,3.718246472088464
7.0,3.890281209366197
7.4,4.268619102529271
2.0,3.9122205544463355
5.0,3.2959864982751084
8.1,3.980130741931884
3.0,3.115299132896578
0.0,3.2335969487914364
6.0,3.4991104964160376
7.0,4.35062902682967
12.0,4.450414893801079
6.0,4.817257044532918
8.6,5.102892857668755
7.0,4.747458305107084
7.0,4.461543153504605
7.2,4.1736164515080665
9.0,4.363368076171037
4.0,4.575185244661797
7.0,4.363471385779104
4.0,3.937481521274464
4.0,4.134064712682154
2.0,4.076210116212226
10.0,3.899328675831573
2.0,4.451832807188005
7.0,3.7213161157835857
8.0,3.8756441291908725
1.0,3.4444520828100247
2.0,3.051863180421767
1.0,3.22712503022908
0.0,3.2902468694287936
2.0,3.2366404566617835
2.0,3.079321362225858
0.0,3.068025224696056
4.0,4.484901601904356
1.0,4.562178856247471
1.9,4.293927885340889
11.0,4.272317953286667
6.0,3.6239471308082027
12.0,3.4803437153654966
3.0,3.832868657577929
6.0,3.4902582486453118
0.0,3.3706638371616373
8.0,3.4510719565497943
0.0,3.411048754597932
0.0,3.3769969215530082
4.0,3.785459370925391
13.0,3.2668754046305577
0.0,3.167423450460623
2.4,2.9727875484254507
0.0,3.124032189367631
0.0,3.5659997163382133
0.0,2.918588943660122
1.2,3.7391392750496713
1.0,3.121409934350085
2.0,2.8361191617503465
6.0,2.8518776973520112
7.0,2.8344121044907906
2.9,3.692722949388216
5.0,3.7398338816508545
7.0,4.372798102340366
7.0,4.454721309757589
4.5,3.9692595217187083
1.0,3.876219903063171
12.0,3.7541379685818934
2.8,3.854873682617996
3.0,3.8348143131443795
0.0,3.7335587694911903
0.0,3.446080088648988
9.0,3.5969224632508197
7.0,3.545467219081161
4.0,3.1118454982030332
2.0,3.1119079178106053
0.0,3.294317570635301
0.0,2.735740943117077
11.0,2.558704785664787
13.0,2.734292294939631
0.0,2.9178311607746004
1.0,2.830732194949504
6.0,2.611060473295098
0.0,3.0650951839723866
0.0,2.7532115020144263
4.0,3.6947686973572336
4.9,3.9882694097880678
4.0,4.34322432502815
6.0,4.653833319384714
2.0,4.495537730817465
8.0,4.012954479069889
7.0,4.1050557264618455
3.0,4.242069865787358
3.8,3.977634645744677
5.0,4.2244894022544575
5.0,4.38825123637312
4.4,4.15609478423412
6.2,4.249845158905804
2.0,4.019066357547153
2.0,3.9378121862335496
4.1,3.745798890754511
2.0,3.1455573165413346
7.0,3.085641625338389
5.4,3.221558314089283
3.0,3.4389319764501027
6.0,3.3284342924821444
6.0,3.1701335835420195
0.0,3.231821338847233
5.0,3.0555153742311383
5.5,3.8530344688943887
7.5,4.589317206710799
9.0,4.680172648729772
5.0,4.589607164263482
3.0,4.508746434361554
6.0,4.222601524078108
16.0,4.10497621778935
1.0,4.295685310664289
3.0,4.265072657885403
1.0,3.967380672582467
4.0,3.829129713459198
1.0,3.8276840225749877
2.0,3.4844453522446592
3.0,3.160211929060603
5.0,3.1191722615052875
4.0,3.1698831132342224
5.0,3.128291021154801
0.0,2.8732211464255397
2.0,2.960119375408602
5.0,3.017067572578833
0.0,2.8836079800539025
6.0,3.2187172040640535
3.4,3.1504278898201767
0.0,3.332982939179552
0.0,4.063143062020637
2.0,3.594534863735272
6.0,3.6138035381941775
3.5,4.064306243574156
0.0,4.134357876612816
8.5,3.953011148344474
4.0,3.785834694902788
2.0,3.8527347762118693
8.0,3.923164271660337
6.0,3.395880102762368
0.0,3.271779604871542
5.0,3.446019217575696
6.0,2.919643998078377
1.0,2.7381852468568257
3.0,2.772117005923641
3.0,2.8417855686186564
6.0,2.680446164810481
5.7,2.64541138177306
5.8,2.8210714729294795
5.5,3.116269668549089
1.0,2.8477084529581265
0.0,2.8111662659750647
0.0,2.746365555413003
0.0,3.7215994088362425
7.0,3.531891177778428
11.0,3.852504269486365
6.0,4.261379253386579
7.0,4.485235748160427
3.8,3.725252786693488
3.0,3.916759304517463
2.0,4.070001170156838
6.0,3.9741104354507177
5.0,3.683231132618033
0.0,3.2975385265758823
4.0,3.3558999468537714
2.0,3.6570138631901874
4.0,2.995787333057896
0.0,3.3452108376029046
8.0,3.301542057759488
1.0,3.0773874698360104
4.0,3.333655634999448
5.0,3.1165128505486344
5.0,2.9693301684299427
6.0,3.049377072744105
2.0,3.093692221488884
3.0,3.190501000866626
0.0,3.0078149705221704
8.0,4.376857201161321
4.0,4.2927783865042315
7.0,4.361501524111217
7.0,4.328441022821592
4.0,3.9465247045138225
7.0,3.879348516863175
2.0,3.839204705110892
9.0,4.149923020931174
6.0,4.067317237224779
7.0,3.6841528029425006
4.0,3.57130313364499
1.0,3.3868512348566617
4.0,3.254002866429608
5.0,2.9694724916734994
3.0,2.881674044525399
5.0,2.908065274582613
1.0,3.0269918408435585
2.0,3.1520670613178448
3.0,2.7825723766520256
3.0,2.798692598623946
1.0,3.019392176842867
4.0,2.9689620175598166
2.0,2.817976967376052
4.0,3.8391453449244586
10.0,4.240201248297013
8.0,4.515910211648097
5.2,4.299269577278641
9.0,3.8596290347891418
2.0,3.6836549860049455
2.0,3.7782964219315027
4.7,3.5665248415356854
5.8,3.842708476710774
15.0,3.9501789737276782
4.0,3.7248494110388854
3.0,3.515738110693871
3.0,3.080865721881466
1.8,2.9521590572553658
0.0,3.4102615308049637
1.0,3.199866609550901
4.9,3.333393204953087
0.0,3.2213800916627746
3.6,2.9135856219052894
7.0,2.914181031747355
2.0,2.936295646169202
0.0,2.8567188464136812
0.0,2.815880697533387
9.0,4.109525211417564
3.0,4.406795430098494
4.0,4.512461505508617
3.0,4.037068649887735
6.0,3.7597915171736536
3.1,3.9850823208243793
3.3,3.7370566083340035
0.0,3.6066848619216145
3.2,3.6650541933932423
2.0,3.6327436098505035
1.8,3.411757697826165
4.0,3.354930445163632
0.0,3.5456303943488576
5.0,3.3048317423044637
3.0,2.995230900131685
3.0,3.188388306206238
1.0,3.096117274313706
4.5,3.0253024359968044
4.0,2.8418936444204923
2.0,2.905683111172926
3.0,2.9308913199770834
2.0,3.2130778738899477
2.0,3.0471178426389165
0.0,2.7172021972354368
4.0,3.7554459025998357
10.0,3.989686700096493
4.4,4.859223489128253
2.5,4.589808934787073
1.0,4.156373737179808
3.0,4.241603632960586
0.0,3.9520300414777663
0.0,3.8775884964581877
0.0,3.9742254272175366
6.0,3.637255115266769
2.0,3.5351458039851535
5.2,3.3974439360564714
2.6,3.551193399125203
3.2,3.0106340812982477
0.0,2.636697909948046
0.0,2.6872709949492104
5.0,2.8555007154568663
4.0,2.9015340077672556
0.0,2.8922714495125317
0.0,2.8475730397080214
5.0,2.8226861936230505
0.0,2.6099315169325688
4.0,2.725251296695053
3.0,2.6248007705259644
5.0,4.2413228750617575
2.0,4.559764446432233
2.2,4.534752870100698
0.3,4.44691826034473
0.0,4.089315411300242
2.4,3.797637426375622
3.0,3.7766374810948253
0.0,3.9124236984507275
4.0,3.887804684603919
0.0,3.6484103354564277
5.0,4.074647363739477
0.0,3.8586952403748374
3.0,3.644529208754065
0.0,3.3901491858105994
0.0,3.3434675250381893
4.0,3.10967489777646
4.0,3.082994289412231
3.0,3.3002117658492898
2.0,3.3153950432482184
4.0,3.4430193397361872
2.0,3.286666927318725
7.0,3.146535826808976
0.0,3.240252759974256
2.0,3.1201671654260927
2.0,4.348311825326738
3.0,4.429506405038761
8.0,4.378514789594429
3.0,4.072313631677501
0.0,3.942734920464994
2.9,3.7528261813257195
1.0,3.826685206194932
6.0,4.5304092010444865
1.0,3.838504003964378
9.0,4.404078424811545
4.5,4.175198483202552
1.0,4.264161743588004
3.2,4.47430037745914
2.0,4.511626884569365
3.0,4.405253410480959
3.4,3.975341197525453
4.0,4.086935495372108
1.0,3.944010266839987
0.0,3.942182474173198
4.0,4.009082871992091
6.0,3.6382968098577133
2.0,3.919050096310022
10.0,3.2755734259122744
6.0,4.610660346113204
5.6,4.795643314792822
10.0,4.899696196208288
3.0,4.78028973398237
3.0,4.552370046616472
11.0,4.715244181696078
5.4,4.278179375802349
4.4,3.946155321333145
5.1,4.08322003196756
2.0,4.116388238942853
1.0,3.9556973635329165
5.6,3.8706912409959826
5.0,3.972423681463662
5.0,3.6463009969598015
14.0,3.3825497801321873
8.0,3.4644801119208832
9.0,3.277804689514531
3.0,3.7172300343847247
18.0,4.15768744076751
9.0,4.365889447529554
18.0,4.156973664892738
14.0,4.222058281548634
13.0,4.719162632803006
17.0,5.408236351258918
9.0,6.231933120156701
11.0,6.123430579828155
4.0,6.383652864241112
6.0,6.387459617867909
1.0,5.637354109018575
7.0,5.374195117469688
14.3,5.381509532635277
15.0,5.710800084408732
7.0,5.579998575806359
8.0,5.495543502087514
5.0,5.037515499097593
16.8,4.55629049937013
3.0,4.333659293684401
15.0,3.9965291616534335
6.8,4.094642007934376
8.0,4.826096318125302
16.0,4.762710624348703
4.0,5.15485163180101
6.0,4.765265243633735
10.1,4.123990427085588
12.0,4.195363376805449
10.8,4.230976503044889
0.0,4.089779142862192
3.0,4.062478880724966
8.0,5.284624357786802
9.0,5.65665697464923
6.0,5.646564498512038
13.0,5.172157843840471
0.6,5.302326163288835
10.0,5.301031140373638
5.0,5.110642058435164
4.0,5.018757716064121
4.1,4.726577073339616
5.0,4.6519839353922
3.0,4.631400204382493
11.0,4.184386082044637
5.0,4.226990862250917
7.0,4.178402743034464
4.0,4.017966572414529
7.0,3.7433084608290486
9.0,4.201059658159717
11.7,3.7134554063020104
11.1,3.3114998531407425
12.4,4.036582581479849
8.0,3.8535493951771835
9.0,4.24051616533929
0.0,4.376984189999917
4.0,4.540649124311714
11.0,5.370228415378858
12.7,5.632661754649627
0.0,5.204005442061744
2.0,5.165570469720873
7.0,4.7890687836981956
1.0,4.311517189702514
12.0,4.336149409350244
0.0,4.157412304468528
0.0,4.153938339339527
6.5,3.949500085753533
8.5,4.008623758626506
2.0,4.571097347894358
3.0,4.236805422488779
4.0,4.057702934734307
12.0,3.9891899587654702
10.0,3.6430032546465463
7.5,4.3082218289433
1.0,4.485212442723937
1.0,4.22316344381717
8.0,4.22621064659739
6.0,3.9107086990742768
2.0,4.216985231217007
7.0,3.9412667935561494
8.0,4.199206626835838
0.0,5.428503026683893
0.0,5.2686601958443475
8.0,4.879505330718313
6.5,4.988724891427402
2.0,4.673052593416829
4.0,4.256398856542615
0.0,4.399648366054477
3.0,4.467987259236349
4.0,4.039811722024061
0.0,4.024127368466993
3.4,4.065871066602613
0.0,4.134577256336175
1.0,4.084243511547073
3.0,3.7463735980165893
4.6,3.8304258112490865
2.0,3.645606379016965
0.0,3.8412458594243133
3.0,3.6279086629381254
4.0,3.6194190466235803
2.0,3.7590350671246693
6.1,3.8969177325860342
0.0,3.729269662983072
5.0,3.615160574406264
0.0,3.4771135711358645
6.8,4.667354687709757
6.0,4.323178206431009
8.0,4.431678664801672
7.0,4.424175284184411
7.0,4.138281030452046
1.0,3.9853140538275933
6.0,4.026442609106396
6.5,3.8383041552983364
5.1,3.940081339033785
3.0,3.854014700515634
6.0,3.9672994462933167
0.0,3.9682253778283423
6.0,3.8081794511825073
2.0,3.622656544424192
9.0,3.8277731861466733
0.0,3.6385839425195026
2.0,3.6055761626318503
5.1,3.650036062616898
5.0,3.455938956420319
7.0,4.094263420181107
22.0,4.099000585104056
9.3,3.620491686844438
0.0,4.091741268623972
2.0,3.8994496995545975
7.0,4.3156625177680334
6.0,4.5960345692209765
5.0,4.786335369804227
1.0,4.227408307961799
2.0,4.263950501588008
13.0,4.044853839651218
11.0,4.207202647026939
20.0,4.150670407934087
13.0,4.091775775367664
14.0,3.6559591972831775
5.3,3.6475873690970166
7.2,4.209177562734032
15.0,4.735082501238965
1.0,4.7670509440485285
2.0,4.848476732256885
7.4,5.481409557135495
24.0,6.101308650501913
2.0,5.644301741079494
28.0,5.517244073027909
4.0,5.3955233783464775
8.0,5.497658197116585
0.0,4.967336964378095
3.0,6.5500643832415
5.3,6.307868162585933
0.0,5.884941694377196
9.0,5.733122113535524
15.0,5.025160488357447
4.5,4.939842611201109
13.0,4.640947461497579
3.9,4.941469444798152
3.1,4.494293468787145
13.0,4.203865155415058
5.0,4.341969784501371
0.0,4.6057330385126445
21.0,4.6681378082234914
24.0,4.392595786046222
2.0,4.698025287518355
6.4,5.1734274380078435
16.0,4.4662358371307835
1.0,5.160937980257893
15.0,5.560175345686488
15.0,5.81492031695705
21.0,5.685914470168394
18.0,5.603089521723546
10.0,5.875023045448918
23.0,5.815191673375799
17.0,6.044775108912369
12.0,6.772043281717488
17.3,6.84662610373013
5.0,6.926815293767271
9.0,6.294608450591263
19.0,5.780805832676509
15.0,4.827269222323222
17.2,4.081914425887764
17.5,4.147028670414859
0.0,4.170798972797966
0.0,3.9599791440824825
3.0,4.1061885260802855
5.0,4.507058308497575
5.0,3.9110924336979593
6.2,4.124128813519892
2.0,3.7201919472770144
2.0,3.6309862558357255
17.0,3.597531103868458
6.7,3.3177102589566108
6.0,3.0977477715888417
11.0,3.24872368881741
3.0,3.090481774740201
14.0,2.9316857028239953
7.0,2.915240874295114
3.3,3.997523573112243
3.0,4.079807042646072
5.0,3.8598212642996446
3.4,3.888456915818775
8.0,3.9219057420245673
7.0,3.5973434637531563
7.0,3.660299143163975
1.7,3.3971764040854757
2.7,3.4037241186630145
3.9,3.7030960575776497
4.8,3.4836953511831603
5.0,3.629279583823635
3.5,3.5514043516608673
3.0,3.33514247295585
8.0,3.322780201059823
3.5,3.3217778493345285
5.0,3.270013642261749
9.0,3.4271813207028203
4.9,3.334319188361768
1.0,3.4140283417025272
4.0,3.6929864943928026
4.0,3.3902633217339595
2.0,3.527127586796168
12.0,3.3863407953029654
10.0,4.406671648017506
4.0,4.903743856330228
9.0,5.011219537805208
4.0,5.168609880663586
7.3,5.012022642096814
5.0,4.573928750702564
6.0,4.6433598746522815
6.0,4.12712050154181
1.0,3.905718609643982
4.8,4.265167654312554
2.0,4.172958464584638
4.0,4.399417393292503
3.0,4.287610292598422
5.6,3.443503960714353
5.0,3.622012762325363
4.0,3.761223550458669
4.0,3.557210629405269
5.1,3.4586329439879697
2.0,3.2223639272357976
0.0,3.071574332227506
1.0,3.1458525699716446
3.0,3.086573905734351
0.0,2.8454977930184358
4.2,2.84117952718409
9.0,3.9448411420977774
13.0,4.40879892453387
3.7,4.543610260340077
3.0,4.886929688673782
0.0,4.766885786771444
7.0,4.2784547698060225
2.0,4.68908537483534
11.0,4.5378679412458
3.0,4.166476736191627
8.0,4.038056706624405
3.0,3.851820437569879
5.2,3.8267253160563666
5.6,3.8716831481224614
3.0,3.21285290701533
0.0,3.491982814768869
4.0,3.3756607014687505
0.0,2.9922435418275546
2.0,2.8876151747766916
4.9,2.8601846301421787
4.1,2.880383092885567
0.0,3.2531433204083613
2.0,3.208855505734424
2.0,2.7025264276340266
0.0,2.533595288792512
4.0,4.043557950740206
9.0,4.558810378790505
0.0,4.535843063452947
3.0,4.318198425074271
0.0,4.119992289381015
0.0,4.178398731143405
3.0,4.621569590999156
3.0,4.08069637544962
1.0,4.012834576322105
2.0,4.180461078021274
2.0,3.646825151693617
0.0,3.4241817428992145
3.2,3.464915296911254
4.0,2.9101440651198445
0.0,2.8555027214631563
0.0,2.901990605477192
2.7,2.612751715692955
0.0,2.724880793612438
2.2,2.5515719935565557
6.0,2.66355235886185
2.0,3.0687247969171785
0.0,2.9932200104157918
0.0,2.8398926711959915
12.0,2.3837867514650757
3.0,3.5860462102511383
0.0,3.848076818097531
1.0,3.780594045304123
3.0,3.655017832438426
6.0,3.8271463176399756
0.0,4.296793108312108
2.8,4.141280494535685
5.0,3.9501678167028325
1.4,3.6563282055949506
2.0,3.9653654278977903
1.0,3.5392597907938423
7.0,3.5407107686238923
0.0,3.6082672536524765
2.0,3.10144030965241
2.1,2.77644626163901
3.0,2.9136190072433585
1.0,2.7635710592210967
0.0,3.067195908850173
2.7,3.1388410337296353
0.0,3.1540595403796496
5.0,2.9494714519667804
4.0,2.947228018218016
6.0,2.9937015235635034
2.0,2.882382232388317
4.0,4.403331812111127
5.0,4.292615871698713
3.0,5.038772256794196
0.0,4.126416450093514
0.0,3.6839777394628865
2.0,3.792964320736356
7.0,3.6989728416005194
2.0,3.6462392442462153
1.0,3.5895318880876665
3.2,3.514186790443586
2.0,3.5754881624294175
3.0,3.418310145269189
2.0,3.605915616059088
4.0,3.2692533326716915
6.0,2.9612123678036264
4.0,2.8518985685016345
0.0,2.9972109279297263
1.0,2.9578290560781935
2.0,2.7692226482871876
7.5,2.7525273867201303
4.0,2.957192061842228
2.0,2.965709868014742
5.0,2.6469353187036884
4.1,3.0447896383436532
2.0,4.125781317543501
4.0,4.054108322817193
10.0,4.370080482288862
4.0,4.271875201089972
4.0,3.9463810722520436
4.0,3.744907904548219
1.0,3.8168946582261873
3.9,4.063115949011443
0.0,3.8026173231373432
1.0,3.6986873439734382
5.0,3.74403677589683
5.0,4.036659560083467
0.0,3.688760330760509
4.0,3.1124383146741144
2.0,3.6431489828191093
0.0,3.225397620685435
9.0,2.9819307510723525
2.0,3.3339616183115965
1.0,3.134024666188266
3.0,2.8130637009493604
1.0,3.1692620801500055
4.0,3.3689575771035494
1.0,3.34908417325887
2.0,3.568251204256835
0.0,4.753462573967701
1.0,4.290261576850734
4.0,4.14242078436033
6.0,4.196435386420319
12.0,3.8800431357628433
0.0,3.6481225186553705
3.0,3.663752895025319
7.0,3.6124346444309463
2.7,3.338640947947154
0.0,3.5605030162427695
6.9,3.6251365175016548
5.1,3.4578065004834584
1.0,3.5963032801056145
7.1,3.519936970889326
4.0,3.26018419087817
5.0,3.1025329010335514
3.4,3.140357107275252
4.2,2.7267135737738677
7.0,2.7626225532647983
4.8,2.571372567340888
2.0,2.7244326128951255
1.0,2.812112015278191
0.0,2.609661555975986
3.6,2.583107198660069
0.0,4.310477282500048
11.0,4.482708888028801
8.0,4.097675550416772
3.0,3.9086103234537686
11.0,3.896719744115911
4.0,3.843902055300587
7.0,3.6991495314913756
2.0,3.6261396816246996
3.0,3.4926229842268564
0.0,3.699913081799876
5.0,3.6631051875944665
0.1,3.461418913463142
3.6,3.505570624315144
0.0,3.4541603371662095
6.0,3.4418274354962723
0.0,3.2628679554017572
1.0,3.10571161751733
5.0,3.396272439630838
1.0,3.3901759716059434
0.0,3.199418684186986
3.6,3.2220009295697314
6.1,3.2407195733045957
3.6,3.0809150163739742
6.0,3.0271464527924197
0.0,4.65577563539307
4.0,4.323910028475827
7.0,4.1245865765427
0.0,3.9513379207197357
17.0,3.7874651430592663
3.7,3.5509483239904505
2.0,3.482908257782917
3.1,3.553045805233494
5.0,3.5739116075803787
11.0,3.924902537892891
4.8,3.7744470235057963
7.0,3.830186311234713
3.0,3.7042781072659667
5.0,3.388338829616975
2.0,3.5561472439063273
2.0,3.2553738915010517
2.0,3.001417797058
3.0,3.0713882161729398
0.0,3.2370619561915523
5.4,3.22703309189574
1.0,3.0201265608473062
1.0,3.3378921795580556
3.0,3.284459417087664
5.0,3.1851184040617775
10.0,4.652558527186945
2.7,4.589768918691364
4.0,4.559769718131893
2.0,4.37717201771459
2.0,4.242056940770872
2.0,3.9699048338812313
2.0,3.857658620703512
3.1,3.6951054840450617
3.0,3.7728607482275955
6.0,3.785136739671309
2.0,3.9411366015375373
0.0,4.054211951349716
3.0,3.981493182499055
9.0,4.048205889274788
3.1,3.914082573258632
0.0,4.027982541270576
5.0,3.861276795515261
3.5,3.5583608264209707
3.0,3.298793436167175
4.4,3.4643352601958863
4.0,3.2553688947497488
0.7,3.329545170617606
2.0,3.321237816859104
4.7,4.4992256335441745
0.0,4.448148449309097
0.0,4.2340530447541225
5.9,4.111669393132717
4.0,3.7484477474833113
4.0,3.711717019749556
8.0,3.9080996439113136
3.4,3.7571231073645426
8.0,3.986953277850752
6.0,3.9589353548115898
0.0,3.883858053561785
0.0,4.113747570588108
3.5,3.935552860093963
4.0,3.79591739698944
1.0,4.158928448448006
2.0,3.7664236010602163
8.0,3.3591626773705956
14.0,3.5537880098431858
5.0,2.8388021206509584
3.2,3.048955458803168
2.9,2.9520870570322604
1.0,2.7124637933610622
1.0,2.7818865544756393
1.0,3.4928266606542215
13.0,4.197050139329498
6.0,4.3371632276860295
1.0,4.315049633305816
8.0,4.615840232423257
1.0,4.176924591603179
1.0,4.132589972326402
3.0,4.198810595943769
8.0,3.87861394855146
2.0,3.7941526266728287
2.0,3.930626648576955
7.0,3.7177654587538
3.0,3.8791878157020916
2.7,3.569722339090856
4.0,3.9038431546346968
4.9,3.6924145027579987
1.0,3.0148040940328853
3.5,3.580188239191475
2.0,3.1308803297088184
4.0,3.355208795666669
2.0,2.920270480103371
2.0,3.2694691277842893
3.0,3.146291448483293
1.0,3.5779000295654253
2.6,4.7649847048466745
3.0,4.640240993295604
8.0,4.719528863420827
0.0,4.422357800822199
3.0,4.1342547610983305
3.1,3.900245255580127
7.0,4.037561133920028
10.0,3.890037603563195
1.0,3.5456374043401326
3.0,3.624515098987019
6.0,3.7108133060309627
6.0,3.403142926464944
4.0,3.2265000843761453
4.0,3.116945368588077
4.0,3.103363529560318
0.0,2.858236207504824
4.0,2.8611377476085473
0.0,2.821004190466541
2.0,2.807076035483054
0.0,2.963467709031227
3.2,4.944214545779438
4.0,4.486965866582107
2.8,4.426043272131391
3.0,3.8952553681480384
5.0,3.837236610371966
3.0,3.676029877564753
0.0,3.614210053431822
3.0,3.582996577860116
2.7,3.4478647088396714
6.0,3.5770682104627087
3.1,3.3453902832938924
3.0,3.4441435063451498
4.0,3.00765021553561
0.0,3.0435080785606723
11.0,2.8451042491224814
1.0,2.865591175825504
2.0,2.9860529007501664
3.0,2.8277736070500614
0.0,2.9031306128245005
1.0,2.920209705909575
6.0,3.084758330667713
3.2,3.092627068382379
1.0,3.0011827664849426
7.0,4.504534866203646
8.0,4.388959569573323
14.0,4.060655387752732
11.0,4.087622066983333
5.0,4.0644196048855825
0.0,4.046024267095526
8.0,4.038959173416044
3.9,3.8519136709773796
6.0,3.9121939929263427
3.0,3.9413185667924644
4.0,3.52441320435464
4.0,3.3989665751903337
4.4,3.476596835986156
10.0,3.4037462306348893
2.0,2.929348427733276
0.0,3.0198097015573917
1.0,3.056689185530675
3.3,2.9208719570659816
3.0,2.973383247929507
1.0,3.036865428849809
4.0,2.9229808141010727
1.0,2.9382067638936165
1.0,2.873813041489075
5.0,3.130802441009635
5.0,4.57949333886228
0.0,4.162054539405509
0.0,4.287332125768877
7.0,3.9875538459655098
5.0,3.6991746864333934
0.0,3.781071674996894
1.0,3.575638617558255
3.0,3.509756578974839
0.0,3.381317168291542
2.0,3.385452742361506
0.0,3.5615736065096137
1.0,3.3598467219936223
6.0,3.032144124754629
2.0,3.0236885723983815
4.0,3.157057964671412
2.0,3.059644703538986
0.0,3.0377670415681184
3.0,2.8210932771522987
0.0,3.1684022068917437
3.0,3.0900184048932706
1.0,3.2024165904783763
3.0,3.1355217555379915
2.0,3.096250875156892
10.0,3.345925837917336
1.0,4.680643067932284
1.0,4.502370456928198
2.0,4.690710651247218
5.0,4.8119659725734705
0.0,4.487131698953454
0.0,4.495191665966029
3.4,3.7693118894709774
5.0,3.9202208642739182
5.0,4.0065504036388635
1.0,4.131272215747509
3.8,4.083589918708901
3.0,4.016140062532513
3.2,3.9882187615016864
2.9,4.019316877646658
4.0,4.291610431185296
0.0,4.207201327941185
10.0,4.499614346041834
12.0,4.428101243531861
3.0,4.532121846927074
5.0,4.6125111977979305
1.0,4.876179021844294
3.0,4.597031247731193
6.0,4.661793746414624
0.0,4.4661373969208675
1.0,5.886530341100424
5.0,5.410938013172635
3.0,5.061155137433213
3.0,4.964424099109479
2.0,4.451406539495694
5.0,4.53592323982849
3.0,4.34177211351763
6.0,4.0549138508193625
6.1,4.1341447192118235
4.0,4.319636301208463
1.0,4.283488235626992
3.0,4.977384761442371
5.0,5.3268009424207
8.0,4.835694419102057
0.0,4.50708666790488
4.0,5.426614565311734
5.0,6.782587662475988
3.0,39.25022512864467
6.0,6.820970510091865
0.0,15.607218636008058
6.7,6.253921163373931
6.7,6.070665983778904
3.0,6.852588543049075
1.0,5.544993236259199
6.0,7.333992541586884
6.0,5.932973752381731
11.0,5.585173898022904
10.0,5.232789999452486
3.0,5.087108065690916
10.0,5.091510161435183
10.0,5.220927634463257
11.0,4.888516191518062
10.0,4.826072772430216
4.0,4.676527634328468
9.0,4.400030305134178
11.8,4.273104259820233
5.0,4.558901275112705
6.0,4.3920889614509315
4.0,4.571974070802138
13.0,4.526364120436828
2.0,4.105967375587722
3.0,4.513430568532161
8.8,4.077807056767847
2.0,4.65610094827302
9.6,4.746260721562745
7.7,4.267127940337202
5.0,5.446912322376844
12.0,5.428847629129288
1.0,4.936984276319427
6.0,4.713986264672365
5.0,4.6961293012513385
2.0,4.3562577116103816
5.0,4.343351243973481
11.0,4.682848848213341
0.0,4.425002509417953
6.0,4.45814919368148
5.0,4.66808597804467
3.0,4.506384623110628
3.0,4.6537055986036115
5.0,4.025571115682173
5.0,4.172450468876354
3.0,4.519811257763437
9.0,3.503021002269964
8.0,3.390424328047902
5.0,3.5615712905004844
2.0,2.894930766035785
4.0,3.551781014461167
1.0,3.5750735591190983
3.0,3.2320823372904894
5.0,3.531002772416759
6.6,4.690332318703908
0.0,4.555649990854261
9.0,4.428610718964479
9.6,4.266073893757296
0.0,4.024933413724652
12.0,3.9414877259285843
7.7,3.8262301431080754
8.0,3.7464579088778738
0.0,3.67624880901045
8.7,3.8514434643200914
5.0,3.6607766937727564
0.0,3.7028433423097242
4.0,3.8974358016470823
2.0,3.5783065903826223
5.0,3.5997856763819778
8.0,3.4495198392582673
2.0,3.693735834663955
7.7,3.5433473032415326
0.0,3.193946278549519
5.0,3.190537541447816
5.0,3.401910529309359
5.0,3.0136326437618832
3.0,3.0076789250686997
10.7,3.152051458135999
5.0,4.895369401157835
1.0,4.114008512700519
6.0,4.2803106485924
4.0,4.206159016261186
4.0,3.9890465075942005
0.0,4.005383909544696
4.0,3.794203609527436
8.0,3.7532577049540277
0.0,3.643559230209527
4.0,3.6130573368857823
0.0,3.7538934279652523
0.0,3.8228202901634574
6.0,4.261908450484364
7.0,3.8594020921717727
3.0,3.9725743088327983
3.0,3.717280609383937
5.7,3.4794025687840966
5.0,2.873512004298023
2.0,3.032824698295454
7.7,3.2799142090359945
0.0,3.148102152894818
5.0,3.1848358023943226
2.9,3.3578814027386126
8.0,3.273699423368919
7.0,5.444996560598918
6.0,4.647921445074316
5.0,4.572993697097212
6.0,4.571737787196195
0.0,4.34918487227669
3.0,3.91666368349426
1.0,3.76885700188574
5.0,3.71752769201024
5.0,4.038927128895304
2.0,4.1224588101043915
0.0,3.839923311227158
2.0,4.252146587562713
3.0,4.120487411113871
5.2,3.7609709865695105
1.0,3.946590479824991
4.0,4.03380861613641
5.0,3.5703481870161635
5.0,4.029214015010834
0.0,3.9425721708119164
3.0,3.5532614823302207
2.0,3.6250541195029853
4.0,3.3140905935846474
0.0,4.728291790090826
10.0,4.408561202036832
1.0,4.276790693563042
4.0,4.102083764505722
3.5,3.9402793838262626
9.0,3.92010529295931
0.0,3.5193973603787794
3.0,3.8421291569164664
2.0,3.712084725612259
3.0,3.7095614832472226
3.0,4.015430979237968
3.0,4.095630218166432
2.0,3.787779066734325
3.0,3.3680578453553696
4.0,3.155792470816667
0.0,3.227280166081546
1.0,2.9492418095738544
3.0,2.978928769478232
4.4,3.087830279996015
1.0,3.417057037047735
0.0,3.075059897412895
2.0,3.1637220303388394
0.0,2.804984838664526
3.0,3.037833792603574
2.0,4.828563146793775
0.0,4.483591820167398
1.0,4.269759498291699
0.0,3.8096400824918604
0.0,3.7397984040882997
7.0,3.635365812518612
0.0,3.5737968279912624
4.2,3.560768372671801
5.0,3.550732845404577
3.6,3.4723712742557353
6.0,3.415461188220418
6.0,3.33372596043456
3.0,3.1334720106825613
4.0,2.831393241845371
2.0,2.5506659673632295
3.0,2.7774968578186408
2.0,2.6857781213355727
4.1,2.781209929266522
0.0,2.827434716219978
2.0,4.021458338936387
4.4,4.344276211892122
5.0,4.289156452066364
2.0,4.1966613253633325
3.0,4.173785102723098
3.5,3.9753112255434986
9.0,3.919636474323118
0.0,3.810089063589016
0.0,3.6368149371442997
3.0,3.469960475719347
3.0,3.4699643122061214
3.2,3.471106987860395
1.0,2.935057501154297
3.0,2.803124043922274
1.0,2.8326624529092674
1.0,3.346440225195828
2.0,2.9617305959646743
0.0,3.1292258314135664
5.0,3.4457563372705033
5.0,2.8726681410813173
6.0,2.801481997315272
4.0,5.1060213854935
3.1,4.471354648890289
8.0,4.424390631371793
4.0,4.349316288983797
4.2,3.7880727006784687
6.0,3.6559751657605712
4.7,3.6260436132497005
2.0,3.7027967768069825
4.0,3.5589200370541394
4.0,3.3466656562564823
5.0,3.284652879153527
3.1,3.5571498180313506
0.0,3.1780251734172293
2.0,3.3352235164518946
3.2,2.9669975676895723
2.0,2.981469243663825
0.0,3.139035543572325
0.0,2.925024801159087
0.0,2.9356730549562577
1.0,2.8872023839202656
2.0,3.1329138457934604
0.0,3.117356650254484
0.0,3.293117572440119
7.0,5.158799446595416
2.0,4.37456383489155
9.0,4.276328600558343
0.0,4.134304272433673
0.0,4.001231272229248
2.0,3.784500984481427
3.0,3.5127343748227746
3.0,3.892329977977443
4.0,3.8815746106785003
0.0,3.9803013113172536
2.0,3.8406628019003497
6.0,3.7979148489096524
6.0,3.560619863502569
6.6,3.5513848123432106
7.0,3.6479373239401776
4.0,3.428016395016149
5.0,3.6063011671895104
7.0,3.5913838188890796
0.0,3.3194204807004937
1.0,3.5253904918321735
0.0,3.5337929751141313
3.0,3.3996104997458474
4.2,3.4917893855390485
6.0,3.2922571050570917
3.9,4.719761144543876
4.0,4.362553967587855
3.2,4.388679303637543
5.0,4.250307435154246
5.0,3.8936074476307354
3.0,3.7682707831896622
3.0,3.993683285740415
5.0,3.8758908034520916
5.0,3.903200342548346
5.0,3.783176364897859
2.0,3.926437747662626
5.9,3.7767310597956345
0.0,3.6549791963284215
3.0,3.1257498523816603
4.0,3.3815182623564732
2.0,3.3112748586637686
2.0,3.221726146866991
5.0,2.94634439625369
9.0,3.2647856863126927
3.0,3.4444396727143314
2.0,4.0252865967059845
1.0,3.585109574628084
1.0,3.2331930114851666
6.0,4.973319336421543
5.8,4.475535164606314
12.0,4.157958916986456
3.0,3.9261171123589054
5.5,3.736206177504812
2.0,3.694347679255825
3.0,3.5458490824266913
6.0,3.692817243196896
6.0,3.7750073783538958
1.0,3.788413866516131
2.0,3.521228967316177
9.0,3.871563339501271
1.0,3.965777327219424
5.0,3.8467349097676897
3.2,3.577881751934013
3.5,3.286575391227141
0.0,3.519744245082721
4.0,2.9413158887547532
5.0,3.0001055428129693
5.0,2.9301799919048133
1.0,2.871178595381703
3.0,3.0057705585181735
0.0,2.8915489684183204
4.2,2.8940972526596322
4.7,4.867944630077367
7.0,4.201175405129996
3.0,4.290770373185279
4.4,4.2338064808243425
5.0,3.868627600118496
4.0,3.904374983712927
6.0,3.537211285085294
2.5,3.447206734671655
2.5,3.51228313253084
1.0,3.6277243045416276
2.5,3.663983762277929
7.0,3.396554421605722
4.0,3.1017799940205486
3.0,3.083532879596855
4.4,2.6523560507553676
0.0,3.025241040455409
4.7,2.698507530360047
0.0,2.9186688330432604
6.0,2.8819284086746446
3.0,2.790521684031535
4.0,2.8351592201850013
0.0,2.7953745032906445
3.8,2.801888071180045
4.0,2.7786681342955504
0.0,3.9609022187211926
0.0,4.296514899342447
0.0,4.039923918638289
3.0,4.271816315276212
16.0,3.973741601832739
6.0,3.898323121644309
9.0,3.9067516493966616
1.0,3.58426592219227
1.0,3.6049236012757846
4.0,3.8061805619253373
4.0,3.608015463236673
2.0,3.1252531142796722
11.0,3.1022151143382657
9.0,3.054409408075614
2.0,3.0811195835379497
3.3,2.8448474662504513
2.0,2.9266902563545716
3.0,2.8674422853178023
3.1,2.919951926586425
1.0,2.6151230601761437
0.0,2.9640402077750734
0.0,2.890306729704357
0.0,2.6352639494187726
2.0,2.6261383386266983
9.0,4.476778405749133
7.0,4.353969830105869
5.0,4.289758320190929
1.0,3.869439818220589
0.0,4.166725269384014
4.0,4.001866625034514
7.0,3.9019815289559956
6.0,3.7632999772606035
3.0,3.5875642426295475
12.0,3.5498845573787547
4.0,3.318521432550383
4.0,3.2694895333070946
3.0,3.0029640125104713
3.0,2.9669686163997806
6.0,2.9400311906685372
2.0,3.053216946486507
6.0,3.149173777746438
3.0,2.961947479013678
3.3,2.9395024610282263
0.0,3.04346297348724
3.0,2.7725468129157824
1.0,2.841919920436814
2.0,3.0073734627823745
2.0,4.616893468019769
10.0,4.229090125821705
1.0,4.33465090119464
7.0,3.851829708976347
0.0,3.8119924451050204
5.0,3.689814044930898
3.7,3.9222870006397113
0.0,3.781421528968537
2.0,3.6493794206348387
1.0,3.715468798642833
0.0,3.7059514119674084
0.0,3.5462350326754093
3.0,3.618101781274824
6.0,3.1385042630732682
4.0,3.139359430473564
2.0,3.1936155461269
3.0,3.0499595783278717
0.0,2.893432209405865
5.0,3.0392556547977216
1.0,2.9166631540701586
2.0,2.889676093650641
6.0,2.9491715080411325
2.0,2.9780634531222803
4.0,2.7421472813182963
6.0,4.779227046988144
6.0,4.484105039468461
5.2,4.419903201362041
0.0,3.9933374512725455
4.6,3.908565955483007
6.0,3.958023386617968
9.0,3.822109546316573
4.0,3.5695102151112432
2.0,3.7794693727139586
10.2,3.6183408091871176
3.0,3.4826536346360393
0.0,3.671702254256101
5.4,3.2287371616058804
5.9,2.9369287412053273
0.0,2.739779604164461
6.0,2.72067111583477
6.0,3.047124219950983
0.0,2.9580097627679125
4.0,2.867359532557659
6.8,3.1703503863105547
8.0,2.8216827578833126
4.0,2.526228088211014
3.0,2.870453762824346
6.0,2.7747698584032405
0.0,4.463222115362415
5.0,4.2830512173308515
4.0,4.267884591830808
5.6,4.253252408137604
5.0,4.0635186474352905
5.0,3.9458685120930417
5.0,3.7581564603596984
13.0,3.4183435641490334
0.0,3.5591460862614928
3.0,3.5726704859521723
3.0,3.7277185023647132
1.0,3.3750488305064374
3.0,3.4380282851416406
2.0,3.384336047888217
5.1,3.0176820484188847
3.0,3.3577168874079244
8.0,3.199683792587
0.0,3.022037460124438
5.0,3.0366843663591174
1.0,2.9091176809036576
5.0,2.8644788749476415
3.0,2.7163531552198457
0.0,2.9404181484759513
3.0,3.071666617316298
6.0,4.911743987772536
7.0,4.242571024134774
7.0,4.380726769962981
4.0,4.034320621755334
1.0,3.712923819085057
12.0,3.661197445718886
1.0,3.4139776241095063
0.0,3.406188554728593
1.0,3.7236023536024043
7.0,3.505406587281505
6.0,3.436564765129635
5.0,3.2699589302035945
8.0,3.6828548615215047
2.0,3.6526938809819343
5.0,3.2712121766963715
0.0,3.2316399639877855
4.0,3.098564977154263
5.0,2.966559964241243
0.0,3.0884227508535336
2.0,2.8030621195512175
0.0,2.908327730803298
2.0,3.0799281349001535
0.0,3.2267209814996454
2.0,2.905946975476072
4.8,4.66590470297653
9.0,4.1392485999617605
3.0,4.114236177842016
16.0,3.9320960308188897
6.7,4.237596540775781
13.0,3.947971433268243
10.0,3.7937640940945463
4.0,3.834824457678879
0.0,3.8309140256652325
5.1,3.666039933877307
4.0,3.4666886941762574
5.0,3.4241377199081033
2.0,3.4381718977698097
4.5,3.079129953863392
5.7,3.039578806525556
7.0,2.8912984643161557
0.3,3.0994705622382415
4.9,3.038884176331849
0.0,2.7517129735066668
4.0,2.766311568561912
2.0,2.8919089291844444
3.8,2.871712652569449
4.0,2.749331144780128
8.0,2.813597047115429
7.0,4.0221317230065905
5.0,4.286439358388222
1.0,4.446901411134128
2.0,4.096766505189904
4.0,4.038680754921901
5.0,3.7763701512416943
0.0,3.906097128704858
3.1,3.8528652770863503
3.5,3.7112682352068966
8.0,3.582354127459272
7.0,3.6427977668537026
0.0,3.8035041587511094
1.0,3.218087819621486
3.0,3.2333973494281283
3.0,3.390210574430924
4.0,3.125896911603621
2.0,3.0692206826182438
1.0,3.2928206280149506
1.0,2.9805351110609637
0.0,3.463731847337467
5.0,3.318383518492518
5.5,3.108183121806328
1.0,3.0185990256567026
2.0,4.783208631422344
2.0,4.18271153385947
2.5,4.131141806717621
7.0,4.002084390539805
3.0,3.8238651275381073
2.4,3.867508897065206
3.3,3.790611053437156
4.0,3.9348258642070766
4.0,3.9779606540266426
2.0,4.108798487129127
9.0,3.9077388012374152
0.0,3.4482427357437717
4.0,3.477909106052624
5.0,3.1312623033823814
0.0,2.7784764490682234
4.0,2.902089517888635
5.5,2.7309345423207376
0.0,2.900273798669542
4.0,2.909230567121647
2.8,2.691118673349913
6.0,2.6541654458302992
4.1,2.727839115326866
0.0,3.0723137350191987
0.0,2.920880986143839
3.0,4.635736996586702
2.0,3.9951201493327235
0.0,3.950588049406679
4.0,3.6665892039755565
1.0,4.220293802559224
0.0,4.572281908293695
0.0,4.30812532677558
2.9,4.087416850395115
6.0,4.165657509824524
4.7,3.708668185674996
4.0,3.68125833613126
4.0,4.091838424643787
0.0,3.3239338106761047
0.0,3.3472803628476586
5.0,3.4803365674208924
6.0,3.205358167322587
3.0,3.0591296731256388
7.1,3.0055224666570832
1.0,3.0501112566340045
6.4,3.13188147823766
0.0,2.7036758494697364
3.0,3.200380239030261
2.0,3.204583637564541
3.3,3.3549071393311585
11.0,4.650195092579591
8.0,4.7064308104092385
4.3,4.381147819780137
5.0,4.397927441201408
0.0,4.330163630879355
4.0,4.388552178645162
4.0,4.236345558000539
4.5,4.15474047561522
2.0,3.713166604265328
1.0,3.42479862358374
0.0,3.472712833322353
4.1,3.3507814994306746
0.0,3.056351427589788
3.0,3.5039858241716737
0.0,3.5042481042988864
1.0,3.287617217155935
7.5,3.2723670467824237
5.7,3.160915766407779
9.0,3.077996460929674
14.0,4.417077669838601
6.0,3.863864063286297
3.0,4.396027243034089
6.5,4.595327424677079
6.9,4.2326857211205695
7.0,3.938004223485386
2.6,4.024376700711438
4.0,3.7869646211871277
1.0,3.896262336870176
1.0,4.016365151746045
2.0,3.960575398019078
1.0,3.518681978394291
0.0,3.2884565401124912
5.0,3.3548817958128363
2.0,2.9321416306308765
0.0,3.178377223136727
0.0,3.202970465136159
4.6,3.019825512172019
5.0,3.3437634559430367
0.0,3.307236665577825
4.0,3.0605303345548465
0.0,2.724030328818934
5.0,3.002377024003261
10.0,4.502589127747864
0.0,4.199795536311223
6.0,4.121638350875027
0.0,3.7815225485098938
2.7,3.691298652170705
4.5,3.700717130619465
1.9,3.780385647608733
0.0,3.4807795313330514
1.0,3.6971502682431803
3.0,3.7378330125596593
2.0,3.230088305961614
3.0,3.1767406849062816
2.9,2.8109595184563188
2.0,2.763750241531301
0.0,2.5711311335543776
3.0,2.623005324106036
6.0,2.8302953682983403
3.0,2.9296675480541245
3.1,2.7996411104961307
0.0,2.729823976433987
5.0,2.9153013721732326
0.0,2.6617397715612077
5.0,2.964930119939298
2.7,4.896257593590619
0.0,4.457966522250795
2.0,4.115422565699346
1.0,3.9852169350445013
2.0,3.7687122150631724
5.0,3.5874852100214447
5.0,3.4828077764436127
4.0,3.6734678728358077
1.0,3.3809561635972307
0.0,3.3575172820638572
0.0,3.40719545596975
0.0,3.3064473277466373
1.0,3.5580356590982642
2.0,3.2842264782842925
3.0,3.0731983171284085
0.1,3.024396187229501
1.0,3.12811756218158
0.0,2.895976300199526
2.0,3.0275435205796075
1.0,3.0507799333756456
2.5,2.8337827056446723
0.0,2.9348801842598564
3.6,2.9613766722779227
3.4,2.6906460396981746
6.0,4.61796839202331
0.0,4.105075490225725
6.0,4.000384396124132
6.0,4.180666058898462
6.0,3.6109728980209552
6.0,3.5412594980696004
3.0,3.6209053389476793
6.0,3.5897485601534913
9.0,3.6456159728242503
6.0,3.433419192573276
0.0,3.5502698103537536
6.0,3.521632405842624
2.9,3.550197335425427
0.0,3.10599839789786
4.0,2.8042191566429566
1.0,3.1667412448721
1.0,3.2364666119335026
2.0,2.969858301932733
5.0,3.009571926696775
6.0,2.944946594519599
2.4,2.771056137857079
0.0,2.7848288434709643
2.5,2.8550192143292086
2.5,2.728495748630372
1.0,4.446630993376573
3.1,4.117011051720966
2.0,4.113379409048757
4.0,4.035293603479705
3.0,3.732855137684611
5.1,3.446586476431267
1.0,3.556006033007509
2.0,3.7744351228259894
0.0,3.6517093528765914
4.9,3.627883972823222
4.6,3.431196875406443
2.0,3.323988451750916
6.0,3.0117825967943617
2.0,3.0860542614802955
3.0,3.1355725979018225
1.0,2.823035410061763
2.8,3.18374646731692
3.0,2.7314951779251944
0.0,2.7247912734594157
5.1,2.973876422912808
1.0,2.7449613864859184
2.0,2.692785212824987
3.5,3.029977675534286
1.0,4.533098160698933
3.4,4.309212917839527
2.0,4.40708417241047
2.0,4.039467769807268
3.0,4.029294836851907
3.0,3.648056902684243
0.0,3.7193801744843937
4.0,3.661670011527596
1.0,3.7165628903334786
0.0,3.5626722049483086
3.2,3.5569575724581095
0.0,3.5920701038346894
5.7,2.9404907742816513
4.0,2.9520271255263255
2.0,3.245296571890174
0.0,3.05393061948179
2.0,3.014310634621924
2.0,2.802418150008699
5.0,2.873007069840106
1.0,2.8714183746171664
1.0,2.8720776449547887
3.0,2.765573087428779
0.0,2.8147222884185794
5.0,4.633412521525533
3.0,4.3299449114066775
8.4,4.3319661744348394
6.8,4.183088254122813
2.0,3.828564670535982
8.0,3.8669562918821647
5.0,3.814133578381112
8.0,3.6717395952523693
0.0,3.563620680759596
5.0,3.7432885709353747
2.0,3.4538267015410384
2.0,3.3338779984475724
0.0,3.28244338379291
5.0,2.801998488912217
7.0,2.756120172948286
3.0,2.9960092287831532
3.3,3.0116396051531016
2.9,3.0139839607296395
0.0,3.005274772243464
6.0,3.0146932506922237
8.0,3.009354275524999
3.0,2.98053004043244
2.0,2.88011216842009
0.0,3.1478586913093145
4.1,4.9003545037771685
7.0,4.362966807572489
3.0,4.395952224755474
8.0,4.36746114617996
9.0,4.02338014373681
3.0,3.9176220357521476
0.0,3.7874336534219917
6.0,3.8932805883875004
0.0,3.778726275995225
4.3,4.054376269885987
8.0,3.888135876699838
2.6,3.9727100885529585
4.0,3.791548976212543
4.4,3.2890212859219754
7.0,3.3914923709094227
4.2,3.3007176148211665
1.0,3.0278055218158144
0.0,3.006145734400125
2.0,2.9452612855449245
5.0,2.901960192458425
2.0,2.963804087435801
0.0,2.9923214575335297
4.2,2.8466721178624437
0.0,3.21401533807355
9.0,4.280411050211923
13.0,4.542276122202484
3.0,4.64336410755008
5.0,5.033056096745054
1.0,4.68026813509186
1.0,4.311319443855388
2.0,4.694885879184966
3.6,4.485567788856039
1.0,4.290032008099879
1.0,4.373483566236998
2.0,3.7210540268325007
3.8,3.6181821875800013
1.0,3.716222647134141
3.0,3.394243173947128
3.7,3.2693049252696174
3.9,3.061003795800798
10.0,2.8633374285108357
3.8,2.8650075024150863
1.0,2.8971352450702743
0.0,2.869749304398429
3.0,2.8629505740857515
2.0,3.06790592900183
7.0,2.8741533022132097
15.0,3.0249863880174455
5.0,4.348749139567844
8.0,4.1192518357263355
5.0,4.136231068722598
7.0,4.019635877035509
2.0,3.8349423572436954
10.0,3.635086892978951
2.0,3.6825164670845583
0.0,3.33592117049886
0.0,3.47310851707637
3.2,3.619187026862751
2.9,3.632010596713868
1.0,3.3723539249335595
7.0,3.457340639925575
1.0,3.064662921254853
6.0,3.015303228455985
1.0,3.1697456749887687
0.0,2.8041466973784
1.0,2.8403124687710415
2.4,2.809228492316631
5.8,2.9307648652772884
2.0,2.965029657631425
1.0,2.981691824899753
6.0,3.0779082824143784
1.0,3.1424116118371606
4.8,4.472893769837023
7.0,4.053161863306517
9.0,3.8517579534243103
2.7,3.5444128929650143
1.0,3.801900054783818
3.0,3.7989152879615333
1.0,3.5894170131044945
6.0,3.3438657288483267
3.0,3.598433340287201
1.0,3.5949003203503613
0.0,3.3287201469620418
0.0,3.3455221933865515
2.3,3.3381427128852335
0.0,3.039037933060507
0.0,3.14347132846624
2.0,3.0830584101508265
3.0,3.0830584101508265
3.2,3.07583722174523
4.0,3.0836680058487556
4.0,2.964988001314733
0.0,3.0789167839831775
6.0,3.072926309143733
2.0,3.0131236650396835
0.0,3.60795392925951
9.0,4.045392594855725
3.0,4.414022050265913
4.0,4.184253813086237
10.0,3.8561568228343104
1.0,3.637239306581693
2.1,3.5422396474873286
0.0,3.5269370815699697
2.3,3.5508431476471745
1.0,3.440645385271005
7.0,3.422378733368679
5.0,3.5116493760913836
5.0,3.1006549507967396
1.0,2.882304882625995
0.0,3.0190351261428785
2.0,2.780416981221486
5.0,2.9891451561406095
1.5,2.9862810427908437
0.0,2.8926349071488664
1.6,2.9923117426149175
1.0,2.9070981954428685
1.9,2.9070981954428685
3.0,2.9391489687947745
1.0,3.162680386152077
2.6,4.7816309412265445
4.0,4.253628663282197
2.7,4.057139304702384
3.0,3.963918480115326
6.0,4.0477891326523805
4.0,3.7918351887531343
3.0,3.494215138951545
3.0,3.382010040695523
3.0,3.5163537105954035
6.0,3.2366866700212253
6.0,3.31808518175459
2.0,3.5141824713519902
4.0,3.733670465652325
1.0,3.046408230436503
0.0,3.0621595454415
1.0,3.0854610275632424
4.0,2.907287175001244
5.0,2.7127868921851874
0.0,3.035050069284391
3.5,3.0460932961858873
3.0,3.093652237942842
3.0,3.039355174081098
2.8,2.827675341981286
0.0,2.7066338259344844
10.0,3.8055441123366998
0.0,3.618345464276358
2.0,4.0670781524147985
2.0,4.27276631105546
4.0,4.207779289732758
3.1,4.0483893741633326
0.0,3.544315900745716
3.0,3.5792146711211967
3.0,3.6269306824067002
6.0,3.540881308007476
4.0,3.5361937485999797
7.0,3.5389854840983164
0.0,3.6696476101902666
2.0,3.618681835719152
0.0,3.331412021374042
1.0,3.082872344660793
0.0,3.1525571748349677
0.0,3.1349007663509085
4.0,2.886492942539957
5.0,2.7268957984184143
5.0,2.6902102850139675
1.5,2.6919919524962843
0.0,3.022226241639711
0.0,3.4898696609183397
1.0,4.9648833227053135
0.0,4.451820745518954
6.0,4.290039932230288
5.0,4.098373496390954
0.0,4.170323306572052
1.0,3.840489365958133
2.2,3.6393332469709985
3.0,3.6192165089949477
4.0,3.6754169454463046
2.0,3.540349727313781
4.0,3.6942125688427754
2.0,3.711962593659835
6.0,3.73646238152888
2.0,3.301422165831165
4.0,3.5187901572720186
9.6,3.481953190338803
0.0,3.230769957196522
5.0,3.3016011669387377
1.0,3.2805590444975476
4.0,3.0206045341682914
3.4,2.8260336264139583
1.0,2.943427772444245
0.0,3.0227392696682185
8.9,2.995661604022282
10.0,4.640828908802347
0.0,4.374990206296943
4.0,4.209546150221997
3.0,3.9914307168577245
0.0,3.981095307630873
5.0,3.9205265422415674
1.0,3.6579616522668457
6.0,3.684554585882469
5.7,3.767409134728805
8.0,3.7935088473652203
6.4,3.849624306570073
6.1,4.119854983374644
6.0,4.058330505279681
0.0,3.4430220978827153
0.0,3.298412085425516
5.0,2.7073335020350364
2.6,2.7275225141658854
4.4,2.953352138043708
0.0,2.6418807427930378
3.0,2.5802360958349255
3.0,2.6595497581917167
3.0,2.7058080826355133
0.0,2.4322524166069974
0.0,2.7233372397699913
6.0,4.3934891471709205
4.0,3.9411658672394263
4.0,4.04392961079897
3.0,3.8039793190209528
8.7,3.549892760803374
2.0,3.4659447136332706
5.8,3.601198759707286
0.0,3.5179050732557657
2.0,3.2435724982637706
7.0,3.355220892199795
0.0,3.3247887981677207
6.2,3.5145062178503017
5.0,3.447641293622727
2.0,3.1682623585181235
4.0,2.603233020290405
7.0,2.682869889604142
2.0,2.8678713160681517
5.2,2.6210935105579254
4.9,2.547813300546392
0.0,2.5007248414797343
4.5,2.6456212699711164
0.0,2.531360926025451
0.0,2.522049301915422
4.0,2.548283615620963
9.0,4.638288215391596
11.0,4.164631403871905
0.0,4.232433617244195
7.0,3.7849925531588
3.0,3.765944030971488
12.0,3.9007551119585053
4.6,4.196198629706923
2.0,3.803726585275333
2.0,3.345461272785977
4.0,3.397892890391137
2.0,3.47856415521301
7.0,3.174922146105165
0.0,3.484703441759615
5.0,3.1909788006736544
0.0,2.963680428898057
0.0,2.9726074137024265
1.0,2.8597770317898914
5.0,2.7264204329760586
0.0,2.759211520377486
4.0,2.39114619042871
0.0,2.298771631924053
1.0,3.519045547535356
7.0,3.4165160786855364
2.0,3.8873523596042103
7.0,4.021693609236655
0.0,3.8010009239711966
11.0,4.07180889478718
6.2,4.5190765516758695
7.1,4.274406683376219
14.0,4.291091354953126
8.0,4.0868070429021754
3.0,3.7409466363648938
7.9,3.504313993247717
7.6,3.357205537918408
4.0,3.2412665924162316
0.0,3.247165927451322
7.3,3.1226596884760385
7.3,3.170249579320461
4.0,2.8175052841866255
3.0,3.1583425549147783
6.0,3.169577049638254
12.0,3.1748909143357005
6.0,3.3725596170138665
14.0,3.023679539700542
6.4,3.1225557812771756
0.0,4.625687508775079
6.0,4.184696794651121
7.0,4.199881191034847
10.0,4.049144968295518
3.0,4.229148733990357
2.0,4.059657825099708
4.0,3.967378715529086
2.0,4.200482504735539
3.0,4.084378275555993
4.0,4.020620304726236
2.3,3.819661879771124
6.0,3.6567419286080023
4.0,3.501155571457359
7.0,3.3902165762326573
5.0,3.8876383611294196
6.0,3.237255273875069
2.0,3.843069940357581
3.0,3.8826447983336267
5.0,4.135078783012453
4.0,3.4570029627367225
6.0,3.6766690013557666
9.0,3.5369062732322494
5.0,3.382520805642064
3.6,3.6105604079683937
2.0,4.952516505972985
2.2,4.431523928883509
7.0,4.298526159290993
5.0,3.7575598891313735
1.5,3.628497855144443
5.0,3.2922403761719905
0.0,3.434949385219976
4.5,3.363255323135552
1.0,3.292147155844569
2.6,3.3588272036058875
4.0,3.400491615870413
3.0,3.257448860888242
2.0,3.2671547130932375
1.0,2.8591798597307534
0.0,2.9216550450199614
5.0,2.65717055039505
1.1,2.5423745475088877
5.0,2.615675115347715
2.0,2.754994443199721
0.0,2.9783067761030373
4.0,2.706137805808141
4.0,2.651273408547757
3.7,2.3970818724645353
6.3,2.6679507273107164
0.0,3.6051813211206962
5.6,3.3662609046700527
0.0,3.6392887791471
3.0,3.885554857863655
4.1,3.8874998813867974
3.8,3.951101414787266
3.0,3.5937419120902176
1.0,3.471961016012263
5.0,3.467986196519869
1.0,3.5194665929630915
2.0,3.4693726221469294
0.0,3.367125603448445
3.2,3.587927276508054
2.0,3.3791057950778915
2.5,3.22811826941085
0.0,3.1339554118752724
0.0,2.6984863754629007
0.0,2.9214171184515356
1.0,3.3380589854115974
1.6,2.844688685383262
0.0,2.9196459939278534
0.0,3.052918320377396
0.0,3.0950969833086988
0.0,2.785344695619274
4.0,4.715222663595662
7.0,4.2697698739441226
3.0,4.070481168161991
4.0,3.8552731646908414
1.0,3.354381769056216
2.3,3.281351647573126
2.0,3.3483536939756187
1.0,3.3483536939756187
2.8,3.092264066314501
0.0,3.0591027496628302
0.0,3.2540944862283334
4.0,3.0952109600327913
0.0,3.1459096783578646
1.0,2.9833114387827773
4.0,3.2315549912402513
1.0,3.0199540009076458
1.0,3.125953941776141
8.0,2.849981838950369
1.0,2.890799769108951
0.0,2.5587671721261005
3.0,2.8673909944941043
0.0,2.9621620302433445
2.0,2.8937829495934144
2.8,3.030089168123037
8.0,4.456883185881237
1.0,4.219718787731052
5.0,4.141332012081543
6.0,4.002729934044556
5.0,3.5818588942694882
1.0,3.6539838517601604
3.0,3.4201991679643617
5.0,3.357178947121485
3.0,3.2750265974796013
0.0,3.399568603312293
4.0,3.5082883098772406
1.0,3.3180114357428856
2.7,3.2847568107845353
2.0,2.8554480692001136
4.0,3.056673639648513
3.0,2.988990867018421
2.0,3.1472767749486277
0.0,2.8981690646910305
4.0,3.0775697697459528
2.5,2.973675747829066
2.5,2.63944652630574
2.0,2.7781863275673113
0.0,2.7298361415131094
0.0,2.933163326840449
2.4,4.909382794046971
5.0,4.336657630113135
3.8,3.909506588245987
10.0,3.885024346705785
4.0,3.733892322276558
0.0,3.641045474046157
0.0,3.2535693789539684
3.0,3.186976291102294
3.5,3.3874705566719987
2.0,3.5434854720854867
3.0,3.476073414755948
4.0,3.370937200200951
3.3,3.2205324389062375
2.0,3.0627867767406665
5.0,2.8046129477110684
7.0,2.9978568718053396
0.0,2.826870481975253
3.0,2.804522938995157
2.0,2.9553054057648604
3.0,2.8374940375589968
1.3,2.5386212644829076
0.0,2.491511006938545
1.3,2.958460750275967
0.0,4.474371210612209
4.0,4.014225768769039
0.0,3.92999432286817
9.0,3.7137815910078564
1.8,3.556955146583924
2.0,3.4761676771313725
2.0,3.3126624440747126
0.0,3.2680583685070785
2.0,3.2470344130525652
0.0,3.155412052811971
5.0,3.26044768051494
3.5,3.196294510697555
3.5,2.927582066746393
4.0,2.817624708572944
3.6,3.0896372474917757
0.0,2.8435276825182365
0.0,2.704754521531567
3.4,2.773006064133728
2.0,2.944980080987305
2.0,2.7760992174065513
2.0,2.868992985708524
0.0,2.395588836977666
1.0,2.853727451907395
6.0,4.081884015595202
2.0,3.749041055715514
0.0,3.65952509911204
2.7,3.7601627827658453
4.0,3.7289716022771695
3.0,3.765829945027626
6.0,3.6425584360398333
1.0,3.7082407520361946
3.0,3.9404671417524018
0.0,3.8271025036409347
4.0,3.9043800650471394
0.0,3.812409047558971
3.0,3.6265571129570997
2.0,3.279961240090252
0.0,3.1955426221658767
1.0,3.078855024237146
0.0,2.979415128098233
5.0,2.8623536535308665
0.0,2.651776188167361
0.0,2.882809523091651
3.4,3.160074048249784
0.0,2.7333008041436746
0.0,2.9165412578276997
2.0,2.661300253021221
7.0,4.07487825961691
1.0,3.972175878514672
1.0,4.118717939301671
6.0,4.0684849880133465
5.0,3.7954932134558
3.3,3.5183447899742766
1.0,3.6560279208440405
2.0,3.4322387586696133
3.0,3.5276027672684185
2.0,3.6912353027109885
1.0,3.38523777361298
3.0,3.54179892643752
0.0,3.560656053540634
1.0,2.9534220061022274
2.0,3.2032952990663297
3.0,2.9771228982858156
3.4,2.602558843151555
1.1,2.6094288298211348
4.0,2.882593144661851
4.0,2.62738734369447
4.0,2.9452842539991595
1.0,2.702098497314023
0.0,2.5549703588020445
0.3,2.689263966515481
8.0,3.7933729657882616
1.0,3.7924360795860284
3.0,4.001640179167887
3.0,3.953237068924637
0.0,3.863525492970526
9.0,4.038240802150965
0.0,3.6751717683556677
4.4,3.7658916796489237
3.9,3.6587142282753327
3.0,3.668728970206537
1.0,3.4712262069138293
3.0,3.2684709598006867
0.0,2.893643287672772
5.0,2.9705087348018417
2.0,2.8292254996478894
0.0,2.594951933411882
0.0,2.6009577165003286
0.0,2.5291021986184865
1.0,2.586951556117652
2.0,2.645437086443927
0.0,2.5780319762127344
0.0,2.5914129178812084
0.0,4.280474237740714
7.0,3.8797059946604455
4.0,4.002817265370491
2.9,4.115380986176938
3.0,3.9769028790172696
2.0,3.860905387637808
0.0,3.483304834081235
8.0,3.511835036981661
0.0,3.3626307894064706
2.0,3.313946999934257
0.0,3.426546622683323
4.0,3.358822610142384
2.1,3.221229576198968
2.5,2.91017217890621
4.0,2.6231967601396353
2.0,2.5454076925962954
1.0,2.7283237938894933
1.0,2.6876429961745023
4.0,2.6961143961166916
0.0,2.640902483490859
5.1,2.4892857333529905
0.0,2.441429427791264
0.0,2.212637026330283
0.0,2.2063083371205643
0.0,3.3712281650813822
6.0,3.7462799810346414
4.0,4.164606418572465
4.0,4.110764177422151
3.5,3.8650007696526054
3.0,3.9972125771148495
0.0,3.6668945165786453
2.0,3.5956140086697324
0.0,3.5070008074636463
1.0,3.492058945025218
3.2,3.4889798924507285
4.0,3.5642716922554385
3.0,3.2196502279312877
0.0,2.763509737748743
4.0,2.608286972938459
4.8,2.680126710654761
0.0,2.571968495414669
2.7,2.794449612948906
0.0,2.91675991877384
2.0,2.5037202194619015
0.0,2.4717399814273744
1.0,2.5693492440499686
0.0,2.3269396442975183
2.0,2.651950852983722
8.0,4.045620093008442
4.7,4.094246834364432
4.0,3.8542706441018755
0.0,3.812484148713247
3.0,3.866852098948815
1.0,3.8193254018810956
5.0,3.7313513392562725
8.0,3.683973539312488
6.0,3.802145139796914
1.0,3.584764495310849
13.0,3.318928457148484
4.6,3.6194970478631174
4.2,3.4748960929467443
2.0,3.169506628548566
1.0,2.8920276629041166
0.0,2.7286812131938825
0.0,2.6996920294653477
0.0,2.884272927679499
3.0,2.814987372782576
3.0,2.640770507497098
1.0,2.833222365658926
0.0,2.6689438716935703
3.5,2.792442701142164
0.0,2.7553679493920455
2.0,4.180327186702418
0.0,4.0100581897901035
0.0,4.02465948255024
0.0,4.089239365068978
7.0,4.033640159546769
3.0,3.569292212480533
3.5,3.5426413894967137
0.0,3.3506977684804125
0.0,3.3735295266508767
2.0,3.3152662920812332
1.0,3.110490136364436
3.0,3.2822679947264253
4.0,3.5404721062505313
0.0,2.874781208635594
3.0,3.0028687528803326
2.0,2.9712656128982484
1.0,2.809915125241977
2.0,2.526256332683182
0.0,2.5199369313768445
2.0,2.826555722715801
2.9,2.6746432718827844
2.8,2.808842189208289
2.0,2.7277458079507455
2.0,2.986616997778147
5.0,4.597331722697998
2.0,4.312242807282634
0.0,4.273252578895469
7.0,3.8104014225799805
2.0,4.21014340085048
2.3,4.188728158666366
5.4,4.180556072353541
8.0,4.057895509365493
2.0,4.046526783231515
0.0,4.159659247900102
11.0,4.340365311720076
2.0,4.164297759970266
4.0,4.52728978843074
3.7,4.013236615463289
8.0,3.929701085747379
7.0,4.373728810323275
0.9,3.9850422962156227
3.7,3.777886509101675
9.0,3.422389111254738
3.0,3.168842522978977
11.0,3.847262177748535
8.0,3.550422759660639
4.0,3.1364922671436606
6.0,3.7370137835590764
10.0,5.050834487587541
15.0,4.612186237223984
7.0,4.463990385494396
8.0,4.311563257271952
7.5,4.267132332126705
9.1,3.7710367933100533
11.1,3.6650991164785673
10.6,3.668654392594977
7.0,3.7905783075472783
5.0,3.9734403415997113
2.0,3.7478923444617545
0.0,4.059809719324689
2.0,4.21017201413528
15.0,3.662493596619158
6.2,4.147841763742379
5.0,3.5070287893383334
2.0,3.5217922414542793
7.0,3.2958622112318468
6.0,2.867030593438129
8.0,3.252058604576219
0.0,3.044548127854555
6.0,3.185677058035094
7.0,3.1588658989039264
7.1,3.392331847918659
6.0,4.738186000457637
7.2,4.331236429197624
6.9,3.929322267619902
5.0,4.024891709934802
3.0,3.955950554429918
11.0,3.8097652459509805
8.0,3.58509692898158
8.0,3.646004329870191
3.0,3.842998512101497
9.0,4.3926718580339665
3.0,4.206580195371673
0.0,4.279014480181713
5.0,4.049078288877174
0.0,3.5771760729385167
1.0,3.442632353539674
0.5,3.2273233130698067
2.0,3.019148171144366
5.0,3.3047930595990325
8.0,2.771114284902683
4.0,2.7163240250297847
0.0,2.720830258099074
0.0,2.7065227436188444
0.0,2.6678176582401925
2.0,2.789744504408235
5.0,3.8406559356815815
0.0,3.7805289659601677
5.5,3.8579406943516865
3.0,3.976049002151928
5.0,3.95882887129875
2.0,3.89014840316931
1.0,3.5681445700251104
3.0,3.4987199290333155
5.0,3.4467829184111456
5.0,3.5063213759116016
4.0,3.2542956326029993
2.0,3.1792960521926728
4.0,3.277764021426399
5.0,2.95360709056773
0.0,2.8408035377316763
0.0,2.6999351837641523
0.0,2.680911294675325
3.0,2.491486231099938
2.0,2.5797026410368455
0.0,2.694183692133065
2.0,2.688130259399379
3.8,2.489316305966982
2.0,2.4727479070025766
4.0,2.705393335492024
3.7,4.12265229202532
2.7,4.186881746252748
0.0,4.100386592860098
2.0,3.8749981486953424
0.0,3.7561915475702965
5.0,3.4984865033495125
0.0,3.6641059709091164
3.0,3.688621736590032
0.0,3.440183841158191
7.0,3.2419500454910124
3.0,3.437538042523818
5.0,3.2368885867099775
6.0,3.354519873271392
3.0,3.249577579491345
0.7,3.127201298796941
3.0,2.9005842918145124
2.8,3.26865160622586
0.0,2.7583254003159228
3.0,2.4017096814755505
2.8,2.47846543031728
0.0,2.649642733592487
3.5,2.455353021173983
4.0,2.4419045898704774
5.0,3.306177492258309
4.0,3.7484227461301174
3.7,4.048725775772249
4.0,3.9500954751097743
6.0,3.6934773460953396
0.0,3.667084581181363
4.0,3.536581258359627
0.0,3.603155641756714
4.0,3.692532235597486
2.0,3.423230601598608
0.0,3.5104643704907272
4.0,3.862120749465351
6.0,3.5968708724325635
2.0,3.706104098779878
4.0,3.229686558609728
1.0,2.950916042376475
1.0,3.347511095896906
3.6,3.1129475270342106
0.0,3.0278609132999588
4.0,2.7696693639163943
3.2,2.812742636761535
3.5,2.8820658089504487
0.0,2.6160633692899387
0.0,4.52772532314221
8.0,4.026989632190327
14.0,4.0022758030872705
6.0,3.6682890059659417
0.0,3.7563899666797673
8.0,3.824058730576405
5.0,3.8556474411773847
4.0,3.6293690758030195
3.6,3.713047380017713
0.0,3.4748721268818428
4.0,3.377875792840962
3.8,2.94560622995417
4.0,3.0574206195767264
3.5,2.968603840034329
2.0,2.7686823428925096
8.0,2.7583251365884855
7.0,3.215806063774961
2.0,3.105677920919826
0.0,3.0080858158056016
1.0,2.8794086590839907
1.0,2.828721384597756
0.0,2.7625709688510485
5.0,4.178707136789781
8.0,3.985305184336482
6.0,4.018437137676839
9.0,3.8777869150281568
3.0,3.635421078453775
9.0,3.284916421569529
2.0,3.4057751485936647
3.0,3.217345254814848
0.0,3.5557330459464507
4.0,3.3922602331508074
1.0,3.111898531962185
4.0,2.8598953127359628
5.2,2.7648221945487315
3.0,2.8776422116272657
4.3,2.8786389825459553
1.0,2.828989020551398
4.4,2.6861752245913366
3.0,2.5940759174120216
3.0,2.7314146878334857
4.0,3.0472166624633963
3.0,2.869752242254357
3.9,2.561891221655565
2.0,3.991002354352429
4.0,4.065844949925761
3.0,4.183901259325403
6.0,3.948839572407421
6.0,4.102623987643717
3.9,3.9406094630270005
3.0,3.9160138408356646
0.0,3.618136220447202
3.0,3.6851645656624097
3.0,3.647630342251245
5.1,3.6798341633507805
3.0,3.468259956998884
3.0,3.6408212567768676
4.2,3.6870139075903228
5.0,3.470805529485328
3.4,3.654609157734587
4.0,3.785965955469812
7.0,3.2542593125350994
3.3,2.8088873705951123
5.0,3.2075999252908045
2.9,2.8558662165354964
3.0,2.9414920893998606
0.0,3.0744646911751414
7.0,2.993858098499512
9.0,4.5671942099379965
7.0,3.9320623018408702
1.0,4.279676392831961
0.0,4.331279014896728
0.0,4.122792578499749
4.0,4.307605540167797
2.5,4.019293428821164
0.0,3.390438116340466
3.0,3.584155676282678
6.0,3.4866291420741327
0.0,3.545004913070082
2.0,3.5032085247797204
3.3,3.3203754293850265
3.0,3.3659001498161443
4.0,3.335126805663107
1.0,3.3684657103612556
2.0,3.4002541031291464
3.0,3.2132492542885194
3.0,3.604694190146039
0.0,3.0702909850334463
9.0,2.9194822089770796
3.5,2.9406501033363854
3.8,3.026630263477543
7.0,4.85503511059566
0.0,4.3372652652528325
5.0,4.2706732560614356
4.0,3.936791057394623
3.0,3.8079653581895743
6.0,3.735912305218632
7.0,3.435810366324664
6.0,3.4036083643845125
5.0,3.277620290557897
2.0,3.1983903173920716
5.0,3.102667305264321
5.0,3.200742706020898
3.0,3.3726831647471784
4.0,3.0813659527580266
2.6,3.1704241932643344
3.0,3.6488444661865644
0.0,3.262455858422286
0.0,3.118235900553677
0.0,3.337657964784401
2.0,2.8348396631990362
1.0,2.7779852495448663
0.0,2.8453562344212084
0.0,3.0607698315762053
2.0,3.036098426919166
1.0,4.553902855487268
0.0,4.224127521118508
1.0,3.9831641905648087
4.0,3.8467417168850497
4.0,3.3827819734816513
0.0,3.3690795407397505
0.0,3.3091448654422204
0.0,3.2566914913848124
2.0,3.2152529581579983
0.0,3.2882447181959638
0.0,2.987016746946506
1.0,3.0782711723341656
1.0,3.3962514642933996
0.0,2.781818760711592
0.0,2.864713791908653
0.0,2.8832425678367097
0.0,2.596233153055903
0.0,2.644241889481011
0.0,2.788503148359221
0.0,2.7015705272534047
0.0,2.657233150124699
0.0,2.6474837458042724
0.0,2.6047933179758203
3.0,2.589967320008399
4.0,3.7670478681705712
2.0,3.59060140940395
0.0,3.692828898189013
0.0,3.872386002831483
0.0,3.735093742430458
0.0,3.713022475002425
1.0,3.6387615890988148
0.0,3.524531840600712
0.0,3.6137920349420676
0.0,3.52373788874398
0.0,3.4084280109133567
0.0,3.390584971186855
0.0,3.1654803663292426
0.0,3.0252786394116455
0.0,2.9787571620160476
0.0,2.8439989167783586
0.0,2.5255383403542324
1.0,2.4776086652470064
0.0,2.5033499902005922
0.0,2.6263079368423123
0.0,2.543524812026092
0.0,2.6673722836940836
3.0,2.8820640796143686
3.0,2.567672509853909
3.0,4.345314230214106
1.0,4.199586889495204
0.0,4.356590012036855
0.0,3.749088885160836
1.0,3.866510532829869
1.0,3.938918979215611
0.0,3.5055376428385343
0.0,3.379300962704418
4.0,3.42630463433785
5.0,3.5778728349521374
0.0,3.6703900701653724
0.0,3.3718578063683773
0.0,3.19064548578701
0.0,3.0829858243442603
0.0,3.0065520532058625
0.0,3.1486923666757156
0.0,3.1168360310632726
2.0,2.85407978502728
0.0,2.912111193179672
0.0,2.516650226728227
0.0,2.7225660997273855
0.0,2.490163735749003
0.0,2.611642639911789
0.0,2.6889446201866205
0.0,4.113473538754348
0.0,4.033986917551231
2.0,4.141321984226168
1.0,3.7305636516961664
0.0,3.8565833769900557
0.0,3.5854674310117742
1.0,3.1555632551017045
0.0,3.0660013424861514
0.0,3.4197869760232975
3.0,3.317965960712617
5.0,3.3518926554659854
2.0,3.487957225116897
0.0,3.606825649247121
0.0,2.9786140774369914
0.0,3.0425744694711145
0.0,3.680121336631185
0.0,3.5901870315498154
1.0,3.3233069404343287
0.0,3.4251030104805515
0.0,3.176767297292772
0.0,3.011825606070667
0.0,3.05036499639023
0.0,2.89677320648557
0.0,2.4162681135603474
0.0,3.9384468744518086
0.0,4.336620897310215
0.0,4.2908954170902325
0.0,4.183261171774593
1.0,3.950558692006455
0.0,3.739651209668371
0.0,3.6088423223543296
0.0,3.482064878129471
0.0,3.178533049232856
2.0,3.508345438873558
0.0,3.5619171980183046
0.0,3.4779098277332485
0.0,3.3203691485391507
0.0,3.2291829440283935
1.0,3.2580619719298616
0.0,3.454185550688639
0.0,3.423949085818367
0.0,3.1818972255671234
0.0,3.0745281531088855
0.0,2.7320078873373563
0.0,2.830143755476126
0.0,3.186650393607183
0.0,2.810158535686735
0.0,2.901953167828351
0.0,3.915397638341965
0.0,3.7524304471550645
0.0,4.1438613035488645
1.0,3.9868415691621366
0.0,3.6820674634522557
0.0,3.587709700976735
4.0,3.2726998803831755
6.0,3.4978294211252927
1.0,3.2523946408516164
0.0,3.6958379879454655
0.0,3.442998342624215
1.0,3.570242079711344
0.0,3.1944641904777726
0.0,3.3126943982558075
0.0,3.563934387749517
0.0,3.0936334440503184
0.0,2.7777027388986864
0.0,2.5274321450095005
0.0,2.8457890340410392
2.0,3.0284157889136822
4.0,3.1169557160810664
2.0,3.2417855420602364
0.0,2.7301636397729614
0.0,2.784380746508026
0.0,4.169788326160697
1.0,3.987815204608222
1.0,3.863474300415187
1.0,3.9565475156781744
0.0,3.5446746761960837
0.0,3.3768978891710053
0.0,3.5717713209488924
0.0,3.279065056412926
0.0,3.1913810336548427
0.0,3.337055836180591
0.0,3.242685076031441
0.0,3.238889993066856
0.0,3.4007496263501
0.0,2.9350402846338968
0.0,2.8808394065315857
0.0,2.841212358253694
0.0,2.863132294437479
0.0,2.8656945623759116
0.0,2.7852425644810754
0.0,2.617877641889558
0.0,2.991764366052677
0.0,2.988279165011221
0.0,2.799854509052244
0.0,3.0624348799225243
0.0,4.5351892057931105
0.0,4.325592175096481
0.0,4.306897147815913
0.0,4.218462684263801
0.0,3.7996791700165033
0.0,3.528829467565027
0.0,3.580319309830288
0.0,3.3286712673096988
0.0,3.4552662880792546
0.0,3.50189134515329
2.0,3.641022503391291
0.0,3.3001735906904863
0.0,3.3371110787197704
2.0,2.9232072104628766
1.0,2.8447147244027216
0.0,2.697236660486846
0.0,2.8711839218189636
0.0,2.705734426810584
0.0,2.7524971166102206
0.0,2.8019400796930314
0.0,3.0225601401936215
0.0,2.833432647596317
0.0,2.641937502183516
0.0,2.9339452408920694
0.0,4.740792709375495
0.0,3.939167068256086
0.0,3.8056990954234178
0.0,3.643926691272667
0.0,3.340130021366543
3.0,3.4053460611799293
0.0,3.1975350265832887
0.0,3.130775190201722
0.0,3.1652054663055487
0.0,3.5128321839362853
0.0,3.1408724088238222
0.0,3.136293519116427
0.0,3.2332644564594237
0.0,2.743471256030903
0.0,2.747712369024362
0.0,2.798513057372497
0.0,2.794472215316599
1.0,2.6676959291202493
0.0,2.714539936854566
0.0,2.5742387805295577
0.0,2.782343577009397
0.0,2.8601312003037687
2.0,2.68527518769561
0.0,2.451885892594315
0.0,3.887894465391125
1.0,3.7454459982849433
1.0,3.854301809917764
0.0,3.9054107041863597
5.0,3.843635180844248
4.0,3.5604278322292573
0.0,3.3220950400129645
0.0,3.205762890704156
0.0,3.137282169474319
3.0,3.271072997297692
0.0,3.2217148815077388
0.0,3.0744842840469535
0.0,3.441722493457483
0.0,3.192829837243005
0.0,2.8578536388158553
0.0,3.033995315994048
0.0,2.8536512554428666
0.0,2.9430151655243466
0.0,3.18997307746453
0.0,2.8608125576565495
0.0,3.1808728051257424
0.0,2.9766586970800732
0.0,2.9276085469776403
0.0,2.9307547270762524
0.0,4.683293644182468
0.0,3.926460020897741
0.0,3.751497849571368
1.0,3.895918196182946
0.0,3.6349087753664255
0.0,3.3826484096528016
0.0,3.3420086730353065
0.0,3.259150060650808
0.0,3.177441047750535
0.0,3.31413414450144
0.0,3.0159477259328975
2.0,3.1862735161545928
1.0,3.4107057840896804
0.0,3.2797117331314913
0.0,3.287322668582308
0.0,3.363413868926954
0.0,2.9883492124074658
0.0,2.9970453780065456
0.0,3.01737144683989
0.0,2.6086659489758373
0.0,2.861348415110314
0.0,2.8378519879811948
0.0,2.8988905976171546
0.0,2.931633759311061
3.0,4.55610562202198
5.0,3.926102451590231
2.0,3.842537814522521
0.0,3.7247550921846875
0.0,3.2773761947394586
0.0,3.204773169594427
0.0,3.280047225650615
0.0,3.45032939560654
0.0,3.513741054520119
0.0,3.6402803667026253
0.0,3.3726066098364407
0.0,3.382440534174999
2.0,3.634923057279311
0.0,3.3886674888004094
1.0,3.0282842617541115
1.0,3.2858752691143147
1.0,3.3263731272687638
0.0,2.8510725186337
0.0,2.8464911212121504
0.0,2.7714219225916485
2.0,2.647959494618215
3.0,2.6289202600868484
0.0,2.5831413462149273
0.0,2.7134277054183773
1.0,4.407085554747568
2.0,4.035444951700152
1.0,4.163256371158703
0.0,4.013211704127075
1.0,3.6414672430218475
1.0,3.5196909077303626
0.0,3.5246462044211095
0.0,3.371231032316305
0.0,3.313080531428905
0.0,3.523533894831852
0.0,3.4908402889585637
1.0,3.291078218288568
2.0,3.3629825280897103
3.0,2.9846154817178983
3.0,2.739140032178366
0.0,2.6128851832617133
0.0,2.7156292616847097
0.0,2.713850390724421
0.0,2.880618287167175
0.0,2.544970039721396
0.0,2.5481069226107547
0.0,2.9088014865853404
0.0,3.246413832546599
0.0,3.0278196594919646
1.0,4.535528064975666
0.0,4.055082977111975
0.0,4.039615005716988
0.0,3.9155401268067913
0.0,3.2930565962866303
0.0,3.188506237656988
0.0,3.234870873892772
1.0,3.053769390812796
2.0,3.044391760392453
0.0,3.1701842132015257
0.0,2.987049886262985
0.0,3.024329351029314
0.0,3.004991632077592
0.0,2.8834929660976996
0.0,2.597217433843965
0.0,2.5977769034482106
0.0,2.795869615887447
0.0,2.769209409608304
0.0,2.738821775295375
1.0,2.7354107044758487
2.0,2.8144739252140853
0.0,2.9369049470681428
0.0,2.8959488572169994
0.0,2.832488464865017
0.0,4.863354820370614
3.0,3.9754091554126227
0.0,3.925843954289972
0.0,3.6894420236711047
4.0,3.383817575177995
3.0,3.371370849800235
0.0,3.375710428650773
0.0,3.0213059397642423
0.0,3.2235985407918557
0.0,3.2175628449568845
0.0,3.19781242909563
0.0,3.2348417054080896
0.0,2.82790587031585
0.0,2.7767101120661923
4.0,2.7512904064829518
1.0,2.645288571889747
0.0,2.7429931055586136
0.0,2.73379979803672
0.0,2.4624883764481913
0.0,2.4405093990755375
0.0,2.332029403053143
0.0,2.3258198234153378
2.0,2.306650690122775
4.0,3.9223519380413863
1.0,3.8503954438115042
0.0,4.124200815138604
0.0,4.040582476950055
0.0,3.7825664513245716
0.0,3.6651036246614264
0.0,3.3721896982800375
0.0,3.2942479169531595
1.0,3.2776871007133237
0.0,3.4575373011013624
0.0,3.167730703152499
1.0,3.380323500591615
0.0,3.1709520678748646
0.0,2.8374389909087943
0.0,2.7447439346195694
0.0,2.7373674395795966
0.0,2.5335346449497207
0.0,2.362825886229476
0.0,2.479163471239298
1.0,2.4782889123519225
1.0,2.574578788461429
1.0,2.561468964444116
0.0,2.4362735164483884
0.0,2.455455939928896
