y_true,y_pred
5.0,4.0285
8.0,4.6800000000000015
11.0,4.3445
5.0,4.089499999999999
11.0,4.048000000000001
7.0,4.479500000000001
1.0,4.8215
2.0,4.6194999999999995
3.1,3.9620000000000006
0.0,3.7745000000000006
8.0,4.555
2.7,3.728499999999999
0.0,3.3724999999999987
3.0,3.4729999999999994
0.0,3.0265000000000004
1.3,3.2689999999999997
2.0,3.3394999999999992
6.0,3.1365
1.0,2.924499999999999
7.6,2.92
0.0,2.3345000000000002
0.0,2.6729999999999996
6.0,3.627
2.0,5.313999999999998
0.0,3.940499999999999
3.0,4.288
4.6,3.7144999999999997
5.0,2.961
14.0,2.6900000000000004
2.0,3.8415
2.0,3.5705
0.0,3.3140000000000005
0.0,2.3855
2.0,2.7235
1.0,2.8075
1.0,2.6470000000000002
5.4,2.471
0.0,2.43
1.0,2.6745
2.0,2.417
0.0,2.087
4.2,2.5679999999999996
3.0,2.755
0.0,2.3555
3.0,2.725
0.0,3.259499999999999
8.0,4.8
5.0,3.8955000000000006
1.5,4.408499999999999
3.0,3.787
5.0,3.4465000000000003
6.0,2.7525
3.0,2.5965
2.0,2.8349999999999995
0.0,2.8879999999999995
2.9,2.8575
0.0,2.407000000000001
2.0,2.2955000000000005
4.0,2.5875000000000012
0.0,2.3665000000000003
4.0,2.702
0.0,2.2599999999999993
2.0,2.364
3.0,2.813
4.0,2.4005000000000005
1.0,2.5565
4.0,2.0060000000000002
0.0,2.2959999999999994
0.0,2.303500000000001
0.0,2.247
1.0,4.002999999999999
5.0,3.9254999999999995
9.0,3.0585000000000004
0.0,3.8344999999999994
2.5,4.304
5.0,4.438
3.0,2.8335000000000004
2.2,2.9065
2.0,3.136999999999999
4.0,3.306
3.0,2.6365000000000003
3.0,2.827000000000001
2.9,3.0475
4.0,2.9959999999999996
0.0,2.5389999999999997
2.0,2.3549999999999995
2.0,2.4090000000000003
1.0,2.7705
1.0,2.0424999999999995
0.0,1.8595000000000002
6.3,2.3005
4.0,2.0654999999999997
3.0,2.3854999999999995
1.0,2.2510000000000003
3.2,4.8565
2.0,4.3740000000000006
14.0,3.9295
3.2,4.082999999999999
2.9,3.366
0.0,3.108
4.0,3.3514999999999997
5.0,3.3525
4.0,3.5844999999999994
5.0,3.653
0.0,2.972
0.0,3.4035
0.0,3.221000000000001
3.0,2.403
3.2,2.0655
0.0,2.365
0.0,2.6915000000000004
5.0,2.5800000000000005
2.0,2.3580000000000005
5.0,2.1919999999999997
0.0,2.542
1.0,2.2690000000000006
1.0,2.2565
0.0,2.995
8.0,6.313
7.0,4.0165
2.0,3.0875
5.6,3.0650000000000004
0.0,2.9119999999999995
2.0,2.6005000000000003
0.0,2.4720000000000004
4.0,2.5654999999999997
0.0,2.6155
9.0,2.84
0.0,2.93
0.0,3.521499999999999
8.0,3.011
4.0,3.127
0.0,2.2515000000000005
2.0,2.9019999999999997
5.5,3.11
1.0,2.5965
7.0,2.739
3.0,2.3094999999999994
1.0,2.6319999999999992
1.0,2.6315
0.0,2.0940000000000003
3.8,2.068
11.0,3.507000000000001
6.0,4.8084999999999996
1.0,4.932500000000001
0.0,3.969500000000001
2.0,3.9
1.0,3.36
8.0,3.3369999999999997
9.0,4.231000000000001
5.8,3.7135000000000002
4.0,3.794499999999999
4.0,4.321000000000001
0.0,3.217999999999999
3.0,2.8305000000000002
4.0,3.2705
4.0,3.3004999999999995
6.0,3.451
3.0,3.125
2.0,3.335
3.0,3.0575
1.0,2.8799999999999994
0.5,3.035
3.0,1.9535000000000002
0.0,2.5535
2.0,3.8679999999999994
0.0,4.732500000000001
4.6,7.340999999999999
3.0,6.7655
1.0,4.2225
3.0,4.075999999999999
12.0,3.64
7.0,3.6470000000000002
0.0,3.125
11.0,2.707
0.0,2.8665
5.3,3.4895000000000005
7.0,3.1140000000000003
1.0,3.067500000000001
4.0,3.638
0.0,3.283499999999999
2.0,2.6765
1.0,2.92
3.0,3.163499999999999
8.0,3.195
1.0,2.5520000000000005
1.0,2.7430000000000003
6.0,2.636
0.0,4.065
6.0,3.907
0.0,4.3845
4.0,4.817999999999999
1.0,4.226
6.0,4.076999999999999
0.0,4.186499999999999
8.0,4.072
3.0,3.972000000000001
3.0,3.7905
9.0,3.7205
0.0,2.945
4.0,3.2510000000000003
1.0,3.082
5.0,3.383
1.0,2.793
0.0,2.5444999999999998
1.0,2.5785
4.0,2.767
1.0,3.2665
6.0,3.1614999999999998
0.0,3.307
3.0,3.117
2.0,2.5189999999999997
8.0,3.910999999999999
3.0,4.037
4.5,3.903
4.0,5.085
3.0,4.144499999999999
6.0,3.740500000000001
2.0,3.7880000000000003
4.0,4.979499999999999
2.0,4.6045
9.0,3.7895000000000003
1.0,3.648
2.0,3.7015000000000002
4.0,3.665500000000001
5.6,4.065
4.0,3.8259999999999996
0.0,3.3704999999999994
1.0,3.4559999999999995
0.0,3.4100000000000006
5.0,3.3799999999999994
4.8,2.935
0.0,3.6430000000000002
9.1,3.6729999999999996
4.0,3.650999999999999
0.0,3.359
7.5,4.731
9.0,5.3475
1.0,6.210500000000001
10.0,5.011499999999999
5.0,5.355999999999999
6.0,4.662
0.0,4.727
6.0,4.454500000000001
0.0,4.668
0.0,4.4175
0.0,3.829
1.0,3.7239999999999993
3.0,3.8790000000000004
5.1,3.639
2.0,3.9930000000000008
0.0,3.4145000000000003
6.0,3.2239999999999998
8.6,3.106499999999999
1.3,3.328500000000001
3.0,3.3695
0.0,3.2285000000000004
4.0,3.279
0.0,2.8165000000000004
6.0,2.7540000000000004
3.0,3.61
5.0,3.6835000000000004
0.5,5.2715
9.0,5.505
3.1,4.141
1.0,3.5959999999999996
4.3,3.736500000000001
8.0,3.7060000000000004
0.0,3.713
9.0,4.455
5.0,3.653999999999999
0.0,3.7415000000000003
4.0,3.87
1.0,3.298
0.0,2.9019999999999992
0.0,3.245999999999999
0.0,3.017999999999999
0.0,2.9534999999999996
5.5,3.641
3.0,3.1094999999999997
5.2,3.1350000000000007
5.4,3.5180000000000002
1.0,2.7655000000000003
5.0,3.202000000000001
6.0,3.9804999999999997
13.0,4.2955000000000005
3.0,3.893500000000001
3.0,4.3340000000000005
5.0,3.6719999999999993
1.0,3.2294999999999994
5.7,3.4865000000000004
4.8,3.7474999999999983
4.0,4.0089999999999995
5.5,3.2285000000000004
1.0,3.446
3.0,3.3394999999999992
7.0,3.4790000000000005
5.0,3.3345000000000002
3.4,2.7714999999999996
2.0,2.3295000000000003
1.0,2.8195000000000006
0.0,2.554
5.8,2.735999999999999
5.0,2.8405000000000005
3.0,3.2065
0.0,2.6854999999999993
4.0,1.9910000000000003
0.0,2.065
3.2,2.3895
6.0,4.08
5.0,3.5479999999999996
6.0,3.1085000000000003
6.6,3.194
1.0,2.6880000000000006
1.0,2.5599999999999996
0.0,2.3435
9.0,2.5165
3.0,2.4905000000000004
4.0,2.711
0.0,2.9665
3.1,3.121500000000001
2.0,2.7600000000000007
4.0,2.1915000000000004
3.9,2.3995
0.0,2.201
3.0,2.4495000000000005
1.0,3.02
0.0,3.391
1.0,3.11
3.9,2.3905000000000003
4.2,2.885500000000001
0.0,3.093
1.0,3.1060000000000003
0.0,2.9189999999999996
0.0,2.8479999999999994
4.0,3.6549999999999994
3.1,3.7989999999999986
0.7,3.1864999999999988
4.7,2.9249999999999994
3.0,2.859
0.0,2.7740000000000005
0.0,4.179999999999999
4.0,3.1475000000000004
3.0,3.6915000000000004
0.0,3.531
3.0,3.5805000000000007
7.0,2.8954999999999997
1.0,2.4275
2.0,2.5075000000000003
0.0,2.4544999999999995
2.0,2.3009999999999993
0.0,2.401
0.0,2.6070000000000007
0.0,2.609
3.1,2.8645
1.0,2.9019999999999997
0.0,3.710999999999999
4.0,3.0419999999999994
1.3,2.5130000000000003
3.0,3.5070000000000006
0.0,3.325500000000001
0.0,3.2039999999999997
0.1,3.1325000000000007
1.0,2.2495
3.0,2.6435000000000004
4.0,3.2090000000000005
2.0,3.742000000000001
2.0,2.833
3.2,4.129
1.0,2.5754999999999995
0.0,2.682
4.0,2.9005000000000014
2.0,3.2720000000000002
0.0,3.2975
2.0,3.9595000000000002
2.0,3.7895
0.0,4.5515
0.0,5.412000000000001
3.2,3.7679999999999993
3.0,4.434499999999999
0.0,3.7645000000000004
3.0,5.06
2.9,4.990000000000001
8.0,4.674
0.0,5.111000000000001
0.0,3.6075000000000004
0.0,3.026
3.5,3.2199999999999993
5.0,3.0355000000000003
4.0,2.7920000000000003
1.0,3.0329999999999995
1.0,3.3754999999999997
0.0,3.5959999999999996
0.0,3.1890000000000005
0.0,2.748500000000001
2.0,3.236
2.8,2.9455
2.6,2.8789999999999996
2.7,2.7105
2.5,2.4760000000000004
2.2,2.683499999999999
0.0,2.493
5.0,2.458
0.0,2.688
4.0,5.045
4.0,3.2060000000000004
0.0,4.336500000000001
2.0,4.8389999999999995
1.0,3.4684999999999997
2.2,3.5484999999999998
2.0,3.1784999999999997
3.0,2.7230000000000003
7.0,2.8489999999999998
2.0,3.569000000000001
0.0,3.1045
4.0,3.8365000000000005
1.0,2.7265
3.0,2.899500000000001
4.0,2.92
0.0,2.6545
4.2,2.6050000000000004
2.0,2.609
3.0,3.1445000000000003
3.4,3.0210000000000004
3.0,3.1605000000000003
1.5,2.9995
1.0,2.9525
8.0,5.0815
6.0,4.401999999999999
1.0,8.921500000000004
4.0,9.1775
8.0,4.323
3.0,4.186
3.1,3.2199999999999993
2.0,2.4584999999999995
3.0,2.964
5.1,3.1414999999999997
0.0,2.736
2.0,3.1630000000000007
0.0,2.766
1.0,2.5925
0.0,2.8345
0.0,3.1240000000000006
0.0,1.8169999999999995
0.0,2.471
3.0,2.6285000000000003
1.0,2.705999999999999
3.0,2.6950000000000007
0.0,2.659500000000001
2.0,2.6014999999999997
4.0,2.289
3.8,3.3034999999999997
0.0,3.1745000000000005
2.0,3.8779999999999997
4.5,3.967
6.2,3.2175
0.0,2.7110000000000003
0.0,2.7804999999999995
3.0,2.8449999999999993
1.0,2.944
5.0,3.3474999999999993
0.0,3.1689999999999996
2.0,3.7385
0.0,2.6990000000000003
0.0,2.6505000000000005
3.0,2.5204999999999997
0.0,2.3845000000000005
6.0,2.8164999999999996
3.0,2.6064999999999996
7.0,2.6345
2.0,3.0629999999999997
4.0,2.7835
4.0,2.8955
1.0,2.143
0.0,2.460000000000001
1.0,4.061
0.0,5.2185000000000015
5.0,4.7235
3.2,3.5435
1.0,4.482500000000001
3.0,3.4199999999999995
0.0,3.515
0.0,4.196
3.7,3.9115
5.0,3.978
2.0,3.463
4.0,3.4075000000000006
2.0,2.9285
7.0,2.9975
0.0,2.8425
0.0,2.7864999999999998
0.0,1.8035000000000003
3.0,2.114
2.0,2.3674999999999997
2.0,1.896
2.0,2.2295000000000003
5.2,1.6915000000000004
0.0,1.9635
0.0,2.0424999999999995
3.0,3.2015000000000002
1.0,3.9800000000000004
9.8,3.4559999999999995
3.0,3.4855000000000005
3.0,3.879499999999999
0.0,3.381
3.0,3.391
0.0,3.0779999999999994
0.0,2.816999999999999
7.0,3.56
3.0,2.7974999999999994
3.2,3.1164999999999994
5.0,3.098499999999999
2.2,3.1469999999999994
1.2,3.0720000000000005
0.0,3.5399999999999996
2.6,2.8705000000000007
0.0,3.1105
2.7,2.8409999999999997
2.0,2.7744999999999993
2.0,2.7035
0.0,2.451
4.0,1.975
0.0,2.626000000000001
3.0,2.9685
3.0,4.1645
3.2,3.7055000000000002
0.0,4.830000000000001
8.0,3.6095000000000006
1.0,2.6895000000000007
3.4,2.4725
3.3,3.0660000000000003
1.0,3.2125
1.0,3.0165
3.0,3.0069999999999992
5.0,3.3640000000000003
3.1,2.5159999999999996
0.0,2.9170000000000003
2.7,2.6645
0.0,2.3285
0.0,2.2569999999999997
4.0,1.7934999999999999
4.0,2.0435000000000003
1.0,2.311
2.0,2.2045000000000003
0.0,2.496
3.0,2.4444999999999997
0.0,3.045
0.0,4.2195
3.2,3.644
7.0,4.6065
6.0,4.8905
5.0,4.197
1.0,3.7555
1.0,3.3000000000000007
0.0,3.1250000000000004
1.7,3.9954999999999994
3.0,2.9359999999999995
1.8,3.84
3.5,3.605
1.0,2.9275000000000007
2.0,3.103
1.0,2.5905
0.0,2.5705
2.0,2.9815000000000005
7.0,2.4495000000000005
1.0,2.6950000000000007
2.0,2.835
5.0,2.3735
2.7,2.3005
1.0,2.687
1.0,2.9890000000000003
9.0,4.2860000000000005
3.4,4.6355
3.0,4.341000000000001
2.0,3.9775
2.0,3.0525
2.0,3.0255
0.0,2.7704999999999997
3.0,2.77
0.0,2.6955
2.0,3.0579999999999994
1.0,5.113499999999999
5.0,2.9229999999999996
0.0,2.5445
0.0,2.5125
2.0,2.7105
0.0,3.327
0.0,2.7600000000000007
2.4,3.0835000000000004
2.9,2.7
2.8,3.326
2.6,3.4200000000000004
1.0,2.8575
3.5,3.0994999999999995
0.0,3.336499999999999
0.0,4.666
3.0,4.4305
0.0,3.3540000000000005
0.0,3.3624999999999994
2.7,3.1024999999999987
3.4,2.8225
2.0,2.7685000000000004
0.0,2.3215
0.0,2.5225000000000004
1.0,2.7539999999999996
2.0,3.3675000000000006
1.0,3.353
0.0,2.919500000000001
2.0,3.032499999999999
1.0,3.81
1.0,3.9130000000000003
1.0,3.3615
0.0,3.310999999999999
3.6,3.1150000000000007
3.6,2.506500000000001
4.0,2.35
3.0,2.2425
0.0,2.6109999999999998
0.0,2.8275000000000006
0.0,3.740000000000001
1.0,4.2055
2.0,4.285000000000001
0.0,3.4205
1.0,3.01
1.0,3.2485000000000004
5.0,4.114999999999998
3.0,3.8825000000000007
0.0,3.7295000000000003
0.0,2.8455
2.7,2.6224999999999996
0.0,2.821999999999999
0.0,2.955
1.0,3.1784999999999997
0.0,3.3409999999999997
2.0,2.8064999999999998
2.0,3.330999999999999
4.0,3.2520000000000007
0.0,2.8489999999999993
1.0,2.6795000000000004
0.0,2.625
0.0,2.3169999999999997
0.0,2.740999999999999
5.0,5.009999999999999
2.0,4.34
2.4,3.5619999999999994
0.0,3.881
1.0,3.5000000000000004
10.0,3.853499999999999
7.0,4.390999999999999
3.0,3.5670000000000006
5.0,3.679
0.0,4.0305
2.0,4.5745000000000005
2.0,4.343500000000001
2.0,3.8835
0.0,4.0245
2.0,3.735
6.0,4.1964999999999995
1.0,3.9949999999999988
3.0,2.9594999999999994
2.0,3.3315
2.0,3.2429999999999994
3.0,2.645
0.0,2.7685000000000004
2.0,3.7640000000000002
0.0,5.475
7.0,4.428499999999999
1.0,3.7029999999999994
0.0,4.186499999999999
3.0,3.5009999999999994
1.0,3.2675
5.0,3.7760000000000002
11.3,3.6740000000000004
1.0,3.2329999999999997
4.0,2.7375
2.0,2.7574999999999994
0.0,2.5704999999999996
0.0,3.3340000000000005
2.0,3.8365000000000005
1.0,3.6655000000000006
1.0,3.241
0.0,2.8025
3.8,2.8140000000000005
1.0,2.7474999999999996
4.0,2.8215
2.0,2.5325000000000006
0.0,1.795
3.5,1.5849999999999997
3.0,4.161
8.0,4.0280000000000005
2.0,4.214500000000001
3.0,3.5285
4.0,3.266
3.0,3.216999999999999
0.0,2.3139999999999996
3.0,3.083999999999999
4.0,3.4945
4.2,3.5364999999999998
0.0,3.53
2.0,2.704
3.5,3.0954999999999995
4.0,3.3210000000000006
3.0,2.8225
2.0,2.8994999999999997
0.0,2.843
2.0,2.5564999999999993
6.0,2.5480000000000005
3.3,2.3195000000000006
1.0,2.5890000000000004
2.0,2.8265000000000002
5.9,2.6055
0.0,2.5970000000000004
8.0,2.769500000000001
2.1,4.549500000000001
2.0,3.977999999999999
0.0,4.236000000000001
3.0,3.3045
0.0,3.8245000000000005
1.9,3.0254999999999996
0.0,2.9885
3.0,3.4145000000000003
4.0,3.3625
3.5,3.5704999999999996
2.9,2.658
3.0,3.1690000000000005
2.8,3.8789999999999996
1.0,3.2944999999999998
2.6,3.3185000000000002
0.7,2.6444999999999994
3.0,2.864
2.9,3.0215000000000005
2.0,2.8185000000000002
0.0,2.9475
0.0,6.492000000000001
3.0,2.7954999999999997
0.0,3.0705000000000013
0.0,3.2209999999999996
0.0,4.46
0.0,3.6585
2.0,3.2320000000000007
0.0,3.2889999999999993
6.0,3.2495000000000003
0.6,3.4805
10.0,3.1924999999999994
3.0,3.435
2.0,3.3049999999999993
0.0,3.7785
3.0,3.0885
3.6,2.9860000000000007
6.0,2.738000000000001
3.5,3.296
4.0,3.2310000000000003
0.0,3.7450000000000006
1.0,3.6475000000000004
5.6,3.995999999999999
0.0,3.45
1.0,3.318499999999999
0.0,3.1049999999999995
0.0,2.631499999999999
2.5,1.9124999999999996
9.0,4.838
2.0,4.418000000000001
7.0,4.304000000000001
6.0,3.5980000000000008
3.5,3.4774999999999996
1.0,3.3334999999999995
0.0,3.378
2.0,3.6329999999999996
4.0,3.2575
0.0,3.8049999999999993
3.6,2.7525
3.4,2.6955
3.0,2.9915000000000003
3.4,3.0770000000000004
4.0,2.628499999999999
3.0,2.7985000000000007
0.0,2.687
0.0,2.7505
7.0,2.5825
4.0,2.611999999999999
2.0,3.5875000000000004
0.0,3.1304999999999996
1.0,3.033500000000001
0.6,2.7429999999999994
2.0,3.5500000000000007
20.0,4.403499999999999
1.0,4.2715
2.0,5.020499999999998
3.2,3.176999999999999
7.0,3.4215000000000004
2.0,3.1515
6.0,3.1275
1.0,3.1694999999999998
1.0,2.7845
3.3,2.588
3.0,2.8510000000000004
3.1,2.3539999999999996
5.0,2.2554999999999996
3.3,2.3195000000000006
0.0,2.5469999999999997
2.0,2.8194999999999997
3.0,2.4385000000000003
2.0,3.3304999999999993
0.0,3.097000000000001
0.0,3.1485
0.0,2.6415
5.0,2.8354999999999997
5.0,3.3865
5.0,3.839499999999999
6.0,4.895499999999998
8.0,3.616999999999999
0.0,3.1654999999999998
3.8,3.34
0.0,4.3115
4.8,3.4034999999999997
1.0,3.505999999999999
2.0,3.876499999999999
1.0,2.8245
3.0,2.7119999999999997
2.0,3.557499999999999
0.0,2.5890000000000004
5.0,2.678
1.0,3.068999999999999
6.0,2.5014999999999996
4.0,2.8185
4.0,2.2619999999999996
2.0,2.2719999999999994
6.0,3.8195000000000006
0.0,4.1305
3.9,4.368
2.0,4.4334999999999996
5.8,3.4890000000000008
8.0,3.7985
0.0,3.2845000000000004
4.0,3.303500000000001
8.7,3.3005
6.0,3.237
3.0,3.3210000000000006
0.0,3.3405
2.0,3.1605000000000003
3.0,3.5014999999999996
5.0,2.9790000000000005
1.0,2.2855000000000003
2.0,2.8575
7.0,3.0265000000000004
4.0,3.2135000000000007
2.0,3.6839999999999997
0.0,3.64
6.0,2.641
3.0,3.1584999999999996
1.0,4.6145
3.0,4.795000000000001
2.0,4.516
2.0,5.3469999999999995
6.0,4.497500000000001
0.0,3.5555000000000003
4.0,3.3714999999999997
8.0,3.8055000000000003
8.6,4.159499999999999
6.0,4.291500000000001
1.0,3.466500000000001
4.0,3.3005
0.0,3.719
3.0,3.1094999999999997
2.0,3.3449999999999993
1.0,3.258
0.0,2.6935000000000002
2.0,2.787999999999999
3.0,2.8089999999999997
3.0,2.832
5.0,2.516
2.0,2.8084999999999996
3.0,2.3899999999999992
2.0,2.7615000000000003
1.0,3.7975
10.0,4.535
6.0,5.462
9.0,4.7915
1.0,4.233000000000001
7.0,3.892
1.0,3.096000000000001
10.0,3.7674999999999987
2.0,3.838
5.0,4.6365
3.0,3.9435000000000002
1.0,4.184
5.9,3.783000000000001
9.0,4.265
5.0,3.964
3.0,3.3154999999999997
7.0,3.5005
5.0,3.112
2.0,3.398999999999999
5.0,3.1280000000000006
5.7,3.676999999999999
4.0,4.524000000000002
3.4,3.3780000000000006
0.0,3.7199999999999993
0.0,5.0409999999999995
4.0,4.564
10.0,4.971
5.0,4.443499999999999
7.0,3.82
3.0,4.288499999999999
3.0,3.4495
8.0,3.4109999999999996
3.0,3.528
3.0,3.3254999999999995
3.0,3.87
3.0,4.3785
4.0,4.1739999999999995
4.0,3.0475000000000008
0.0,3.2439999999999993
1.7,2.6414999999999997
1.0,2.5764999999999993
0.0,2.299
2.0,2.3209999999999997
0.0,2.3355000000000006
2.0,2.2034999999999996
1.0,2.2069999999999994
1.8,2.2254999999999994
0.0,2.2975
2.0,2.8704999999999994
5.0,3.890500000000001
1.0,3.9190000000000014
3.0,3.698
4.0,4.265999999999999
0.0,3.5989999999999998
3.0,3.125
3.0,3.3145000000000007
1.9,3.1319999999999997
0.0,2.72
1.0,2.9545
1.0,2.994
2.0,3.9725
2.0,3.589000000000001
1.0,2.4765000000000006
3.0,2.4530000000000003
0.0,2.4115000000000006
4.6,2.9925000000000006
3.2,3.388
0.0,2.6535
3.0,2.7709999999999995
1.0,3.057
5.0,3.0899999999999994
0.0,3.1595
9.0,3.0484999999999998
1.0,3.9320000000000004
1.0,4.7475
6.0,4.3839999999999995
3.0,3.9084999999999996
3.6,3.736
4.0,3.5520000000000005
0.0,3.4040000000000004
1.0,4.149500000000001
1.0,3.588999999999999
0.0,4.013999999999999
2.0,3.6849999999999996
3.2,2.941
3.4,2.441
3.3,2.6965000000000003
2.0,3.0404999999999998
2.0,3.6189999999999998
0.0,3.0885000000000002
3.2,2.9490000000000007
2.0,2.639
0.0,2.7640000000000002
3.0,2.7145000000000006
0.0,2.6630000000000007
0.0,2.561500000000001
6.0,4.417
8.0,5.309500000000001
6.0,4.167
1.0,3.8595000000000006
6.0,5.105499999999998
2.2,4.036
4.0,3.4964999999999997
0.7,3.766000000000001
7.0,3.810499999999999
1.0,4.037999999999999
0.0,3.7244999999999995
0.0,3.9245000000000005
2.0,3.444
1.0,3.9934999999999996
2.0,3.8100000000000005
1.0,3.5770000000000004
2.7,4.075500000000001
3.2,4.4910000000000005
2.0,3.8474999999999993
1.0,3.8634999999999997
0.0,3.3324999999999996
1.0,2.9629999999999996
3.1,2.3914999999999997
3.4,2.4774999999999996
1.0,4.2515
4.0,4.716
1.0,4.913
5.0,3.8640000000000003
3.0,4.4015
1.0,3.987
6.0,4.1335
5.0,4.377
8.0,4.349500000000001
3.8,4.2035
3.0,3.681
6.0,3.769
4.0,4.7985
6.0,5.0025
4.3,4.061000000000002
5.0,2.984000000000001
0.0,3.2974999999999994
0.0,3.0805000000000002
6.0,3.434
4.0,2.9429999999999996
5.0,3.9034999999999997
2.0,3.305
4.0,3.2075
1.0,2.8525000000000005
0.0,4.134499999999999
5.0,4.740999999999999
6.0,4.5545
0.0,4.700500000000001
2.5,4.4585
6.0,4.767500000000001
1.7,4.3605
1.8,4.069500000000001
2.0,3.5155000000000003
1.9,3.655
0.0,3.7844999999999995
3.0,5.4190000000000005
6.0,4.7945
5.0,4.604500000000001
4.0,3.4225
0.6,3.4005
2.0,3.091999999999999
4.0,3.1565000000000003
0.0,3.1829999999999994
4.0,2.7099999999999995
0.0,3.561000000000001
0.0,3.5340000000000003
3.0,3.116
2.4,2.9730000000000003
3.0,4.863
12.0,5.858999999999998
3.0,5.3405000000000005
4.0,5.309
5.0,4.680499999999999
7.0,3.8489999999999998
0.0,3.477
5.0,4.2335
2.3,4.0545
0.0,4.230499999999999
4.0,3.516000000000001
3.0,2.8685
2.0,3.6549999999999994
3.0,4.422499999999999
8.0,3.986
3.5,4.142500000000001
0.0,3.617999999999999
5.0,4.1465
1.0,3.0740000000000007
3.0,3.9405
8.0,3.5979999999999994
3.3,7.685999999999999
2.0,4.181
0.0,4.053999999999999
12.0,3.263
3.0,3.6699999999999995
3.8,4.775
0.0,4.842499999999999
3.0,3.4704999999999995
4.0,3.3729999999999993
3.0,3.1904999999999997
6.0,3.3040000000000003
3.0,4.09
0.0,4.093
5.0,3.6630000000000003
3.0,4.3425
3.0,3.787
1.0,3.998500000000001
6.0,3.9840000000000004
0.0,3.5545000000000004
3.6,3.4915000000000003
4.0,3.4600000000000004
0.0,3.0389999999999997
2.0,2.6854999999999993
1.0,2.932499999999999
2.0,2.9270000000000005
3.0,2.0915
0.0,2.3930000000000002
4.2,3.1595
4.4,5.0040000000000004
5.0,5.0755
4.0,4.9285000000000005
4.6,4.997000000000001
0.0,4.396999999999999
6.0,3.679
4.0,3.6020000000000003
0.0,3.7335000000000003
4.6,3.4825
4.0,2.8505000000000003
7.0,3.0055
5.6,2.8289999999999997
2.0,3.4259999999999997
3.3,2.7485000000000004
0.0,2.9215000000000004
3.3,3.0920000000000005
4.5,3.099000000000001
2.0,2.7025
3.0,2.8765000000000005
2.0,3.0060000000000002
2.9,3.033
0.0,3.285000000000001
0.0,3.2740000000000005
2.0,3.39
3.0,3.6134999999999997
8.0,3.3754999999999997
2.0,4.707999999999999
2.0,4.368
0.0,3.4989999999999997
0.0,3.8544999999999994
7.0,3.4924999999999993
3.0,3.644
3.0,3.3200000000000007
5.0,3.5389999999999997
4.3,3.3145
0.0,3.508000000000001
0.0,3.0065000000000004
4.0,2.7064999999999997
5.1,2.616999999999999
0.0,2.8299999999999996
5.1,3.2
4.7,4.225
2.0,3.946999999999999
4.0,4.975
11.0,6.040000000000001
5.5,6.002000000000001
3.0,5.441999999999999
0.0,5.5950000000000015
0.0,5.5225
17.0,6.365999999999999
4.0,4.6514999999999995
4.7,5.127499999999999
5.5,4.1075
0.0,3.4370000000000003
20.0,3.4915000000000003
12.0,4.1895
5.0,4.3615
0.0,3.95
6.2,3.74
3.0,3.3750000000000004
1.0,3.6595
3.0,3.5729999999999995
19.0,3.930000000000001
0.0,3.0435000000000003
5.8,3.120999999999999
0.0,3.7515000000000005
4.1,4.704500000000001
3.0,3.5269999999999997
5.1,3.535
0.0,3.992
1.0,3.5984999999999996
3.0,4.784000000000001
13.0,7.513
19.0,6.058500000000001
3.0,5.008
3.9,4.7735
23.0,4.5495
6.0,4.245000000000001
7.0,4.5625
21.0,5.2379999999999995
7.0,5.4030000000000005
11.0,4.825
9.0,5.172999999999999
23.0,5.202000000000001
5.0,5.442499999999999
5.0,4.9585
22.0,6.693
9.0,6.1325
25.0,6.8985
6.0,7.956
5.0,6.233499999999999
6.5,6.299999999999999
15.0,4.923
5.0,5.843
4.0,7.1129999999999995
8.0,7.046500000000001
4.0,7.6385000000000005
10.0,6.670499999999999
0.0,6.443
9.7,5.723
13.0,4.760999999999999
1.0,5.929000000000001
1.0,4.86
0.0,5.961
7.0,4.863500000000001
16.0,4.9940000000000015
0.0,5.301500000000001
4.0,4.57
25.0,4.4185
0.0,4.715
5.0,5.66
4.0,6.349000000000001
6.0,6.013000000000001
6.0,6.0815
6.0,6.3375
8.9,5.185
13.0,5.540500000000001
6.1,5.1354999999999995
6.0,5.388499999999999
8.0,5.7410000000000005
13.7,6.1135
3.0,6.3865
1.0,6.6765
9.9,5.499
3.0,4.859
10.6,4.7025
3.0,4.372
3.0,5.0005
2.0,5.468
5.0,4.499
1.0,3.8905000000000003
4.0,3.8935000000000004
3.0,5.061000000000002
4.0,4.737
5.3,4.168
9.0,3.8305000000000007
2.0,4.144000000000002
0.0,3.733
6.0,3.2579999999999996
2.0,3.9614999999999996
4.0,3.211499999999999
6.3,3.1255000000000006
0.0,3.4319999999999986
1.0,4.610500000000001
3.0,4.444000000000001
7.0,4.682500000000001
0.0,4.9719999999999995
7.9,5.581
3.1,4.681
1.0,3.8070000000000004
5.0,3.6805000000000003
5.0,3.3684999999999996
0.0,4.051499999999999
0.0,3.1920000000000006
0.0,3.1529999999999996
3.0,2.385
2.0,2.2635
7.9,2.276
0.0,2.1049999999999995
4.0,2.5145
3.4,2.2739999999999996
0.0,2.303
4.0,2.7675
0.0,2.171
4.0,3.5465000000000004
8.0,3.621000000000001
7.0,5.364000000000001
0.0,5.565000000000001
3.0,3.3670000000000004
0.0,3.4055
3.0,3.006
9.0,2.9999999999999996
2.0,3.0060000000000002
10.0,2.845
7.0,2.2205
8.0,2.6620000000000004
1.0,2.8795000000000006
3.6,2.506
6.0,2.4675000000000002
1.0,2.2640000000000002
2.8,2.418
2.0,2.1430000000000002
2.0,2.2245
2.0,2.8245000000000005
1.0,2.9890000000000008
0.0,7.169500000000002
2.0,3.4154999999999998
0.0,3.191
2.3,4.136500000000001
4.0,4.7415
3.0,4.079
6.0,3.5580000000000007
3.3,3.4105000000000008
10.0,3.0180000000000002
2.8,3.1355
0.9,3.6060000000000003
0.0,2.9659999999999997
0.0,4.0055000000000005
1.0,2.5780000000000007
3.0,3.2329999999999997
15.0,3.3095000000000003
0.0,3.0924999999999994
17.0,3.4760000000000004
2.0,3.278
0.0,3.2684999999999995
3.8,3.621500000000001
3.0,2.6035000000000004
6.0,2.6214999999999997
0.0,3.5825000000000005
4.4,7.5345
4.0,3.2500000000000004
10.0,3.5070000000000006
6.0,4.4350000000000005
13.0,4.6804999999999986
0.8,3.3124999999999996
5.0,3.2490000000000006
4.0,2.7439999999999998
3.9,3.162999999999999
3.8,3.38
0.0,4.422999999999999
3.0,4.434
2.0,4.197
25.4,3.772
15.0,20.3225
39.0,14.90200000000001
21.0,10.456000000000003
3.0,17.82
0.0,12.874
2.6,15.824000000000003
4.0,15.939000000000004
2.0,17.038
0.0,4.436
16.0,5.606
4.7,4.85
19.0,5.8115
22.0,5.1695
4.3,5.843000000000002
20.0,4.1499999999999995
16.0,3.833
2.0,3.6925
1.0,3.3779999999999997
5.8,3.3314999999999997
0.0,3.156
2.0,3.7695
0.0,3.0520000000000005
2.0,2.966
9.0,2.9939999999999993
3.8,3.0469999999999997
0.0,3.2340000000000004
2.0,3.3030000000000013
2.0,2.6445
2.1,2.1795
3.0,2.4559999999999995
6.0,3.9895000000000005
2.0,2.6745
4.0,2.2515
3.3,2.5085
10.0,3.3489999999999998
0.0,5.148
9.0,4.373499999999999
4.6,4.0600000000000005
4.0,3.096
5.9,4.030500000000001
10.0,3.8114999999999997
0.0,3.4525
9.0,3.3454999999999995
4.0,3.601500000000001
5.0,3.637000000000001
6.9,3.4654999999999996
5.3,3.3185000000000007
3.0,3.1754999999999995
16.0,2.883000000000001
3.0,2.8514999999999993
4.0,3.1670000000000003
2.4,5.295
0.0,5.273
0.0,3.7555
4.2,3.0200000000000005
8.0,4.6419999999999995
2.0,3.5984999999999996
16.0,5.9079999999999995
2.0,6.2125
11.0,5.7555
0.0,4.768
0.0,4.7065
4.0,3.6180000000000003
11.0,3.8415
2.0,4.2695
6.0,4.575
0.0,4.459
3.0,5.3315
2.0,7.5475
7.0,9.9675
0.0,10.979000000000001
15.0,10.455499999999997
7.0,11.941999999999998
8.0,22.369
4.2,12.514999999999997
19.0,11.135000000000002
5.0,12.279000000000005
8.0,13.330500000000004
4.0,11.7185
6.2,13.897500000000003
4.0,8.8205
15.0,9.094000000000001
9.0,8.830499999999999
9.0,7.216000000000001
15.0,6.942500000000001
3.0,5.844000000000001
5.8,5.7615
6.0,5.2185000000000015
3.0,5.212000000000001
9.0,5.126
8.9,8.8615
10.8,6.501
0.0,4.943500000000001
18.0,5.496
2.0,5.570999999999999
2.0,4.6685
0.0,5.073499999999999
7.0,6.589999999999999
0.0,6.093500000000001
0.0,6.999499999999999
3.0,5.9110000000000005
0.0,5.468999999999999
1.0,6.0225
19.2,5.707000000000001
7.0,6.462999999999999
16.0,8.109000000000002
3.0,9.343
0.0,7.5525
9.2,6.617999999999999
4.0,7.178
2.0,5.967
4.8,5.087
3.0,5.1354999999999995
3.2,4.755
0.0,3.927
2.0,3.7424999999999993
1.0,3.3450000000000006
3.0,4.542499999999999
11.0,4.882999999999999
6.0,4.6555
0.0,3.679999999999999
4.0,3.5674999999999994
10.0,4.7989999999999995
11.0,5.291499999999998
2.0,6.0185
3.3,4.573500000000001
1.0,3.7125000000000004
8.0,3.988000000000001
0.0,6.480000000000001
5.0,7.487999999999999
9.0,6.629499999999998
3.0,5.6545000000000005
7.0,5.8275
0.0,6.8925
3.0,5.365
1.0,6.2345
10.0,7.203500000000002
0.0,5.7385
0.0,4.9239999999999995
5.0,4.7165
0.0,4.503
0.0,5.159000000000001
1.0,5.485
5.0,5.272
0.2,5.5305
1.0,5.512000000000001
4.0,5.222500000000001
15.0,4.797000000000001
22.0,4.3545
27.0,4.692
0.0,3.877999999999999
11.0,4.449
3.0,5.706
17.0,7.9754999999999985
3.7,6.566500000000001
5.0,6.180499999999999
6.0,6.139999999999999
9.0,6.495499999999998
4.0,6.5295000000000005
10.0,5.774
7.0,6.647499999999999
4.0,6.9125
6.0,5.458000000000001
5.0,4.5215000000000005
3.9,4.526500000000001
1.0,4.916499999999998
0.0,5.261500000000001
0.0,5.669
4.0,4.9385
0.0,5.548499999999999
2.0,4.436
3.5,8.833999999999998
3.0,5.131500000000001
1.0,3.361999999999999
4.0,3.2659999999999996
5.0,5.150500000000001
6.3,6.84
0.0,5.7204999999999995
0.0,3.8284999999999996
0.0,4.812
3.8,4.5875
5.0,4.063
4.0,4.8335
2.0,4.378499999999999
4.0,3.8350000000000004
2.0,4.3755
0.0,4.4110000000000005
8.0,5.521
7.0,4.1915000000000004
0.0,4.441000000000001
4.0,4.801
0.0,4.737500000000001
2.0,5.2145
4.5,5.67
2.0,4.171500000000001
1.0,4.708500000000001
3.2,3.5439999999999996
0.0,3.7760000000000002
5.5,4.55
2.8,4.143
0.0,4.5685
2.0,5.553000000000001
3.0,5.003
2.2,3.8480000000000003
12.0,3.734
3.0,3.1449999999999996
8.0,3.7315000000000005
5.0,3.6449999999999996
2.2,3.2235
5.0,3.9865
2.4,3.819000000000001
2.9,3.4975000000000005
6.0,3.3570000000000007
3.0,3.275
0.6,3.2710000000000004
5.0,3.2475
2.0,2.8715
3.0,2.553
0.0,2.6045000000000003
4.0,4.1705
3.0,3.2664999999999997
0.0,4.2535
12.0,5.167999999999999
8.2,4.931
5.0,5.123499999999999
2.0,4.5755
5.0,4.387499999999999
0.0,4.550000000000001
8.0,4.0335
0.0,3.332
1.0,3.2064999999999997
2.0,3.953500000000001
1.0,3.65
6.0,4.023999999999999
0.0,3.3774999999999995
0.0,3.517
5.0,2.815
2.0,2.7085000000000004
6.0,2.9375
1.0,3.287999999999999
0.0,2.8895000000000004
6.0,3.3569999999999993
1.0,2.5514999999999994
1.0,2.6004999999999994
0.0,4.621
5.0,4.151
2.0,4.111000000000001
0.0,3.9805
5.0,4.5285
0.0,5.064500000000002
0.0,4.2735
9.0,3.9705
8.0,3.6595
7.0,3.2245000000000004
5.0,2.849
0.0,3.2820000000000005
1.0,3.6719999999999997
3.0,2.839
0.0,2.4139999999999997
2.0,2.8115000000000006
0.0,2.492
3.7,2.5555000000000003
2.0,2.434
5.8,2.758
5.0,3.016500000000001
1.0,3.0150000000000006
3.1,2.9455
0.0,2.7774999999999994
0.0,3.466999999999999
3.0,3.494999999999999
0.0,4.5665
5.0,4.438
1.0,4.6225
4.0,3.705
5.0,3.9265
9.0,3.618499999999999
5.0,3.8835
0.0,3.6145
3.1,3.8225
0.0,3.4844999999999993
10.0,4.031000000000001
6.9,4.5184999999999995
4.0,4.867
3.0,4.293500000000002
3.0,3.8564999999999996
4.0,3.307
3.0,4.3205
0.0,4.083
3.0,3.8015
3.0,3.7029999999999994
1.0,3.174
2.0,3.9545
11.1,5.387
0.0,4.361999999999999
8.0,6.065
1.0,3.9909999999999997
10.0,3.8755
0.0,4.079
8.7,3.7815
1.0,4.556499999999999
0.0,3.9870000000000005
8.2,3.9230000000000005
0.0,3.813999999999999
6.7,3.2975
10.0,2.7124999999999995
2.0,2.9774999999999996
0.0,3.2270000000000003
4.0,3.995
9.0,3.550500000000001
7.9,3.8245000000000005
1.0,3.0499999999999994
1.0,2.5125
0.0,2.1869999999999994
3.0,2.6624999999999996
0.0,2.4619999999999997
5.0,3.3024999999999993
2.0,5.7175
5.0,5.1595
5.2,4.141
1.0,4.0535
3.0,3.9454999999999996
0.0,4.055499999999999
6.3,3.7359999999999998
3.0,3.511999999999999
6.0,3.311000000000001
4.0,3.9034999999999997
4.1,2.69
0.0,3.1175
3.9,2.7165
2.0,3.2025
4.0,2.648999999999999
4.0,3.2235
3.0,2.8145000000000007
2.0,3.35
1.5,2.3915
1.0,2.4885
3.7,2.6520000000000006
0.0,2.03
3.9,2.4225
6.0,2.6890000000000005
5.0,3.3470000000000004
8.0,4.348
3.9,3.949499999999999
3.4,3.7804999999999995
0.0,3.7765
6.0,3.5845000000000002
8.0,3.6614999999999993
3.1,3.972
2.0,3.1635000000000004
5.0,3.709500000000001
3.0,3.5509999999999997
4.7,5.0264999999999995
1.0,5.331499999999998
4.0,5.2395000000000005
3.0,5.604500000000001
12.0,6.870999999999999
8.0,7.0325
11.0,5.867999999999999
5.0,5.337999999999999
0.0,4.890499999999999
2.0,4.797
0.0,5.436999999999999
2.0,6.6675
6.0,8.380500000000001
3.5,6.525500000000001
6.0,5.426500000000001
4.2,5.2095
0.0,7.179499999999999
0.0,4.899
0.0,5.36
2.9,5.266
0.0,5.5835
3.0,5.7555
3.0,5.7665
3.6,4.5184999999999995
0.0,5.9575
2.0,4.7669999999999995
1.0,6.0794999999999995
2.0,4.7355
6.1,6.039499999999999
5.0,6.809499999999999
10.0,8.704
4.0,5.443499999999999
6.0,12.359000000000004
7.0,51.64949999999998
6.0,21.180999999999997
23.0,8.943500000000002
10.0,8.821500000000002
6.0,12.356000000000002
5.0,8.1305
3.1,8.0635
4.0,6.667999999999999
21.0,6.9615
19.0,6.509000000000001
3.1,6.229499999999998
3.0,5.700999999999999
11.0,5.974499999999999
6.7,6.046500000000001
3.0,6.4095
4.0,6.984500000000001
11.0,7.6240000000000006
4.5,8.818999999999999
18.0,9.274000000000001
3.5,9.2515
30.0,8.449
3.0,9.754999999999999
1.0,7.270999999999999
15.0,7.9975
18.0,12.258500000000005
0.0,12.786000000000008
0.0,12.382000000000007
4.2,11.228500000000004
3.6,11.520500000000002
3.2,9.722500000000002
8.0,11.736
0.0,6.797999999999999
6.0,4.1775
1.0,4.761499999999999
15.0,5.0440000000000005
9.0,4.005
0.0,3.9414999999999996
2.0,3.7835
2.0,3.1375
4.0,3.2355000000000005
3.0,2.556
4.0,2.685
0.0,2.825
8.0,3.025
3.2,5.217
0.0,3.658000000000001
1.0,4.136
2.0,3.2255000000000007
3.0,3.193
0.0,3.77
3.3,5.196499999999999
8.0,5.759499999999999
3.3,5.787000000000001
3.3,5.247000000000001
3.0,5.560500000000001
0.0,4.345
10.0,4.29
3.0,4.2940000000000005
3.3,3.4860000000000007
5.0,2.719499999999999
3.7,2.8840000000000003
3.3,2.738000000000001
3.3,3.3479999999999994
1.0,2.782
4.0,2.5759999999999996
0.0,3.0055
1.0,2.8334999999999995
4.0,2.9139999999999997
0.0,2.6959999999999997
0.0,2.961
6.0,3.078500000000001
2.0,6.555999999999999
0.0,6.7675
3.0,3.8284999999999996
6.0,4.5969999999999995
7.0,5.4689999999999985
8.0,5.101500000000001
12.0,4.525
0.5,4.055000000000001
0.0,3.7840000000000007
2.9,3.7769999999999992
5.0,3.0055
5.0,3.0835000000000004
3.7,3.029000000000001
0.0,2.9525
6.0,2.6875
0.0,2.9519999999999995
0.0,2.7374999999999994
10.0,2.8204999999999996
4.0,2.6295000000000006
4.0,3.3100000000000005
3.6,3.03
3.0,2.37
6.0,2.1954999999999996
0.0,2.4155
0.0,3.4774999999999996
0.0,3.5614999999999997
1.0,3.5414999999999996
3.0,4.285
9.0,5.353000000000001
20.0,5.382000000000001
2.0,5.1245
3.0,5.1235
0.0,3.585
8.0,4.0695
4.0,3.8145000000000007
5.0,3.625
0.0,3.168
1.0,3.2639999999999985
3.0,2.9475
0.0,2.6165
7.0,2.616999999999999
4.0,2.2025
4.3,2.411
1.0,2.3595
2.0,2.266000000000001
1.1,2.807
1.0,2.6685
2.0,2.8220000000000005
2.0,3.2720000000000002
1.0,2.6614999999999998
2.0,4.5625
9.0,5.771499999999999
0.0,5.663999999999999
0.0,5.309999999999999
5.0,4.1095
1.0,4.7245
1.0,5.1165
2.0,4.745000000000001
2.0,4.7585
7.0,4.258500000000001
5.8,4.008000000000001
0.0,3.5025
5.4,3.3040000000000007
7.0,4.2945
3.0,3.8465
7.0,3.8540000000000005
2.0,3.9825000000000013
1.0,4.31
2.0,5.9055
0.0,3.4219999999999993
0.0,3.800500000000001
6.0,4.265499999999999
3.0,4.7410000000000005
4.5,4.6215
7.0,5.417000000000001
4.1,6.579000000000001
7.0,6.4545
7.0,5.559
3.0,6.0235
7.0,6.363
4.0,5.265999999999999
8.0,4.6235
3.7,5.560499999999999
0.0,5.767999999999998
0.0,5.574499999999998
0.0,6.4205
7.0,5.016
0.0,5.823499999999999
9.0,5.433499999999999
9.0,4.503499999999999
10.0,4.6145
4.0,4.214000000000001
2.0,4.356000000000001
1.0,3.8704999999999994
3.0,4.884
1.0,4.109999999999999
4.0,3.654499999999999
0.0,2.9335000000000004
2.3,4.9015
1.0,6.7315000000000005
3.0,6.5344999999999995
0.0,6.207000000000001
8.0,5.8935
8.0,5.752000000000001
1.0,4.448500000000001
3.0,4.0355
0.0,3.57
0.0,3.7404999999999995
3.0,3.7629999999999995
1.0,2.9875000000000007
3.0,3.066
0.0,4.054
4.0,3.1095000000000006
0.0,3.0065
2.0,2.5820000000000003
1.0,3.0404999999999998
3.0,3.057
4.9,2.5615000000000006
3.0,2.5045000000000006
4.0,2.6214999999999997
5.8,2.409
6.0,3.5815
2.0,4.058999999999999
0.0,4.07
1.0,3.5564999999999993
8.4,4.037
0.0,3.3345
7.0,3.2165
2.0,3.469500000000001
2.0,4.0680000000000005
5.8,4.748
0.0,4.432
5.0,3.5545000000000004
6.1,5.3025
0.0,3.0694999999999997
2.0,2.7655000000000003
5.8,2.4135000000000004
3.0,2.1660000000000004
0.0,2.421
3.0,2.679
8.0,2.9225
2.0,3.164
3.6,3.1004999999999994
0.0,2.7034999999999996
4.0,3.308500000000001
0.5,3.5565
3.0,3.354500000000001
2.8,4.107500000000001
0.0,3.850000000000001
4.0,3.793999999999999
5.0,3.7725000000000004
4.0,3.7195
3.0,3.240999999999999
0.0,3.4174999999999995
2.0,2.8434999999999997
3.0,3.4150000000000005
3.0,3.7275
1.0,3.668
0.0,4.019499999999999
4.0,3.8620000000000005
5.0,3.7249999999999996
2.0,3.147
2.4,3.21
3.0,3.333500000000001
5.0,3.7100000000000004
0.0,3.0065
2.0,2.267
6.0,3.787000000000001
3.0,3.8370000000000006
1.0,3.926499999999999
0.0,3.8904999999999994
2.7,3.6865000000000006
0.0,4.089
1.0,3.2529999999999997
1.0,3.6384999999999996
0.0,3.9210000000000003
8.0,3.42
2.9,3.5729999999999995
2.7,3.2725
3.0,3.1134999999999997
4.0,3.7839999999999994
0.0,3.5805000000000002
1.5,3.2875
4.0,3.4179999999999997
4.0,2.878
4.0,3.671
14.0,2.5385
1.0,2.698
3.0,2.9425
6.0,4.344
0.0,5.308000000000001
3.6,6.225
3.0,6.309000000000001
6.0,6.288000000000002
7.0,4.884
7.0,3.9765
1.0,4.086
4.0,4.052499999999999
3.0,3.184
0.0,3.1430000000000002
0.0,2.8204999999999996
3.0,3.0405
0.0,3.352000000000001
3.2,2.1055
4.0,2.491
1.0,3.008
0.0,2.9509999999999996
5.0,3.7705000000000006
3.1,3.3469999999999995
3.0,3.130999999999999
0.0,3.5435
7.0,4.061
7.0,3.5479999999999996
0.0,3.9265000000000003
3.0,4.960000000000001
0.0,5.586
11.0,4.939500000000001
1.0,9.327
7.0,5.03
5.0,5.565499999999999
2.0,4.9350000000000005
3.1,5.061499999999999
5.3,5.025
5.9,5.409
3.0,5.263999999999999
0.0,3.876499999999999
0.0,4.099
5.3,4.004
6.2,4.2485
1.0,4.1835
3.0,4.196999999999999
7.0,4.5595
5.0,4.645499999999999
0.0,4.383500000000001
2.0,4.089499999999999
5.9,6.156500000000001
8.0,6.176500000000001
10.0,5.694
0.0,4.944500000000001
15.0,5.259000000000001
3.0,5.9094999999999995
8.6,5.6285
2.8,6.8870000000000005
2.0,5.6185
3.0,4.313500000000001
2.0,4.489000000000001
2.0,5.320500000000001
9.3,5.144500000000001
2.0,5.1585
4.0,4.4995
5.0,5.439
1.0,5.127999999999999
2.0,5.441
7.0,5.001500000000001
5.0,5.3335
4.9,4.8069999999999995
6.0,3.6649999999999996
7.5,4.9055
0.0,4.846
0.0,5.046
4.0,5.686
0.0,4.1735
1.0,4.028499999999999
0.0,3.9219999999999997
5.1,4.253
0.0,4.437
8.0,4.054499999999999
2.0,3.2805
2.0,3.2969999999999997
2.0,3.5179999999999993
2.1,3.2035
6.4,3.21
4.0,3.1695000000000007
0.0,2.843
5.0,2.5865000000000005
8.0,2.636
5.4,2.8149999999999995
2.0,2.9444999999999997
6.0,2.8120000000000003
0.0,2.331
1.0,2.6945000000000006
5.0,4.1925
10.0,5.848499999999999
6.0,5.575000000000001
4.6,5.0355
0.0,5.1475
5.0,4.589
1.0,4.2
6.0,4.419999999999999
5.0,4.5
2.0,5.4145
3.3,4.0895
0.0,3.6515000000000004
3.7,2.9095
3.0,4.2645
2.0,3.033
4.0,2.5245000000000006
2.0,3.461499999999999
4.0,2.5775
2.0,2.923499999999999
3.0,2.889
1.0,2.5620000000000003
1.0,2.903
0.0,2.6095000000000006
0.0,2.7780000000000005
2.0,4.404999999999999
0.0,4.6065
4.0,5.275500000000001
7.0,4.574
0.0,3.9000000000000004
3.0,3.8909999999999996
0.0,3.8124999999999996
5.0,3.3805
4.5,3.2689999999999997
3.0,2.5749999999999993
4.3,3.0165
0.0,2.702
1.0,3.1869999999999994
3.3,2.547
6.0,3.178
3.0,3.5104999999999995
4.0,3.3170000000000006
7.0,3.0495
2.0,2.5544999999999995
4.0,3.9689999999999994
3.0,4.0200000000000005
0.0,4.3275
5.0,3.9124999999999996
0.0,4.7135
5.0,4.1155
3.0,4.811
3.8,5.303
2.0,4.672
4.0,3.9139999999999997
5.0,3.5395000000000003
2.0,3.1645
2.0,3.1105000000000005
2.0,2.8840000000000003
6.0,3.0189999999999997
11.0,3.749500000000001
0.0,2.295
11.0,2.1355000000000004
7.0,2.5269999999999997
3.0,2.7875
0.0,2.4844999999999997
0.0,2.7529999999999997
2.0,3.5195000000000003
0.0,4.5145
0.0,5.709
2.0,3.242
0.0,4.97
11.0,3.699499999999999
7.0,3.4700000000000006
11.0,4.2905
10.0,3.779
7.0,3.5860000000000003
2.0,3.1455
3.4,3.4274999999999993
2.0,3.0049999999999994
3.4,3.248
2.6,3.0375000000000005
0.0,2.7125000000000012
4.0,2.6325
2.3,3.167999999999999
2.0,2.549
1.0,2.998
3.0,2.9795
11.0,2.082
0.0,2.3839999999999995
0.0,3.0900000000000007
1.3,3.474
14.0,4.414499999999999
6.0,5.532
0.0,5.1645
1.8,4.9805
12.0,7.6425
2.9,6.7865
1.7,9.872
0.0,7.635999999999998
1.0,6.691499999999999
2.0,5.432
19.0,4.6659999999999995
18.0,5.155
2.0,5.221499999999999
2.0,4.454999999999999
2.1,4.0385
26.0,5.390499999999999
14.0,4.3195
18.0,4.0545
3.0,3.120999999999999
4.0,3.9144999999999994
17.0,4.4079999999999995
3.0,3.856500000000001
7.0,4.9015
7.0,4.7065
13.0,3.7159999999999997
5.0,4.2455
15.0,4.1875
2.0,4.3915
8.0,5.980999999999999
7.0,12.9395
4.0,8.159999999999998
17.0,12.36
18.0,6.079000000000001
5.0,6.882000000000001
10.0,5.936000000000002
17.0,4.968500000000001
4.0,4.799
5.8,5.023000000000001
16.0,4.688
9.4,4.9585
19.0,4.349
9.0,3.3470000000000004
1.0,3.3930000000000007
7.0,3.221
2.0,3.696
9.0,3.24
6.8,3.0370000000000004
7.4,4.0495
3.0,3.3585
7.0,3.0055000000000005
6.0,2.535
8.5,2.6085000000000003
8.4,3.5159999999999996
5.0,3.618500000000001
5.0,3.803000000000001
4.0,4.393000000000001
5.0,4.827
6.3,4.188
8.0,4.170000000000001
8.0,3.8049999999999993
4.0,4.404
3.0,4.1354999999999995
4.5,3.983999999999999
4.0,3.0070000000000006
4.3,3.5504999999999995
5.0,3.073500000000001
2.0,2.8785000000000003
0.0,3.6439999999999997
3.0,3.0300000000000007
3.4,2.7920000000000003
0.0,3.328500000000001
6.0,3.475
4.0,5.5665
2.0,4.639500000000001
0.0,4.0395
0.0,4.658
5.6,4.786499999999998
8.0,5.178999999999999
2.0,5.588000000000001
6.0,6.0215000000000005
6.4,4.458000000000001
1.0,5.0005
0.0,3.6575
1.0,4.187
0.0,4.9430000000000005
6.1,5.131
3.0,3.7049999999999996
3.9,3.3945
2.0,3.3605000000000005
3.0,3.2815000000000007
1.0,3.418
4.0,3.35
1.0,3.6660000000000013
1.6,3.351000000000001
0.0,2.367
0.0,2.2030000000000003
0.0,2.85
0.0,2.4764999999999997
3.5,1.6165
0.0,1.8685
2.0,3.609
0.0,3.782500000000001
3.3,5.501500000000001
9.0,5.748499999999999
3.0,4.2665
3.0,3.958
0.0,2.9135000000000004
3.0,3.9235
4.0,3.777499999999999
3.6,3.3254999999999995
0.0,3.264500000000001
0.0,3.8890000000000002
4.0,3.9115
2.0,3.309
3.0,2.9575
4.0,3.849
3.5,3.5620000000000003
2.0,3.4690000000000007
6.0,3.4485
7.1,3.684
1.0,3.3105
3.0,2.9449999999999994
7.0,2.51
0.0,2.4515000000000002
3.8,2.6710000000000003
1.0,4.694500000000001
10.0,4.9275
3.5,4.6535
4.0,4.458499999999998
11.0,3.8805
1.0,3.8355
3.0,4.653499999999999
2.0,4.555
0.0,3.988
3.0,4.070000000000001
0.0,5.3885000000000005
3.0,5.704
5.0,4.6930000000000005
2.0,5.605499999999999
2.0,5.155999999999999
2.0,5.4675
3.8,4.855
4.0,4.5104999999999995
4.0,5.481999999999999
4.0,3.1770000000000005
3.3,3.1515000000000004
4.9,4.1695
1.0,3.3525
2.0,4.5985000000000005
6.0,6.430999999999999
7.0,6.110000000000001
7.7,5.360499999999999
4.7,4.5485
8.0,4.2995
4.0,4.9075
1.0,4.7565
5.0,4.848
7.9,4.2165
9.0,3.184
6.0,2.5585000000000004
5.0,3.2145000000000006
6.0,4.47
3.0,4.069
5.0,4.146999999999999
5.0,3.093
5.8,3.2085000000000004
6.2,3.31
2.0,2.617
8.8,2.615
5.1,2.3014999999999994
4.0,2.202
0.0,2.5319999999999996
0.0,4.162
6.5,4.144500000000001
5.0,5.3854999999999995
5.0,4.3999999999999995
4.0,4.719999999999999
6.1,3.5455000000000005
0.0,3.2529999999999997
7.0,4.2905
6.0,4.768
5.3,3.6204999999999994
5.0,3.3600000000000008
7.0,3.5
4.0,5.025
2.0,4.7615
5.0,4.6685
6.9,5.103
0.0,5.179000000000001
13.5,4.939
7.0,4.0455000000000005
2.0,4.049
8.6,3.4370000000000003
2.0,2.8929999999999993
7.0,2.4795
0.0,3.327
6.4,5.173000000000001
0.0,6.070000000000001
9.0,6.482500000000001
9.6,5.151500000000001
0.0,5.620500000000001
3.0,4.704500000000001
4.0,4.554500000000001
3.0,5.369000000000001
3.0,4.756
0.0,5.072500000000001
0.0,4.869000000000001
8.0,4.6765
1.0,4.0445
1.0,4.111000000000001
10.1,3.4620000000000006
12.0,2.9719999999999995
10.0,3.4425
9.0,5.986500000000001
8.0,6.346499999999999
2.0,6.1754999999999995
6.0,6.4075
1.0,6.769999999999999
6.0,6.294499999999999
0.0,6.2445
3.3,7.278499999999999
3.3,7.402499999999999
2.1,9.7725
6.0,8.939499999999999
2.1,8.951
14.0,9.158000000000001
7.0,6.879
2.0,6.685999999999999
0.0,7.155
3.0,6.3295
3.0,5.1815
5.0,4.84
1.0,3.3415000000000004
5.0,4.2330000000000005
9.0,4.228
1.0,4.093
4.0,4.747999999999999
1.0,3.983
11.0,3.7620000000000005
4.7,3.46
6.5,3.6845000000000003
5.7,3.1625
8.4,3.3390000000000004
3.6,2.662
5.0,5.9925
13.0,4.643000000000001
3.0,4.199999999999999
3.5,4.1
0.0,4.1435
3.6,4.4464999999999995
11.0,3.695
0.0,4.139
0.0,3.700000000000001
9.0,3.1850000000000005
3.0,3.071
0.0,3.3055000000000003
10.2,2.9255
1.0,3.1259999999999994
5.2,3.238
5.0,3.019
1.0,2.6655
5.0,3.458999999999999
9.0,3.2880000000000003
0.0,3.4684999999999997
6.1,2.9925
4.5,3.2969999999999997
0.0,2.6075
0.0,2.9410000000000003
0.0,4.4755
3.0,5.235
2.0,5.031
6.0,4.851999999999999
5.0,4.5075
4.0,4.3735
3.9,4.3625
2.0,4.506000000000001
0.0,4.971
6.0,4.507500000000001
2.0,3.7195000000000005
7.0,4.154999999999999
5.2,3.9124999999999996
3.0,3.6494999999999993
2.0,3.7230000000000003
5.5,3.2254999999999994
3.0,3.9059999999999997
4.3,3.8395000000000006
1.0,3.5070000000000006
3.7,2.6894999999999993
3.6,3.071999999999999
4.0,3.2099999999999995
4.3,2.289
4.9,3.2505
1.0,4.539
12.0,4.4510000000000005
6.0,5.8534999999999995
0.0,5.120999999999999
2.0,4.6065
7.0,4.9415
3.0,5.0825000000000005
9.0,3.9124999999999996
2.7,4.1335
3.0,4.0415
1.0,3.7425
8.0,4.5355
5.0,4.5925
2.7,3.363
2.7,2.9849999999999994
3.0,2.5540000000000003
1.0,2.4265
9.0,2.8155000000000006
0.0,3.2714999999999996
1.3,3.5085000000000006
3.0,4.283
0.0,3.0750000000000006
0.0,2.6204999999999994
0.0,2.9134999999999995
11.0,4.249999999999999
5.0,5.499
4.0,4.522500000000001
12.0,4.9855
2.0,4.449
2.0,4.27
3.5,4.308
0.0,4.030500000000001
4.0,3.77
13.0,3.8645000000000005
4.0,3.9555000000000002
2.0,3.3339999999999996
0.0,3.021500000000001
2.0,4.8340000000000005
4.3,4.138999999999999
9.0,4.0865
0.0,3.69
4.0,3.026
1.0,3.284
7.0,3.008
7.0,2.4915
4.2,2.322
2.1,1.7795
0.0,1.7009999999999996
7.0,3.214
2.0,3.4654999999999996
7.0,3.8655000000000013
4.0,4.608500000000001
3.0,3.688
5.0,3.4814999999999996
3.8,3.5690000000000004
0.0,4.640499999999999
5.0,4.713500000000001
10.0,3.947000000000001
4.2,3.6615
2.0,3.056
6.0,2.8045
6.6,3.4114999999999998
0.0,3.2605
3.0,3.0945
7.0,2.7625
3.0,2.7395
1.0,2.5494999999999997
5.5,2.3120000000000003
2.8,2.6054999999999997
5.0,2.534
0.0,2.5495000000000005
1.0,2.785
1.0,4.203000000000001
8.0,5.2780000000000005
9.0,5.1745
5.0,4.789499999999999
5.0,3.874500000000001
0.0,3.165
12.0,3.4149999999999996
3.0,3.501999999999999
1.8,3.245
6.1,3.583
0.0,3.4139999999999997
7.0,2.945
5.0,3.2415000000000003
1.0,3.7834999999999996
0.0,3.2524999999999995
0.0,3.005
4.3,2.8325
0.0,3.014999999999999
0.0,2.7135000000000002
9.0,2.9190000000000005
0.0,3.4735
0.0,3.8370000000000006
1.0,3.0125
0.9,7.514499999999999
5.0,4.873999999999999
7.0,5.746999999999998
6.0,8.317
6.0,5.894499999999998
3.0,4.1315
6.0,3.9034999999999997
7.0,3.3274999999999992
7.0,4.040000000000001
0.0,4.4695
7.0,3.7560000000000002
3.0,3.48
7.0,3.815
2.0,4.311
3.0,4.642500000000001
3.0,5.026
6.1,4.2995
1.0,4.976500000000001
0.0,3.866
0.0,3.2995000000000005
0.0,3.134
3.6,2.6155
0.0,2.8089999999999993
10.0,2.8245
5.0,5.525500000000001
1.0,5.587499999999999
4.0,4.615
4.0,4.172499999999999
7.0,3.6334999999999997
6.0,4.193
4.2,3.8805000000000005
6.0,5.9145
6.0,5.2175
9.0,4.961499999999999
3.0,6.031999999999999
2.0,4.626999999999999
4.4,5.079000000000001
2.0,5.5065
0.0,4.61
10.5,3.548
2.0,3.570000000000001
5.0,4.159000000000001
0.0,5.066500000000001
6.0,5.078500000000002
3.0,8.5375
4.0,5.15
7.0,5.4879999999999995
12.0,4.979
3.0,4.3795
9.0,2.984
7.0,3.3994999999999993
1.0,3.2840000000000003
4.0,3.0749999999999993
1.0,3.4150000000000005
4.2,3.3804999999999996
4.1,3.4220000000000006
0.0,3.5455
11.0,3.053
8.0,3.4774999999999987
7.0,2.6230000000000007
4.1,2.8085000000000004
0.0,2.7744999999999997
8.0,2.7175
4.0,2.608
0.0,2.4015
0.0,3.756499999999999
5.0,5.5425
5.1,4.7315000000000005
0.0,4.258000000000001
0.0,4.221499999999999
1.0,3.6249999999999996
2.0,3.0795
0.0,3.9369999999999994
10.0,4.3660000000000005
5.0,4.082000000000001
4.2,3.5509999999999997
4.0,3.4040000000000004
8.0,4.184
10.4,3.3014999999999985
5.6,3.1860000000000004
10.0,4.4555
5.0,5.457000000000001
5.0,3.2525
4.0,4.3965000000000005
6.7,4.321000000000001
6.0,3.071500000000001
1.0,3.46
10.0,4.0965
5.0,6.941000000000002
7.0,7.829
3.7,5.234
3.7,5.499
13.0,4.8735
8.0,5.485
3.1,4.356
10.0,4.177999999999999
2.0,4.736000000000001
1.0,3.7835
0.0,3.722
1.0,4.1345
11.0,3.8475
3.0,4.5335
3.1,3.8700000000000006
2.0,3.8435000000000006
9.0,3.495
0.0,3.2444999999999995
0.0,2.875
3.0,2.5245000000000006
26.0,2.6225
9.0,2.2265
3.1,3.1479999999999997
8.0,4.178999999999999
13.0,6.536999999999999
15.0,4.214499999999999
2.0,4.599
5.0,5.3275000000000015
0.0,4.9479999999999995
12.0,3.9515
6.7,4.049
0.0,3.9810000000000003
1.0,3.7149999999999994
7.0,3.747
19.0,3.3104999999999993
5.0,3.614500000000001
6.5,5.859500000000001
5.0,5.3705
15.0,5.058
5.0,4.825999999999999
23.0,5.481499999999999
11.0,6.001
8.0,6.304499999999998
23.0,5.927
2.0,6.131
0.0,5.0665000000000004
0.0,4.7475
11.0,6.125500000000001
6.5,7.089499999999999
5.0,5.9555
18.1,5.678499999999998
1.0,6.606
2.0,5.860499999999999
12.4,4.751
1.0,5.319500000000001
1.0,5.322
5.0,4.6085
17.0,4.2455
2.0,5.8365
5.0,3.5885000000000002
22.0,4.740000000000002
0.0,4.835999999999999
17.0,5.331999999999999
12.0,5.970499999999999
11.0,6.449499999999998
2.7,5.9094999999999995
2.0,6.827999999999999
9.0,8.009999999999998
9.0,7.219999999999998
2.0,7.501999999999998
22.0,7.544999999999999
5.8,7.7589999999999995
5.2,7.951999999999999
7.7,8.3915
23.0,8.111
6.1,8.2075
27.0,8.049000000000001
26.0,6.725
0.0,5.389500000000001
4.6,6.497000000000001
1.0,6.395000000000001
5.0,5.725499999999999
26.0,4.796499999999999
6.6,4.459
16.0,4.6030000000000015
6.2,4.603500000000001
27.0,4.348
27.0,5.697
5.0,5.186000000000002
3.0,5.222
3.0,5.182
12.0,5.785999999999999
10.0,7.156000000000001
5.3,6.433000000000001
10.0,6.831999999999999
8.0,8.9565
5.0,8.006499999999999
5.4,6.509499999999997
4.3,7.526999999999999
6.0,7.63
14.0,6.32
4.0,5.515499999999999
12.0,5.038500000000001
16.0,4.5600000000000005
3.0,4.686
4.0,4.0495
5.0,4.5685
4.0,4.5435
7.4,4.916
6.7,5.600999999999999
3.0,4.545000000000001
34.4,5.064500000000002
3.0,4.974500000000002
8.0,5.307500000000001
4.0,11.600999999999999
7.0,5.711
0.0,5.586000000000001
1.0,5.148
2.0,6.495000000000001
10.0,6.166999999999999
10.0,5.7785
8.0,5.2255
0.0,6.171
5.4,4.8229999999999995
2.0,4.554500000000001
3.0,4.922000000000001
1.0,4.893000000000001
3.0,4.3775
4.9,4.054
10.0,4.007
3.0,4.4615
5.4,4.101
5.4,3.5629999999999997
3.0,2.7434999999999996
5.4,2.7234999999999996
0.0,2.7875000000000005
2.0,3.5639999999999996
1.0,3.4339999999999997
4.6,3.1809999999999996
3.0,3.3220000000000005
3.0,2.657499999999999
0.0,3.0575
5.0,3.7225
3.7,5.607
7.0,4.968500000000001
4.2,4.3765
4.3,4.418000000000001
0.0,3.3720000000000003
8.5,4.18
0.0,4.086
4.0,3.3104999999999993
5.0,3.4240000000000013
0.0,3.228
5.0,3.8035
3.0,3.518500000000001
8.0,4.234
4.4,3.8944999999999994
6.0,3.3575
4.0,3.9460000000000015
5.2,3.8459999999999996
0.0,3.3370000000000006
2.0,3.4825
4.0,3.5780000000000003
0.0,3.2325
0.0,3.5780000000000007
6.0,4.555
2.0,6.4354999999999976
8.0,6.919999999999999
0.0,4.715
7.0,4.691
5.2,4.0760000000000005
5.1,3.5540000000000003
1.0,4.078
4.0,3.9825000000000004
1.3,3.0150000000000006
7.0,3.0885000000000002
0.0,3.4855
6.0,2.9815000000000005
3.0,2.8599999999999994
13.0,2.9715
7.0,2.8335000000000004
7.0,2.5039999999999996
4.0,2.87
3.0,3.3160000000000007
7.0,2.9015
6.0,3.1970000000000005
6.3,2.9695
1.0,2.3744999999999994
7.0,3.6510000000000002
5.0,4.154500000000001
14.0,4.141000000000001
8.0,5.304500000000001
2.0,4.517500000000002
11.0,4.0680000000000005
1.0,3.735999999999999
4.0,3.7039999999999997
4.0,4.474000000000001
0.0,5.027
4.0,4.827
20.0,4.4285000000000005
6.0,2.8710000000000004
6.7,2.979500000000001
8.0,3.786500000000001
2.0,2.917
6.0,3.1195000000000004
4.3,2.9130000000000007
0.0,3.3565000000000005
0.0,3.9450000000000007
14.0,4.908
1.0,5.542999999999999
12.0,5.651500000000001
3.0,5.143000000000001
11.0,4.7125
0.0,3.793499999999999
5.0,3.523
6.0,4.1135
3.5,3.6630000000000003
4.0,3.846
4.4,3.698
3.0,3.0745
6.0,4.116500000000001
6.5,3.8944999999999994
4.0,3.3420000000000005
0.0,3.3895000000000004
5.8,3.370999999999999
0.0,3.0455
13.0,3.7080000000000006
3.5,2.9364999999999997
0.0,3.8965000000000005
3.3,4.0395
1.0,3.253999999999999
0.0,2.6885000000000003
1.0,4.9430000000000005
12.0,4.704999999999998
2.0,5.277
7.0,5.672000000000001
6.1,5.003
9.0,4.6899999999999995
5.0,4.712
3.0,3.5834999999999995
3.0,4.417
6.3,4.292000000000001
3.0,3.8545
6.0,3.2560000000000002
1.0,3.151499999999999
7.0,3.335
1.0,3.5115
5.3,2.9845000000000006
6.0,2.8400000000000007
2.0,2.896000000000001
4.9,2.9050000000000007
5.5,2.632500000000001
1.0,2.7805
1.0,2.8484999999999996
1.0,2.8545
1.0,3.045
0.0,3.9765
5.0,5.135
5.0,4.161500000000001
5.2,4.4319999999999995
7.0,4.050000000000001
1.0,3.869500000000001
2.0,3.606499999999999
6.6,3.409
4.0,3.6475
6.2,2.9065
5.0,3.5989999999999998
1.0,3.0855
6.0,2.5525
1.0,2.8225000000000007
5.0,2.4695
0.0,2.7455000000000003
0.0,2.306
4.1,2.4360000000000004
2.5,2.137
3.3,2.43
0.0,2.028
0.6,1.8845
0.0,3.0849999999999995
0.0,3.9635000000000002
3.0,4.0425
7.0,4.442500000000001
3.2,4.461499999999999
3.0,4.150000000000001
1.0,4.234
2.0,3.6575
3.2,3.5309999999999997
11.0,3.13
8.0,3.6575
3.0,3.4254999999999995
4.0,4.012999999999999
2.5,4.239999999999999
7.0,3.4130000000000003
8.0,3.4179999999999997
4.0,2.496
1.0,2.8799999999999994
4.9,2.6729999999999996
0.0,2.5989999999999998
4.0,3.1995
0.0,3.0435000000000008
10.0,4.48
0.0,4.479
5.9,4.5065
6.1,5.05
0.0,3.3914999999999997
5.4,2.6785
4.0,2.7015
5.4,4.213
2.0,4.1005
0.0,3.8345
5.5,2.9254999999999995
2.0,3.3045
4.0,3.1124999999999994
0.0,3.4615000000000005
2.0,3.4144999999999994
5.0,3.7
0.0,4.024999999999999
2.7,3.9675
3.1,4.149
3.0,3.7990000000000004
1.0,3.1979999999999995
1.2,2.934
0.0,4.3865
4.0,4.3525
3.2,4.388000000000001
10.0,4.914499999999999
1.0,3.970500000000001
6.0,3.8729999999999993
2.0,3.5880000000000014
0.0,3.887
6.0,3.7
13.0,3.6814999999999998
3.0,3.6400000000000006
4.1,3.933500000000001
1.0,3.3670000000000004
0.0,3.6939999999999986
3.9,3.6864999999999997
3.7,2.7620000000000005
0.0,2.9485
3.0,3.5055
4.0,4.089
2.0,3.9219999999999997
4.9,4.580499999999999
0.0,4.114
4.0,3.5795
4.0,3.9585000000000004
3.0,3.8785000000000003
0.8,4.023499999999999
2.0,5.052
6.0,3.9720000000000004
12.0,3.4899999999999993
5.0,4.0505
5.0,3.9620000000000006
6.0,4.0495
3.0,3.549499999999999
5.0,3.806
0.0,4.1590000000000025
3.7,4.706499999999999
4.0,4.313999999999999
0.0,4.2025
0.0,3.513
7.0,3.7525
3.0,3.9045000000000005
0.0,5.054000000000002
0.0,4.9435
0.0,4.393
11.0,3.9290000000000007
0.0,3.2900000000000005
12.0,4.3915
5.9,5.1419999999999995
12.0,4.3835
4.0,4.773
7.0,4.0275
5.0,4.119999999999999
12.0,3.924
7.4,4.704499999999999
1.0,4.040000000000001
4.9,3.968
0.0,4.0675
8.0,2.7875
1.0,3.401500000000001
5.0,4.942499999999999
7.0,3.8554999999999997
7.4,4.399500000000001
2.0,3.4705
5.0,2.854000000000001
8.1,3.283
3.0,3.07
0.0,2.888
6.0,3.137
7.0,4.276500000000001
12.0,5.189000000000001
6.0,5.279000000000001
8.6,5.2685
7.0,4.3795
7.0,4.254
7.2,3.6175
9.0,4.6195
4.0,4.839499999999999
7.0,4.574999999999999
4.0,3.9869999999999988
4.0,3.3165000000000004
2.0,3.307
10.0,3.955
2.0,4.6175
7.0,4.185
8.0,3.9745
1.0,3.883000000000001
2.0,3.456000000000001
1.0,3.167
0.0,3.286
2.0,3.7634999999999996
2.0,2.7680000000000007
0.0,2.867
4.0,4.909
1.0,5.924499999999999
1.9,5.013
11.0,5.0895
6.0,4.138
12.0,3.3509999999999986
3.0,3.7004999999999995
6.0,3.3859999999999997
0.0,3.3179999999999996
8.0,3.461
0.0,3.9685
0.0,2.7445
4.0,3.312999999999999
13.0,3.6795000000000004
0.0,3.0885000000000007
2.4,3.3109999999999995
0.0,3.5700000000000007
0.0,4.2589999999999995
0.0,3.3954999999999997
1.2,3.8155
1.0,3.6044999999999994
2.0,2.948
6.0,3.299
7.0,3.3704999999999985
2.9,4.7455
5.0,4.805
7.0,5.3694999999999995
7.0,5.183
4.5,3.866999999999999
1.0,3.7014999999999993
12.0,3.3695000000000004
2.8,3.4665000000000004
3.0,4.013
0.0,4.1555
0.0,3.4145
9.0,3.759499999999999
7.0,3.1660000000000004
4.0,3.1310000000000002
2.0,2.5174999999999996
0.0,3.1874999999999987
0.0,2.878999999999999
11.0,3.947
13.0,2.8745000000000003
0.0,3.4339999999999993
1.0,3.6635000000000004
6.0,3.2125
0.0,3.499500000000001
0.0,3.0035
4.0,4.178000000000001
4.9,3.8349999999999995
4.0,5.5895
6.0,5.591500000000001
2.0,4.471500000000001
8.0,3.6449999999999996
7.0,3.9534999999999996
3.0,3.5099999999999993
3.8,4.680499999999999
5.0,4.6835
5.0,3.847
4.4,3.9819999999999993
6.2,3.365
2.0,4.111000000000001
2.0,3.5814999999999992
4.1,4.083500000000002
2.0,3.7454999999999994
7.0,3.0570000000000004
5.4,3.6414999999999997
3.0,3.255499999999999
6.0,3.8194999999999992
6.0,3.7464999999999997
0.0,3.169999999999999
5.0,2.7744999999999993
5.5,4.194500000000001
7.5,5.372000000000001
9.0,5.389000000000001
5.0,5.763999999999999
3.0,4.7035
6.0,4.0665
16.0,3.5895000000000006
1.0,4.3175
3.0,4.715
1.0,4.32
4.0,3.789500000000001
1.0,3.355
2.0,2.894500000000001
3.0,3.5145
5.0,3.443
4.0,3.8054999999999994
5.0,3.3595000000000006
0.0,3.5564999999999998
2.0,4.2170000000000005
5.0,3.7595
0.0,4.681500000000001
6.0,3.1975
3.4,3.460499999999999
0.0,3.6009999999999995
0.0,6.9845000000000015
2.0,7.989
6.0,6.3775
3.5,5.7025000000000015
0.0,5.397
8.5,4.3420000000000005
4.0,3.7935000000000003
2.0,3.8729999999999993
8.0,4.1375
6.0,3.3789999999999987
0.0,3.9559999999999995
5.0,3.307
6.0,2.9289999999999994
1.0,2.7409999999999997
3.0,2.861999999999999
3.0,3.1245000000000003
6.0,3.1774999999999993
5.7,2.9290000000000003
5.8,3.037
5.5,3.0695000000000006
1.0,3.0355000000000008
0.0,1.9004999999999996
0.0,2.5709999999999997
0.0,5.066
7.0,4.334999999999999
11.0,5.786500000000001
6.0,5.118499999999999
7.0,5.018000000000001
3.8,4.6484999999999985
3.0,4.1259999999999994
2.0,4.529999999999999
6.0,3.5414999999999996
5.0,3.7115000000000005
0.0,3.267
4.0,3.345500000000001
2.0,3.346000000000001
4.0,3.728999999999999
0.0,3.4795000000000003
8.0,3.4125
1.0,2.550500000000001
4.0,2.9195000000000007
5.0,3.3175
5.0,2.9020000000000006
6.0,4.556499999999999
2.0,4.031499999999999
3.0,4.502000000000001
0.0,3.8735000000000004
8.0,4.4995
4.0,6.291499999999998
7.0,5.051000000000001
7.0,4.8004999999999995
4.0,4.224500000000001
7.0,3.557
2.0,4.367999999999999
9.0,4.177
6.0,3.7675
7.0,3.4395000000000007
4.0,3.577
1.0,4.1475
4.0,3.575
5.0,2.5545
3.0,3.4615000000000005
5.0,2.847
1.0,3.4599999999999995
2.0,3.4649999999999994
3.0,3.0060000000000002
3.0,3.0425
1.0,3.1205000000000003
4.0,3.2250000000000005
2.0,2.9490000000000003
4.0,4.178000000000001
10.0,4.797999999999999
8.0,4.5745000000000005
5.2,4.137
9.0,3.9465
2.0,3.671
2.0,3.7965
4.7,3.174499999999999
5.8,3.4440000000000004
15.0,3.551
4.0,4.027
3.0,4.233499999999999
3.0,2.9564999999999992
1.8,2.9135000000000004
0.0,2.911
1.0,2.7344999999999997
4.9,2.8760000000000003
0.0,2.7804999999999995
3.6,2.4575000000000005
7.0,2.3745000000000003
2.0,3.11
0.0,1.9474999999999998
0.0,1.7585
9.0,5.2105
3.0,4.9155
4.0,5.3175
3.0,4.06
6.0,3.752
3.1,3.8785000000000003
3.3,3.705
0.0,3.6839999999999997
3.2,4.073000000000001
2.0,4.146
1.8,3.6575
4.0,3.2355
0.0,3.7985
5.0,3.4670000000000005
3.0,2.6685
3.0,3.056
1.0,3.103000000000001
4.5,3.1455
4.0,2.839
2.0,3.1700000000000004
3.0,3.554499999999999
2.0,3.388
2.0,2.9580000000000006
0.0,2.4205000000000005
4.0,5.3565000000000005
10.0,7.0165
4.4,5.022
2.5,4.938999999999999
1.0,4.504500000000001
3.0,4.052499999999999
0.0,3.7404999999999995
0.0,3.9529999999999994
0.0,3.6094999999999997
6.0,3.2980000000000005
2.0,3.3795000000000006
5.2,3.3059999999999996
2.6,4.78
3.2,2.8570000000000007
0.0,2.8775000000000013
0.0,2.9010000000000002
5.0,2.7664999999999997
4.0,2.7039999999999997
0.0,2.3115
0.0,2.4520000000000004
5.0,2.1945000000000006
0.0,2.599000000000001
4.0,2.825500000000001
3.0,2.2264999999999997
5.0,4.488
2.0,5.3715
2.2,5.668000000000001
0.3,4.8165
0.0,4.4825
2.4,3.446
3.0,3.323
0.0,4.218999999999999
4.0,3.7295
0.0,3.5750000000000006
5.0,3.541500000000001
0.0,3.3004999999999995
3.0,3.322500000000001
0.0,3.3205
0.0,3.3394999999999997
4.0,2.9225
4.0,3.213
3.0,3.6494999999999997
2.0,4.111
4.0,3.9554999999999993
2.0,3.2990000000000004
7.0,3.6140000000000003
0.0,2.83
2.0,3.6900000000000004
2.0,5.0795
3.0,4.7405
8.0,4.707
3.0,4.314499999999999
0.0,4.593999999999999
2.9,3.5224999999999995
1.0,3.9994999999999994
6.0,7.788
1.0,7.19
9.0,6.213999999999999
4.5,5.571000000000001
1.0,4.859
3.2,4.759000000000001
2.0,4.513000000000002
3.0,4.8885000000000005
3.4,4.5405
4.0,4.314000000000001
1.0,4.4245
0.0,4.298999999999999
4.0,4.724
6.0,3.9650000000000007
2.0,3.7680000000000002
10.0,3.29
6.0,5.4289999999999985
5.6,6.168000000000001
10.0,5.552000000000001
3.0,5.0695
3.0,4.663999999999999
11.0,4.0089999999999995
5.4,4.600999999999999
4.4,4.7475000000000005
5.1,5.500500000000001
2.0,4.845000000000001
1.0,4.2705
5.6,3.9895
5.0,4.0615
5.0,3.240500000000001
14.0,3.0765000000000002
8.0,3.2420000000000004
9.0,2.603
3.0,3.302
18.0,4.046
9.0,4.258500000000001
18.0,3.710999999999999
14.0,3.9685
13.0,4.3485000000000005
17.0,4.9645
9.0,6.696000000000001
11.0,8.6425
4.0,8.2415
6.0,6.750000000000001
1.0,6.416999999999999
7.0,5.15
14.3,5.422000000000001
15.0,5.245999999999999
7.0,5.461500000000001
8.0,4.81
5.0,4.242000000000001
16.8,3.7549999999999994
3.0,3.9655000000000005
15.0,4.668500000000001
6.8,3.862
8.0,4.4110000000000005
16.0,4.6205
4.0,4.430000000000001
6.0,6.0515
10.1,4.897999999999999
12.0,4.101499999999999
10.8,4.8365
0.0,3.3004999999999995
3.0,3.4595000000000002
8.0,5.444
9.0,5.879499999999999
6.0,6.182
13.0,6.357999999999999
0.6,5.408999999999999
10.0,6.131
5.0,5.135
4.0,5.3870000000000005
4.1,4.724499999999999
5.0,4.568499999999999
3.0,4.408999999999999
11.0,3.7460000000000013
5.0,3.7205
7.0,3.446
4.0,3.5535
7.0,3.8305000000000002
9.0,3.6250000000000004
11.7,3.6359999999999997
11.1,2.7730000000000006
12.4,3.814500000000001
8.0,4.646
9.0,4.442500000000001
0.0,4.271
4.0,3.7740000000000005
11.0,6.233000000000001
12.7,8.203000000000001
0.0,6.735500000000001
2.0,5.56
7.0,6.208000000000001
1.0,5.086000000000001
12.0,4.7330000000000005
0.0,5.237
0.0,4.5605
6.5,4.7265
8.5,4.6445
2.0,4.5205
3.0,3.4215
4.0,4.481000000000001
12.0,4.268
10.0,3.856500000000001
7.5,4.281499999999999
1.0,4.885
1.0,4.301
8.0,5.195500000000001
6.0,4.1255
2.0,4.509499999999999
7.0,4.22
8.0,4.3225
0.0,6.5775000000000015
0.0,6.775999999999999
8.0,4.885
6.5,5.075
2.0,5.1129999999999995
4.0,4.781500000000001
0.0,4.623
3.0,4.8135
4.0,4.664
0.0,5.187999999999999
3.4,5.434
0.0,4.5344999999999995
1.0,3.8609999999999998
3.0,4.220000000000001
4.6,3.8634999999999997
2.0,3.3720000000000003
0.0,3.623
3.0,3.3719999999999994
4.0,3.2019999999999995
2.0,3.5475
6.1,4.078
0.0,4.060500000000001
5.0,3.9725
0.0,4.516
6.8,5.2105
6.0,5.310999999999999
8.0,4.7855
7.0,4.667000000000001
7.0,3.918499999999999
1.0,3.6204999999999994
6.0,3.7780000000000005
6.5,4.1819999999999995
5.1,4.2495
3.0,4.581
6.0,4.593999999999999
0.0,3.9715
6.0,4.431500000000001
2.0,3.3959999999999995
9.0,4.268
0.0,3.412000000000001
2.0,3.0315
5.1,3.1570000000000005
5.0,2.816
7.0,4.114000000000001
22.0,4.355
9.3,4.1225000000000005
0.0,4.112000000000002
2.0,3.398500000000001
7.0,5.0945
6.0,5.8195
5.0,5.6765
1.0,5.058999999999998
2.0,4.574
13.0,4.5945
11.0,4.731
20.0,4.273499999999999
13.0,4.358000000000001
14.0,4.703500000000002
5.3,3.7670000000000003
7.2,4.64
15.0,5.315499999999999
1.0,5.0520000000000005
2.0,5.589000000000001
7.4,5.6765
24.0,6.183500000000001
2.0,6.001999999999999
28.0,5.4430000000000005
4.0,5.268
8.0,4.4565
0.0,4.872
3.0,4.593500000000001
5.3,5.8135
0.0,6.297999999999999
9.0,5.4879999999999995
15.0,4.5935
4.5,5.6949999999999985
13.0,5.4425
3.9,4.7364999999999995
3.1,5.84
13.0,5.408500000000001
5.0,4.8005
0.0,4.5425
21.0,3.5325
24.0,4.030999999999999
2.0,5.6995
6.4,6.119999999999997
16.0,4.3735
1.0,4.989
15.0,10.897000000000002
15.0,5.939
21.0,5.734
18.0,5.8705
10.0,6.569
23.0,6.2275
17.0,5.502000000000001
12.0,7.2125
17.3,7.759499999999999
5.0,7.752999999999999
9.0,7.423000000000003
19.0,6.1244999999999985
15.0,7.0360000000000005
17.2,6.635000000000002
17.5,6.348
0.0,6.069
0.0,4.4935
3.0,3.3519999999999994
5.0,4.664
5.0,4.438500000000001
6.2,5.4060000000000015
2.0,3.977999999999999
2.0,4.4345
17.0,4.185499999999999
6.7,2.4595000000000002
6.0,2.4655
11.0,2.899000000000001
3.0,2.4175000000000004
14.0,3.7055000000000002
7.0,3.9384999999999994
3.3,5.225999999999999
3.0,5.7204999999999995
5.0,5.8175
3.4,4.3085
8.0,4.431999999999999
7.0,3.920999999999999
7.0,3.2235
1.7,3.4930000000000003
2.7,3.5024999999999995
3.9,3.211500000000001
4.8,2.7119999999999993
5.0,2.7615
3.5,3.2939999999999996
3.0,2.9595
8.0,3.4270000000000005
3.5,2.8205
5.0,3.5345000000000004
9.0,3.5140000000000002
4.9,3.1750000000000007
1.0,3.5079999999999996
4.0,3.8355
4.0,2.4535000000000005
2.0,2.9404999999999997
12.0,4.0585
10.0,4.7305
4.0,6.8005
9.0,4.879999999999999
4.0,6.2325
7.3,6.210999999999999
5.0,4.122
6.0,3.8595000000000006
6.0,3.5955000000000013
1.0,3.727
4.8,4.1335
2.0,4.211499999999999
4.0,3.4764999999999997
3.0,3.427000000000001
5.6,3.5269999999999997
5.0,3.4279999999999995
4.0,3.8915
4.0,4.0325
5.1,3.3540000000000005
2.0,3.8960000000000004
0.0,3.3289999999999997
1.0,2.9590000000000005
3.0,3.2184999999999993
0.0,3.029
4.2,2.8820000000000006
9.0,4.456
13.0,5.4825
3.7,5.296499999999998
3.0,4.8795
0.0,5.2455
7.0,4.4335
2.0,4.516
11.0,5.429500000000001
3.0,3.94
8.0,3.9350000000000005
3.0,3.2154999999999996
5.2,3.1565000000000003
5.6,2.6520000000000006
3.0,3.3069999999999995
0.0,3.4610000000000003
4.0,2.8820000000000006
0.0,3.2215
2.0,2.9085
4.9,2.9410000000000007
4.1,2.6125
0.0,3.1984999999999997
2.0,3.042
2.0,3.4564999999999992
0.0,2.818
4.0,6.0675
9.0,5.889499999999999
0.0,4.8309999999999995
3.0,5.5409999999999995
0.0,3.7939999999999996
0.0,4.159000000000001
3.0,3.9065
3.0,3.9454999999999996
1.0,3.7185
2.0,4.0455
2.0,3.5195000000000003
0.0,2.9795
3.2,3.848499999999999
4.0,3.8580000000000005
0.0,3.091
0.0,2.9420000000000006
2.7,2.8705000000000003
0.0,3.1040000000000005
2.2,2.7720000000000002
6.0,3.1645
2.0,3.6925000000000012
0.0,2.9410000000000007
0.0,3.2665
12.0,3.781
3.0,4.0905000000000005
0.0,4.034000000000001
1.0,4.7719999999999985
3.0,4.1985
6.0,4.577499999999999
0.0,5.3865
2.8,4.459999999999999
5.0,3.9795000000000003
1.4,4.087000000000001
2.0,3.4965
1.0,3.588
7.0,3.7135
0.0,3.1530000000000005
2.0,3.1125000000000007
2.1,2.7950000000000004
3.0,2.785
1.0,2.7590000000000003
0.0,2.6004999999999994
2.7,2.521
0.0,3.3029999999999995
5.0,3.377
4.0,3.1100000000000008
6.0,2.6354999999999995
2.0,2.4435
4.0,5.416999999999999
5.0,4.9895
3.0,3.8185
0.0,4.551
0.0,4.609
2.0,3.9065000000000003
7.0,3.7409999999999997
2.0,3.0335
1.0,2.8245
3.2,2.9355
2.0,3.4334999999999996
3.0,3.0920000000000005
2.0,3.1385
4.0,3.5389999999999997
6.0,2.7175
4.0,3.0545000000000004
0.0,2.845
1.0,2.302
2.0,2.4295
7.5,2.5469999999999997
4.0,2.346
2.0,2.914
5.0,2.566
4.1,2.8615
2.0,3.709000000000001
4.0,3.4989999999999997
10.0,4.142499999999999
4.0,3.978
4.0,4.1665
4.0,3.6329999999999996
1.0,4.724
3.9,3.78
0.0,3.4595
1.0,3.4210000000000003
5.0,3.5435
5.0,2.918
0.0,2.977
4.0,3.7815
2.0,3.1694999999999998
0.0,3.1415
9.0,2.8305000000000002
2.0,3.0155000000000003
1.0,2.8475000000000006
3.0,2.4805
1.0,2.9355000000000007
4.0,3.41
1.0,2.5970000000000004
2.0,2.633
0.0,5.709
1.0,5.2625
4.0,5.108499999999999
6.0,4.612000000000001
12.0,3.7294999999999994
0.0,3.662
3.0,3.1134999999999997
7.0,2.9984999999999995
2.7,2.8615
0.0,3.4564999999999997
6.9,3.3220000000000005
5.1,3.3409999999999997
1.0,3.2225
7.1,3.062
4.0,3.0539999999999994
5.0,2.576
3.4,3.0079999999999996
4.2,3.0540000000000003
7.0,3.2820000000000005
4.8,2.5205
2.0,2.4955000000000003
1.0,2.8134999999999994
0.0,2.7779999999999996
3.6,2.5254999999999996
0.0,4.2745
11.0,4.6675
8.0,4.4879999999999995
3.0,4.03
11.0,3.8335000000000004
4.0,3.631499999999999
7.0,3.4330000000000003
2.0,3.241
3.0,3.35
0.0,3.2739999999999996
5.0,3.0749999999999993
0.1,2.509
3.6,3.0209999999999995
0.0,3.2804999999999995
6.0,3.2255000000000007
0.0,2.706500000000001
1.0,2.8045000000000004
5.0,3.086999999999999
1.0,3.394499999999999
0.0,2.9725
3.6,3.0044999999999997
6.1,3.0725000000000007
3.6,2.4565
6.0,2.7620000000000005
0.0,4.628
4.0,5.0665
7.0,4.482500000000001
0.0,4.1425
17.0,3.8970000000000002
3.7,3.461
2.0,3.642999999999999
3.1,4.1465
5.0,3.8625
11.0,3.9845000000000006
4.8,3.9570000000000003
7.0,3.2679999999999993
3.0,3.522499999999999
5.0,3.3939999999999997
2.0,3.9655
2.0,3.7415
2.0,3.6865000000000006
3.0,3.7215000000000003
0.0,3.3939999999999997
5.4,3.0545000000000004
1.0,2.9275000000000007
1.0,2.6715000000000004
3.0,2.5195
5.0,3.9620000000000006
10.0,5.2509999999999994
2.7,4.9765
4.0,3.9645000000000006
2.0,4.6455
2.0,4.309
2.0,3.0675
2.0,3.5625
3.1,3.204
3.0,3.5655
6.0,4.303999999999999
2.0,3.5420000000000003
0.0,3.8174999999999994
3.0,4.1645
9.0,4.781000000000001
3.1,4.523
0.0,4.125999999999998
5.0,4.343500000000001
3.5,3.763500000000001
3.0,2.3845
4.4,3.666000000000001
4.0,3.4785000000000004
0.7,2.1045000000000003
2.0,2.0580000000000003
4.7,4.7725
0.0,5.6354999999999995
0.0,4.385000000000002
5.9,4.566000000000002
4.0,4.052
4.0,3.7259999999999995
8.0,4.619000000000001
3.4,3.8085000000000004
8.0,3.9945
6.0,4.656499999999999
0.0,4.197500000000001
0.0,4.23
3.5,3.4965
4.0,4.8565000000000005
1.0,4.239
2.0,3.8569999999999998
8.0,3.8570000000000007
14.0,3.6034999999999995
5.0,2.9385000000000003
3.2,2.7310000000000003
2.9,3.048999999999999
1.0,2.7020000000000004
1.0,1.5484999999999998
1.0,2.588
13.0,5.287000000000001
6.0,5.899500000000001
1.0,5.817
8.0,4.4795
1.0,3.992999999999999
1.0,4.5455000000000005
3.0,4.245
8.0,3.8350000000000004
2.0,4.1185
2.0,3.883999999999999
7.0,3.6529999999999996
3.0,3.3020000000000005
2.7,3.953000000000001
4.0,3.999500000000001
4.9,3.809
1.0,3.2590000000000003
3.5,3.1765
2.0,3.0405
4.0,3.3149999999999995
2.0,3.361500000000001
2.0,3.740500000000001
3.0,3.7485000000000004
1.0,4.0915
2.6,5.411500000000001
3.0,5.0505
8.0,5.8054999999999986
0.0,4.574999999999999
3.0,3.680499999999999
3.1,4.0085
7.0,3.6889999999999996
10.0,4.1
1.0,3.705
3.0,3.2370000000000005
6.0,3.8185
6.0,3.863
4.0,3.1289999999999996
4.0,3.106499999999999
4.0,2.9245000000000005
0.0,2.7470000000000003
4.0,2.4665
0.0,2.4305
2.0,2.084
0.0,1.6295
3.2,4.9725
4.0,4.5895
2.8,3.6619999999999995
3.0,4.293000000000001
5.0,4.1825
3.0,3.6995
0.0,3.6409999999999996
3.0,3.5345
2.7,3.239499999999999
6.0,3.1575
3.1,3.1555
3.0,3.338999999999999
4.0,3.5975000000000006
0.0,3.2460000000000004
11.0,3.0295000000000005
1.0,2.9779999999999998
2.0,2.7285000000000004
3.0,2.8165000000000004
0.0,2.7045
1.0,2.4475
6.0,3.02
3.2,2.6225000000000005
1.0,2.3315
7.0,5.761500000000001
8.0,5.55
14.0,4.183
11.0,4.5815
5.0,3.8785000000000003
0.0,4.2025
8.0,4.058
3.9,3.5495000000000005
6.0,4.067
3.0,3.9375000000000013
4.0,4.008499999999999
4.0,3.0035
4.4,3.0495
10.0,3.1220000000000003
2.0,2.8245
0.0,3.0909999999999997
1.0,2.34
3.3,2.5284999999999997
3.0,2.8325
1.0,2.652999999999999
4.0,3.2145000000000006
1.0,2.456500000000001
1.0,1.7305000000000001
5.0,1.626
5.0,4.6765
0.0,4.5375000000000005
0.0,3.573
7.0,3.8040000000000003
5.0,3.5614999999999997
0.0,3.408
1.0,3.4370000000000003
3.0,3.3659999999999997
0.0,2.9345000000000003
2.0,3.8185
0.0,3.7254999999999994
1.0,3.2455000000000003
6.0,2.8509999999999995
2.0,2.9314999999999993
4.0,3.0104999999999995
2.0,3.031
0.0,2.920999999999999
3.0,3.069
0.0,2.3970000000000002
3.0,2.8799999999999994
1.0,2.5909999999999997
3.0,2.8265000000000002
2.0,2.2655000000000003
10.0,2.0835000000000004
1.0,5.8885000000000005
1.0,5.575
2.0,4.387
5.0,4.849499999999999
0.0,5.138500000000001
0.0,4.549500000000001
3.4,3.7985
5.0,4.0925
5.0,4.1295
1.0,4.7395
3.8,4.07
3.0,4.362
3.2,4.187499999999999
2.9,4.259499999999999
4.0,5.235500000000001
0.0,5.1305
10.0,4.846500000000001
12.0,5.0855
3.0,4.758
5.0,4.574999999999999
1.0,4.523499999999999
3.0,5.4425
6.0,4.819
0.0,4.7425
1.0,7.017499999999999
5.0,6.9559999999999995
3.0,6.642499999999997
3.0,5.415000000000001
2.0,5.716500000000001
5.0,4.793499999999999
3.0,4.4965
6.0,5.241500000000001
6.1,4.7405
4.0,4.802
1.0,4.956499999999999
3.0,5.29
5.0,5.679999999999999
8.0,4.677999999999999
0.0,4.602
4.0,5.1485
5.0,6.7175
3.0,77.19149999999999
6.0,12.0185
0.0,9.590499999999999
6.7,5.7589999999999995
6.7,6.1705
3.0,5.327999999999999
1.0,5.068499999999999
6.0,10.925999999999998
6.0,7.303
11.0,6.856
10.0,5.864999999999998
3.0,5.520999999999999
10.0,5.6110000000000015
10.0,5.942499999999999
11.0,6.11
10.0,5.426
4.0,5.520499999999999
9.0,4.738
11.8,4.833499999999999
5.0,4.5035
6.0,5.153000000000002
4.0,5.1819999999999995
13.0,4.388499999999999
2.0,4.711500000000001
3.0,4.505499999999999
8.8,4.1705000000000005
2.0,4.800999999999999
9.6,5.311
7.7,4.825999999999999
5.0,6.457499999999999
12.0,6.413500000000002
1.0,6.109
6.0,5.1645
5.0,5.685
2.0,5.329499999999999
5.0,5.148499999999999
11.0,5.3020000000000005
0.0,5.804500000000001
6.0,5.24
5.0,5.269
3.0,4.547000000000001
3.0,4.746
5.0,4.574
5.0,4.323
3.0,4.588000000000001
9.0,3.8645000000000005
8.0,3.5010000000000003
5.0,3.5564999999999998
2.0,3.0029999999999997
4.0,3.3095000000000003
1.0,3.1500000000000004
3.0,2.588
5.0,3.3680000000000008
6.6,5.345999999999999
0.0,4.7444999999999995
9.0,3.7275
9.6,4.2035
0.0,4.0375
12.0,3.5384999999999995
7.7,4.1339999999999995
8.0,4.042
0.0,3.8209999999999997
8.7,3.920999999999999
5.0,4.216999999999999
0.0,3.9919999999999987
4.0,4.6315
2.0,4.812000000000001
5.0,4.403
8.0,3.9610000000000007
2.0,4.6575
7.7,3.7929999999999997
0.0,3.0435000000000003
5.0,3.2355
5.0,2.8445
5.0,3.1140000000000003
3.0,2.9875
10.7,2.862000000000001
5.0,5.664000000000001
1.0,4.487
6.0,3.7855000000000008
4.0,4.483499999999999
4.0,4.287
0.0,3.5785
4.0,3.8720000000000003
8.0,3.906
0.0,3.057999999999999
4.0,3.735
0.0,3.7575
0.0,4.129
6.0,4.0169999999999995
7.0,4.698500000000001
3.0,4.359
3.0,3.9810000000000008
5.7,3.5610000000000004
5.0,3.35
2.0,3.2859999999999996
7.7,3.1699999999999995
0.0,2.8285
5.0,2.741
2.9,2.8915
8.0,2.9260000000000006
7.0,5.915500000000001
6.0,5.1884999999999994
5.0,4.933
6.0,4.741
0.0,4.710499999999999
3.0,3.9464999999999986
1.0,3.6955
5.0,3.3920000000000003
5.0,3.7379999999999995
2.0,4.152
0.0,3.9635000000000002
2.0,5.382500000000001
3.0,4.926
5.2,4.4205
1.0,4.2155000000000005
4.0,4.115
5.0,3.8525
5.0,4.0875
0.0,4.605500000000001
3.0,4.186000000000001
2.0,3.5500000000000007
4.0,3.398500000000001
0.0,7.666499999999998
10.0,5.087
1.0,3.901
4.0,4.2955000000000005
3.5,4.229500000000001
9.0,4.504
0.0,3.822
3.0,3.77
2.0,3.7895
3.0,3.9425
3.0,4.1785000000000005
3.0,4.007999999999999
2.0,4.041
3.0,3.0275
4.0,2.7859999999999996
0.0,2.6944999999999997
1.0,2.8635000000000006
3.0,2.9819999999999998
4.4,3.265
1.0,3.61
0.0,2.99
2.0,2.859
0.0,1.5874999999999997
3.0,1.999
2.0,5.0385
0.0,5.098
1.0,4.269999999999999
0.0,3.7765
0.0,3.9230000000000005
7.0,3.494999999999999
0.0,3.1625
4.2,4.009999999999999
5.0,3.5810000000000004
3.6,3.026
6.0,3.3415
6.0,3.6774999999999993
3.0,3.4070000000000005
4.0,3.66
2.0,3.6914999999999996
3.0,3.8199999999999994
2.0,3.9025
4.1,3.145
0.0,2.573000000000001
2.0,4.0535
4.4,3.2335000000000003
5.0,4.4465
2.0,4.2095
3.0,4.15
3.5,3.9015
9.0,3.8615
0.0,3.6450000000000005
0.0,3.535
3.0,3.0115
3.0,2.5240000000000005
3.2,3.6839999999999997
1.0,3.0410000000000004
3.0,2.8360000000000003
1.0,2.8380000000000005
1.0,3.113
2.0,3.2779999999999996
0.0,3.0129999999999995
5.0,3.4095
5.0,2.4090000000000003
6.0,3.2815
4.0,5.23
3.1,4.6545000000000005
8.0,4.697500000000001
4.0,4.811499999999999
4.2,3.4334999999999996
6.0,4.0415
4.7,4.789000000000001
2.0,4.205
4.0,3.5589999999999997
4.0,2.818
5.0,3.055
3.1,3.348499999999999
0.0,3.6175
2.0,3.5095
3.2,3.5500000000000007
2.0,3.1340000000000003
0.0,3.3594999999999997
0.0,2.3665000000000003
0.0,2.807
1.0,3.262
2.0,3.3875000000000006
0.0,2.3954999999999997
0.0,2.9160000000000004
7.0,5.0520000000000005
2.0,4.099500000000001
9.0,4.5045
0.0,4.4925
0.0,4.2414999999999985
2.0,4.0465
3.0,4.102
3.0,4.4110000000000005
4.0,3.969
0.0,4.8825
2.0,4.808
6.0,4.2375
6.0,4.247000000000001
6.6,4.053
7.0,3.5950000000000015
4.0,3.9114999999999998
5.0,3.0239999999999996
7.0,3.3215000000000003
0.0,3.2015
1.0,3.1290000000000004
0.0,3.6174999999999993
3.0,3.2019999999999995
4.2,2.9385000000000003
6.0,2.7195000000000005
3.9,3.83
4.0,3.6660000000000004
3.2,3.0564999999999998
5.0,3.3789999999999996
5.0,3.6
3.0,3.1505
3.0,3.6239999999999997
5.0,3.2695000000000003
5.0,3.7425000000000006
5.0,3.782
2.0,3.3475000000000006
5.9,2.7329999999999997
0.0,3.7179999999999995
3.0,2.925
4.0,3.3120000000000003
2.0,3.2265
2.0,2.929499999999999
5.0,2.71
9.0,3.4330000000000003
3.0,2.673
2.0,4.1775
1.0,3.3850000000000007
1.0,2.531
6.0,5.623499999999999
5.8,5.568500000000001
12.0,3.976000000000001
3.0,4.220499999999999
5.5,3.1485
2.0,3.2344999999999997
3.0,3.8185
6.0,4.4595
6.0,4.513999999999999
1.0,4.218000000000001
2.0,3.424000000000001
9.0,3.5275
1.0,4.0925
5.0,3.7335000000000003
3.2,3.8979999999999984
3.5,2.719499999999999
0.0,3.095500000000001
4.0,3.1650000000000005
5.0,2.9729999999999994
5.0,3.1570000000000005
1.0,2.6875000000000004
3.0,3.241000000000001
0.0,2.3804999999999996
4.2,2.7239999999999998
4.7,5.5329999999999995
7.0,4.547000000000001
3.0,4.1160000000000005
4.4,4.358499999999999
5.0,4.882
4.0,4.25
6.0,3.904
2.5,4.0875
2.5,3.8564999999999996
1.0,3.5275000000000007
2.5,3.3279999999999994
7.0,2.9309999999999996
4.0,3.0820000000000003
3.0,4.0275
4.4,4.2825
0.0,3.7815000000000003
4.7,3.9699999999999993
0.0,3.7765
6.0,3.145500000000001
3.0,3.2484999999999995
4.0,3.2754999999999996
0.0,3.105
3.8,2.7104999999999997
4.0,3.1750000000000007
0.0,3.9539999999999993
0.0,4.5045
0.0,4.730500000000001
3.0,3.9565
16.0,3.5985
6.0,3.9444999999999997
9.0,3.7670000000000003
1.0,3.4185000000000003
1.0,3.3650000000000007
4.0,3.3605
4.0,3.113
2.0,2.2110000000000003
11.0,2.1504999999999996
9.0,3.1105
2.0,2.7070000000000003
3.3,3.0085000000000006
2.0,2.8685
3.0,2.755000000000001
3.1,3.2045
1.0,2.9590000000000005
0.0,2.5950000000000006
0.0,2.6725
0.0,2.557
2.0,2.9995
9.0,4.695499999999999
7.0,5.057
5.0,4.8315
1.0,4.178999999999999
0.0,4.217
4.0,4.212
7.0,3.9385000000000003
6.0,3.654
3.0,3.1725
12.0,3.1515000000000004
4.0,2.3965
4.0,2.4534999999999996
3.0,2.941
3.0,2.759
6.0,3.5439999999999996
2.0,3.24
6.0,3.3529999999999998
3.0,2.93
3.3,2.4205000000000005
0.0,2.6145000000000005
3.0,2.7595
1.0,2.4659999999999997
2.0,2.6034999999999995
2.0,5.017500000000001
10.0,4.888
1.0,4.565500000000001
7.0,3.9499999999999993
0.0,3.4170000000000003
5.0,3.4079999999999995
3.7,4.2335
0.0,3.7669999999999995
2.0,3.2554999999999996
1.0,3.556
0.0,2.8870000000000005
0.0,2.8265
3.0,3.2085000000000004
6.0,3.6264999999999987
4.0,3.1290000000000004
2.0,2.799
3.0,2.863
0.0,3.0115000000000007
5.0,2.84
1.0,2.841
2.0,3.180499999999999
6.0,3.075499999999999
2.0,2.923499999999999
4.0,2.481
6.0,4.8605
6.0,4.8505
5.2,3.8825
0.0,4.1640000000000015
4.6,3.6845
6.0,3.8099999999999996
9.0,3.6784999999999997
4.0,3.403
2.0,3.198
10.2,3.5915000000000004
3.0,3.1174999999999993
0.0,3.2615
5.4,3.0895000000000006
5.9,3.1715
0.0,3.7689999999999992
6.0,4.052
6.0,3.2555
0.0,3.369999999999999
4.0,3.7045
6.8,3.4375000000000004
8.0,2.7745000000000006
4.0,2.9705
3.0,2.5105
6.0,2.4584999999999995
0.0,4.5195
5.0,4.5105
4.0,5.6185
5.6,4.06
5.0,4.033
5.0,4.01
5.0,4.280500000000001
13.0,3.495
0.0,3.5305
3.0,3.091
3.0,3.1104999999999996
1.0,2.9155
3.0,3.154000000000001
2.0,3.66
5.1,3.1255
3.0,3.3994999999999993
8.0,3.386000000000001
0.0,2.9739999999999998
5.0,3.0069999999999997
1.0,2.7909999999999995
5.0,2.492
3.0,2.5635000000000003
0.0,2.1719999999999997
3.0,2.138499999999999
6.0,4.9335
7.0,4.1615
7.0,3.3615
4.0,4.224
1.0,3.3399999999999994
12.0,3.3404999999999996
1.0,2.6785
0.0,3.1025
1.0,2.8394999999999997
7.0,2.7835
6.0,2.4915
5.0,2.7615
8.0,3.494500000000001
2.0,3.863000000000001
5.0,3.6415000000000015
0.0,3.59
4.0,3.855999999999999
5.0,3.3455
0.0,3.1470000000000002
2.0,2.7484999999999995
0.0,2.658000000000001
2.0,2.783
0.0,1.8595000000000002
2.0,2.3890000000000002
4.8,5.2509999999999994
9.0,6.114000000000001
3.0,5.4115
16.0,3.7379999999999995
6.7,4.0255
13.0,3.7090000000000005
10.0,3.646000000000001
4.0,3.7239999999999998
0.0,3.8
5.1,2.9160000000000004
4.0,3.2075
5.0,2.593
2.0,3.2925000000000018
4.5,3.3495
5.7,2.9795000000000003
7.0,2.593
0.3,2.8114999999999997
4.9,2.6419999999999995
0.0,2.5604999999999993
4.0,2.770499999999999
2.0,3.054499999999999
3.8,3.9394999999999993
4.0,3.4690000000000003
8.0,4.084
7.0,4.6610000000000005
5.0,4.2045
1.0,4.1215
2.0,4.4585
4.0,4.3835
5.0,3.916000000000001
0.0,3.3520000000000003
3.1,3.9314999999999998
3.5,3.1494999999999997
8.0,4.005499999999999
7.0,2.8235
0.0,3.4774999999999996
1.0,3.2055000000000002
3.0,3.2295000000000003
3.0,3.4005
4.0,3.1424999999999996
2.0,3.1625
1.0,3.2545000000000006
1.0,2.724
0.0,3.4485
5.0,4.142000000000001
5.5,2.6435000000000004
1.0,2.3865
2.0,4.298000000000001
2.0,4.7345
2.5,4.238499999999999
7.0,4.5915
3.0,3.6029999999999998
2.4,3.2780000000000005
3.3,3.774500000000001
4.0,3.589
4.0,3.5465
2.0,3.3149999999999995
9.0,3.066
0.0,3.4850000000000008
4.0,3.7524999999999995
5.0,2.5465
0.0,3.267
4.0,3.4795000000000003
5.5,3.144
0.0,3.8005
4.0,3.376000000000001
2.8,2.5345
6.0,2.68
4.1,2.437
0.0,2.5259999999999994
0.0,2.023
3.0,5.0295
2.0,4.113499999999999
0.0,5.145499999999999
4.0,4.746499999999998
1.0,4.376000000000001
0.0,4.6725
0.0,4.708500000000001
2.9,3.6195000000000004
6.0,4.012499999999999
4.7,3.9895
4.0,4.031000000000001
4.0,4.318
0.0,3.086
0.0,3.0854999999999997
5.0,3.0435
6.0,2.899500000000001
3.0,2.4880000000000004
7.1,3.196
1.0,3.4200000000000004
6.4,3.1479999999999997
0.0,2.9029999999999996
3.0,3.187000000000001
2.0,2.3234999999999992
3.3,3.3510000000000004
11.0,5.428999999999999
8.0,5.847
4.3,5.4885
5.0,5.07
0.0,4.291999999999999
4.0,5.0065
4.0,3.9695000000000005
4.5,4.7155000000000005
2.0,4.2105
1.0,3.254999999999999
0.0,4.041999999999999
4.1,3.4029999999999982
0.0,3.822
3.0,3.742500000000001
0.0,3.9785000000000004
1.0,3.630000000000001
7.5,3.3379999999999996
5.7,3.2879999999999994
9.0,2.9079999999999995
14.0,5.623500000000002
6.0,4.9985
3.0,4.005000000000001
6.5,4.6475
6.9,4.4319999999999995
7.0,3.9064999999999994
2.6,3.862000000000001
4.0,3.5780000000000007
1.0,3.7744999999999993
1.0,3.9615000000000005
2.0,3.4950000000000006
1.0,3.1090000000000004
0.0,2.7425000000000006
5.0,3.458
2.0,3.0460000000000003
0.0,3.2295
0.0,3.9274999999999993
4.6,3.530500000000001
5.0,3.3769999999999993
0.0,3.0965000000000003
4.0,3.2444999999999995
0.0,2.2454999999999994
5.0,2.488
10.0,3.891
0.0,3.7809999999999997
6.0,4.4094999999999995
0.0,3.761
2.7,3.7279999999999998
4.5,3.335
1.9,3.7155
0.0,4.6415
1.0,3.964500000000001
3.0,3.8364999999999996
2.0,3.5750000000000006
3.0,3.4139999999999997
2.9,3.976000000000001
2.0,3.8170000000000006
0.0,3.1620000000000004
3.0,3.553500000000001
6.0,3.9330000000000003
3.0,3.494999999999999
3.1,3.3865000000000003
0.0,3.1605000000000003
5.0,3.2615
0.0,2.8089999999999997
5.0,2.7395000000000005
2.7,4.134
0.0,4.784999999999999
2.0,4.218500000000001
1.0,3.7305
2.0,3.6435000000000004
5.0,3.4925000000000006
5.0,2.9835000000000003
4.0,3.083
1.0,2.912
0.0,2.8119999999999994
0.0,2.6955
0.0,2.2985
1.0,2.734
2.0,3.5035
3.0,3.386
0.1,3.2144999999999997
1.0,3.3385000000000007
0.0,2.5970000000000004
2.0,2.6275000000000004
1.0,2.614
2.5,2.3
0.0,2.5145
3.6,1.9939999999999996
3.4,2.7489999999999997
6.0,4.757499999999999
0.0,4.7725
6.0,4.0325
6.0,3.8620000000000005
6.0,3.8340000000000005
6.0,3.1445
3.0,3.9955000000000003
6.0,3.8855
9.0,2.7955
6.0,2.7834999999999996
0.0,2.72
6.0,2.7420000000000004
2.9,3.4444999999999997
0.0,2.4804999999999997
4.0,2.6710000000000003
1.0,3.0400000000000005
1.0,3.3794999999999997
2.0,2.7165
5.0,2.553
6.0,2.6910000000000003
2.4,2.4320000000000004
0.0,2.6929999999999996
2.5,1.9934999999999996
2.5,1.589
1.0,5.898
3.1,4.511500000000002
2.0,3.573
4.0,3.983999999999999
3.0,3.864
5.1,3.6475
1.0,3.3914999999999997
2.0,3.2760000000000007
0.0,2.6785
4.9,3.3745
4.6,3.074499999999999
2.0,3.2679999999999993
6.0,3.123499999999999
2.0,2.9155
3.0,2.8960000000000004
1.0,2.6335
2.8,2.7965000000000004
3.0,2.6135
0.0,2.5814999999999997
5.1,2.8545000000000003
1.0,2.5215
2.0,2.1775
3.5,2.2679999999999993
1.0,4.352499999999999
3.4,4.688000000000001
2.0,4.4655
2.0,4.175999999999999
3.0,3.8069999999999995
3.0,3.5070000000000006
0.0,3.3855
4.0,3.7105
1.0,3.187
0.0,3.0869999999999997
3.2,3.0780000000000003
0.0,2.6054999999999997
5.7,3.020999999999999
4.0,2.702
2.0,2.734
0.0,2.3415
2.0,2.1719999999999997
2.0,2.4190000000000005
5.0,2.4895
1.0,2.362
1.0,2.3655
3.0,2.106999999999999
0.0,2.5745
5.0,4.986
3.0,4.9175
8.4,4.1739999999999995
6.8,3.5720000000000005
2.0,3.6315
8.0,3.932
5.0,3.441
8.0,3.365499999999999
0.0,3.3569999999999993
5.0,3.0765000000000002
2.0,2.8985000000000003
2.0,2.5780000000000003
0.0,2.7025
5.0,2.802
7.0,2.513
3.0,2.7940000000000005
3.3,2.9035
2.9,2.9584999999999995
0.0,3.0409999999999995
6.0,2.6759999999999997
8.0,3.0424999999999995
3.0,3.0079999999999996
2.0,2.8914999999999997
0.0,3.165000000000001
4.1,4.133500000000001
7.0,4.313000000000001
3.0,4.907
8.0,4.925000000000001
9.0,4.220000000000001
3.0,3.6545
0.0,4.0935
6.0,4.2705
0.0,4.1715
4.3,3.762
8.0,4.3415
2.6,3.2609999999999997
4.0,3.1859999999999995
4.4,3.6505
7.0,3.4079999999999995
4.2,2.8564999999999996
1.0,2.832
0.0,2.5895000000000006
2.0,2.904
5.0,2.4970000000000003
2.0,3.0069999999999997
0.0,2.748
4.2,2.3215
0.0,2.2770000000000006
9.0,5.200500000000001
13.0,5.371999999999999
3.0,5.258499999999999
5.0,5.6615
1.0,5.121
1.0,4.841
2.0,4.369000000000001
3.6,4.5215000000000005
1.0,4.47
1.0,4.405
2.0,3.2155
3.8,3.171
1.0,2.6654999999999998
3.0,3.0355000000000003
3.7,2.7295
3.9,3.0385000000000004
10.0,3.0470000000000006
3.8,2.714
1.0,2.8974999999999995
0.0,2.7720000000000002
3.0,2.9640000000000004
2.0,2.568
7.0,2.5725
15.0,2.7245000000000004
5.0,5.394
8.0,5.693
5.0,4.4645
7.0,4.6565
2.0,3.1820000000000004
10.0,2.744
2.0,2.43
0.0,3.1170000000000004
0.0,2.8774999999999995
3.2,2.3625000000000007
2.9,2.8504999999999994
1.0,2.6925
7.0,2.572
1.0,2.8595000000000006
6.0,2.4195
1.0,2.4204999999999997
0.0,2.451
1.0,2.5155
2.4,2.929500000000001
5.8,3.050500000000001
2.0,3.0455000000000005
1.0,2.9329999999999994
6.0,1.8734999999999997
1.0,2.5005
4.8,5.007
7.0,4.7115
9.0,4.502999999999999
2.7,4.0705
1.0,3.7325
3.0,3.2000000000000006
1.0,2.5985
6.0,3.217
3.0,3.7374999999999994
1.0,3.841999999999999
0.0,2.8235
0.0,2.804499999999999
2.3,2.8704999999999994
0.0,3.321
0.0,3.1545
2.0,3.4720000000000004
3.0,3.298
3.2,3.0965000000000003
4.0,3.7595000000000005
4.0,3.2375000000000007
0.0,2.805
6.0,2.9984999999999995
2.0,2.5465
0.0,3.1154999999999995
9.0,5.5565
3.0,4.223000000000001
4.0,3.7845
10.0,3.465
1.0,2.8219999999999987
2.1,3.310000000000001
0.0,3.085999999999999
2.3,3.1054999999999997
1.0,2.8704999999999994
7.0,2.594
5.0,2.829
5.0,2.45
1.0,2.5864999999999996
0.0,2.73
2.0,2.5875
5.0,2.584500000000001
1.5,2.326
0.0,2.8145
1.6,2.2200000000000006
1.0,2.2245000000000004
1.9,2.4495
3.0,1.6370000000000002
1.0,1.6545
2.6,4.7095
4.0,4.384999999999999
2.7,3.6590000000000003
3.0,3.7745000000000006
6.0,3.852
4.0,3.5845000000000002
3.0,3.3445
3.0,3.113
3.0,2.6520000000000006
6.0,2.7060000000000004
6.0,2.7784999999999997
2.0,2.8369999999999997
4.0,2.9939999999999998
1.0,3.2250000000000005
0.0,3.369999999999999
1.0,3.405
4.0,3.3355000000000006
5.0,3.4320000000000004
0.0,3.566499999999999
3.5,3.8245
3.0,3.6860000000000004
3.0,3.6615
2.8,2.6779999999999995
0.0,2.3045
10.0,4.9590000000000005
0.0,4.445000000000002
2.0,4.821000000000001
2.0,4.785499999999999
4.0,4.488
3.1,3.9029999999999996
0.0,3.114
3.0,3.318999999999999
3.0,3.4114999999999998
6.0,3.687
4.0,3.1034999999999995
7.0,3.1559999999999997
0.0,3.3665
2.0,3.362000000000001
0.0,3.4554999999999993
1.0,3.008
0.0,3.2469999999999994
0.0,3.445
4.0,2.9564999999999997
5.0,2.6365
5.0,2.8785000000000003
1.5,2.4125
0.0,2.1485
0.0,2.5495000000000005
1.0,4.362499999999999
0.0,4.4135
6.0,4.028499999999999
5.0,4.3215
0.0,3.8859999999999992
1.0,3.9715
2.2,3.4774999999999996
3.0,3.8629999999999995
4.0,3.7259999999999995
2.0,3.370499999999999
4.0,3.7464999999999993
2.0,3.1439999999999997
6.0,3.2059999999999995
2.0,3.4625000000000012
4.0,3.6595
9.6,3.8900000000000006
0.0,3.8834999999999993
5.0,3.5694999999999992
1.0,3.1734999999999998
4.0,2.8229999999999995
3.4,2.938
1.0,2.8994999999999997
0.0,2.985
8.9,2.3275
10.0,4.8085
0.0,4.485499999999999
4.0,3.5280000000000005
3.0,4.335999999999999
0.0,3.7349999999999994
5.0,3.1505
1.0,3.3129999999999997
6.0,3.818
5.7,3.821500000000001
8.0,4.098
6.4,3.6959999999999997
6.1,3.3994999999999997
6.0,3.9824999999999995
0.0,4.6949999999999985
0.0,4.259499999999999
5.0,3.708999999999999
2.6,4.155999999999999
4.4,3.986
0.0,3.5415000000000005
3.0,3.1535
3.0,2.3194999999999997
3.0,2.362999999999999
0.0,2.7905
0.0,2.5225
6.0,3.9784999999999995
4.0,4.522
4.0,4.9875
3.0,3.9739999999999998
8.7,3.3325
2.0,3.3975000000000004
5.8,2.9829999999999997
0.0,3.2564999999999986
2.0,3.097
7.0,2.846
0.0,2.5580000000000003
6.2,2.2319999999999998
5.0,2.8850000000000007
2.0,3.3915
4.0,3.4114999999999998
7.0,3.3110000000000004
2.0,2.9800000000000004
5.2,3.5970000000000004
4.9,2.8385000000000007
0.0,3.2409999999999997
4.5,3.564500000000001
0.0,3.2790000000000004
0.0,2.6694999999999998
4.0,4.033499999999998
9.0,4.568999999999999
11.0,4.273500000000001
0.0,4.356499999999999
7.0,3.8985
3.0,3.9425
12.0,4.219499999999999
4.6,4.6355
2.0,3.9989999999999997
2.0,3.3789999999999996
4.0,3.5759999999999996
2.0,3.3574999999999995
7.0,3.487
0.0,4.0525
5.0,3.1900000000000004
0.0,3.8525000000000005
0.0,3.0230000000000006
1.0,3.4595000000000002
5.0,2.6850000000000005
0.0,2.5789999999999997
4.0,3.4144999999999994
0.0,3.1859999999999995
1.0,6.9205000000000005
7.0,7.183499999999999
2.0,4.584
7.0,4.5365
0.0,3.3084999999999996
11.0,3.6195000000000004
6.2,4.3125
7.1,4.0365
14.0,3.8750000000000004
8.0,4.119
3.0,3.313
7.9,3.4419999999999997
7.6,4.5045
4.0,3.1094999999999997
0.0,3.4335000000000004
7.3,2.6285000000000003
7.3,2.1825
4.0,2.95
3.0,3.0625
6.0,2.891
12.0,3.073
6.0,3.0435
14.0,2.5305
6.4,2.7975
0.0,5.519500000000001
6.0,4.6815
7.0,4.902
10.0,4.742500000000001
3.0,4.277
2.0,3.7264999999999997
4.0,4.052
2.0,4.174
3.0,3.716
4.0,3.9459999999999997
2.3,2.988
6.0,2.8334999999999995
4.0,2.7375
7.0,3.6575000000000006
5.0,4.135499999999999
6.0,3.326000000000001
2.0,3.6775
3.0,3.9584999999999995
5.0,3.9215
4.0,3.6165000000000007
6.0,4.079999999999999
9.0,3.8840000000000003
5.0,3.5125
3.6,3.0735
2.0,6.3295
2.2,4.302499999999999
7.0,4.1215
5.0,3.3250000000000006
1.5,3.1414999999999993
5.0,2.6365000000000003
0.0,3.1890000000000005
4.5,3.159
1.0,2.67
2.6,2.1635
4.0,2.2345
3.0,1.8880000000000003
2.0,1.8539999999999999
1.0,2.4455
0.0,2.2235000000000005
5.0,2.6245
1.1,2.7924999999999995
5.0,2.3335
2.0,2.1454999999999997
0.0,3.13
4.0,2.6555
4.0,2.4075
3.7,2.322
6.3,2.8479999999999994
0.0,4.822000000000001
5.6,7.3965000000000005
0.0,6.9175
3.0,6.656499999999999
4.1,5.993000000000002
3.8,5.4105
3.0,5.814500000000001
1.0,4.686499999999999
5.0,4.148000000000001
1.0,3.8474999999999993
2.0,3.575
0.0,2.9985000000000004
3.2,3.5360000000000014
2.0,3.741999999999999
2.5,3.4010000000000002
0.0,2.9820000000000007
0.0,2.7464999999999997
0.0,3.1090000000000004
1.0,3.3674999999999993
1.6,2.7935
0.0,3.0439999999999996
0.0,2.472
0.0,1.9255000000000004
0.0,1.7715000000000003
4.0,4.762499999999999
7.0,3.0295
3.0,3.4154999999999998
4.0,3.4265
1.0,2.8739999999999997
2.3,2.569000000000001
2.0,2.4730000000000003
1.0,2.5105
2.8,2.6634999999999995
0.0,3.3424999999999994
0.0,3.2525
4.0,3.094
0.0,4.1655
1.0,3.852
4.0,3.5885000000000002
1.0,3.0784999999999996
1.0,3.0065000000000004
8.0,3.2664999999999997
1.0,2.895999999999999
0.0,2.7025
3.0,2.9964999999999997
0.0,2.5180000000000007
2.0,2.6455000000000006
2.8,2.6735
8.0,4.656000000000001
1.0,4.925
5.0,4.3015
6.0,3.9585000000000004
5.0,3.3080000000000003
1.0,3.0610000000000004
3.0,3.4
5.0,2.8800000000000012
3.0,2.9529999999999994
0.0,3.464
4.0,3.0780000000000003
1.0,2.94
2.7,2.5975000000000006
2.0,3.408
4.0,3.2429999999999994
3.0,2.8409999999999997
2.0,2.9769999999999985
0.0,3.271499999999999
4.0,3.324
2.5,2.8545000000000003
2.5,2.2940000000000005
2.0,2.0095
0.0,1.9684999999999997
0.0,2.7590000000000003
2.4,5.056500000000001
5.0,4.286499999999999
3.8,3.917
10.0,3.5810000000000004
4.0,2.9555000000000002
0.0,2.6275000000000004
0.0,3.2130000000000005
3.0,2.8394999999999992
3.5,2.8925
2.0,3.0854999999999997
3.0,3.055000000000001
4.0,2.423
3.3,3.1174999999999993
2.0,2.9874999999999994
5.0,3.115
7.0,2.574
0.0,2.7294999999999994
3.0,2.7815
2.0,2.611
3.0,2.6835000000000004
1.3,2.4435
0.0,2.3774999999999995
1.3,2.9240000000000004
0.0,4.430000000000001
4.0,3.633999999999999
0.0,3.348500000000001
9.0,3.034
1.8,3.5485
2.0,3.251499999999999
2.0,2.938
0.0,3.106500000000001
2.0,2.9674999999999994
0.0,2.9905
5.0,2.993500000000001
3.5,2.4500000000000006
3.5,3.0589999999999997
4.0,3.1134999999999997
3.6,3.133
0.0,3.346
0.0,3.273
3.4,3.3975
2.0,2.4935000000000005
2.0,2.8964999999999996
2.0,2.8089999999999997
0.0,2.4329999999999994
1.0,2.530500000000001
6.0,2.6200000000000006
2.0,2.659
0.0,3.6400000000000006
2.7,4.4755
4.0,3.9539999999999997
3.0,2.8955000000000006
6.0,3.030500000000001
1.0,3.2935000000000008
3.0,3.638000000000001
0.0,3.4675
4.0,4.3245
0.0,3.8294999999999995
3.0,4.355
2.0,3.3429999999999995
0.0,3.228
1.0,3.2984999999999998
0.0,3.1444999999999994
5.0,2.8300000000000005
0.0,2.6195000000000004
0.0,2.8825
3.4,3.3875000000000006
0.0,2.8489999999999993
0.0,2.7315000000000005
2.0,2.2595
7.0,3.568
1.0,4.343000000000001
1.0,4.043000000000001
6.0,3.7264999999999997
5.0,3.6835000000000004
3.3,3.006500000000001
1.0,3.498499999999999
2.0,3.3569999999999998
3.0,3.119999999999999
2.0,3.548
1.0,3.0839999999999996
3.0,2.6955
0.0,3.2119999999999993
1.0,3.4165000000000005
2.0,3.2075
3.0,3.0665000000000004
3.4,2.801
1.1,3.1815
4.0,3.5810000000000004
4.0,2.5244999999999997
4.0,2.5435
1.0,2.318
0.0,2.6920000000000006
0.3,2.5205
8.0,4.505500000000001
1.0,4.146999999999999
3.0,4.5985000000000005
3.0,4.5925
0.0,3.8770000000000007
9.0,3.3905000000000003
0.0,3.8705000000000007
4.4,3.9720000000000004
3.9,4.177
3.0,3.6674999999999995
1.0,2.1925
3.0,3.3954999999999997
0.0,3.3594999999999997
5.0,3.1275
2.0,3.2775
0.0,3.029500000000001
0.0,2.694000000000001
0.0,2.675500000000001
1.0,2.439
2.0,2.1334999999999997
0.0,2.321500000000001
0.0,3.319
0.0,4.6235
7.0,4.3825
4.0,4.3134999999999994
2.9,4.357
3.0,4.271000000000001
2.0,3.9179999999999984
0.0,4.0475
8.0,3.5199999999999996
0.0,3.2509999999999994
2.0,2.5994999999999995
0.0,2.8449999999999993
4.0,2.6054999999999997
2.1,2.1155
2.5,2.9225000000000008
4.0,3.0380000000000003
2.0,2.8945
1.0,3.2900000000000005
1.0,3.6595
4.0,2.0235
0.0,2.51
5.1,2.8625
0.0,2.545
0.0,3.0225000000000004
0.0,3.1494999999999993
0.0,3.303
6.0,4.0985
4.0,4.484999999999999
4.0,4.4965
3.5,3.9375
3.0,3.6749999999999994
0.0,3.862999999999999
2.0,3.3235
0.0,3.473499999999999
1.0,3.72
3.2,2.8160000000000003
4.0,3.0995000000000004
3.0,3.287999999999999
0.0,3.188
4.0,3.0860000000000003
4.8,2.9570000000000003
0.0,3.0694999999999992
2.7,3.039
0.0,2.8849999999999993
2.0,2.4335000000000004
0.0,2.4964999999999997
1.0,2.2619999999999996
0.0,2.527
2.0,3.0775000000000006
8.0,3.237
4.7,3.2049999999999996
4.0,3.6649999999999987
0.0,4.508
3.0,4.046000000000001
1.0,2.6795000000000004
5.0,3.0529999999999995
8.0,2.9925
6.0,2.6565000000000007
1.0,3.5145
13.0,2.4075
4.6,3.3519999999999994
4.2,3.741999999999998
2.0,3.4820000000000007
1.0,3.2165000000000004
0.0,2.862
0.0,2.4895
0.0,2.4759999999999995
3.0,2.4125
3.0,2.6115
1.0,2.641
0.0,2.304
3.5,2.875
0.0,2.4554999999999993
2.0,4.436499999999999
0.0,5.2675
0.0,4.3305
0.0,3.7739999999999996
7.0,4.2885
3.0,3.6134999999999993
3.5,3.6244999999999994
0.0,3.5709999999999993
0.0,3.1354999999999995
2.0,2.2155
1.0,2.2935
3.0,2.072
4.0,3.894
0.0,2.898499999999999
3.0,3.384
2.0,3.413500000000001
1.0,2.529
2.0,3.1504999999999996
0.0,2.8064999999999998
2.0,3.199
2.9,2.719
2.8,2.733
2.0,2.2295
2.0,2.6435000000000004
5.0,4.265999999999999
2.0,3.934
0.0,3.513
7.0,3.1305
2.0,3.72
2.3,3.9670000000000005
5.4,4.291
8.0,4.4655000000000005
2.0,4.494500000000001
0.0,4.542000000000001
11.0,4.297
2.0,4.247000000000001
4.0,4.802499999999998
3.7,4.284
8.0,3.701500000000001
7.0,4.904
0.9,4.5665
3.7,5.071500000000001
9.0,4.692500000000001
3.0,3.793
11.0,3.8705000000000007
8.0,3.2175000000000007
4.0,2.4965000000000006
6.0,3.333
10.0,5.2604999999999995
15.0,4.851500000000001
7.0,5.242499999999999
8.0,4.668000000000001
7.5,4.232
9.1,3.9804999999999997
11.1,3.2760000000000007
10.6,3.595499999999999
7.0,3.4190000000000005
5.0,3.9385000000000003
2.0,4.5280000000000005
0.0,5.376499999999998
2.0,5.0055000000000005
15.0,5.203
6.2,4.862000000000002
5.0,4.1275
2.0,4.043500000000001
7.0,4.121
6.0,3.4635000000000002
8.0,3.303
0.0,3.9210000000000003
6.0,3.3470000000000004
7.0,3.6795
7.1,3.4835
6.0,5.417499999999999
7.2,5.112500000000001
6.9,4.567500000000001
5.0,4.6605
3.0,4.2035
11.0,4.0040000000000004
8.0,3.6800000000000006
8.0,4.472500000000001
3.0,5.8389999999999995
9.0,5.479500000000001
3.0,4.5845
0.0,3.6464999999999996
5.0,3.3409999999999997
0.0,4.51
1.0,4.360500000000001
0.5,3.502
2.0,3.266500000000001
5.0,3.5205
8.0,4.102000000000001
4.0,2.665
0.0,3.1450000000000005
0.0,3.0805000000000007
0.0,2.5009999999999994
2.0,2.4889999999999994
5.0,2.964
0.0,2.674
5.5,3.7689999999999997
3.0,4.5355
5.0,3.7765000000000004
2.0,2.5745
1.0,3.0364999999999998
3.0,3.712999999999999
5.0,3.5675
5.0,3.5665000000000004
4.0,2.5969999999999995
2.0,2.8875
4.0,3.2370000000000005
5.0,3.1505
0.0,2.7514999999999996
0.0,2.659
0.0,2.365
3.0,2.0785
2.0,2.2895000000000003
0.0,2.452
2.0,2.6889999999999996
3.8,2.3645
2.0,2.581500000000001
4.0,2.8989999999999996
3.7,4.361
2.7,3.6404999999999994
0.0,3.915499999999999
2.0,3.0389999999999997
0.0,3.1010000000000004
5.0,2.8054999999999994
0.0,3.6340000000000003
3.0,3.0095000000000005
0.0,3.0785
7.0,2.508
3.0,2.682
5.0,2.4930000000000003
6.0,2.1065
3.0,3.2159999999999997
0.7,3.0649999999999995
3.0,3.2684999999999995
2.8,3.1335000000000006
0.0,2.761
3.0,2.5235
2.8,2.9475
0.0,2.571999999999999
3.5,2.4219999999999997
4.0,3.0155000000000003
5.0,3.321499999999999
4.0,4.3275
3.7,5.695
4.0,4.016
6.0,3.5105
0.0,2.894
4.0,3.6935
0.0,3.7854999999999994
4.0,4.303
2.0,3.0105
0.0,2.591
4.0,3.7785
6.0,3.2019999999999995
2.0,3.11
4.0,3.322999999999999
1.0,3.1249999999999996
1.0,3.6745
3.6,3.269500000000001
0.0,2.825
4.0,3.0374999999999988
3.2,3.688
3.5,2.4884999999999993
0.0,3.8305000000000002
0.0,5.3515
8.0,4.5794999999999995
14.0,3.339
6.0,3.7785000000000006
0.0,3.158500000000001
8.0,3.3569999999999993
5.0,3.7535
4.0,3.926499999999999
3.6,3.4759999999999995
0.0,3.5065000000000004
4.0,3.076
3.8,3.4065000000000003
4.0,3.089
3.5,2.6864999999999997
2.0,2.7070000000000003
8.0,2.681
7.0,2.657
2.0,2.7395
0.0,2.9190000000000005
1.0,2.6275
1.0,1.9849999999999997
0.0,1.9235
5.0,5.4555
8.0,5.3260000000000005
6.0,4.540000000000001
9.0,3.4015
3.0,4.0095
9.0,3.501499999999999
2.0,3.0210000000000004
3.0,2.457
0.0,3.519
4.0,3.6260000000000003
1.0,3.062000000000001
4.0,2.8555
5.2,2.5435000000000003
3.0,2.8245
4.3,2.406
1.0,2.5075
4.4,2.3965
3.0,2.5029999999999997
3.0,2.4960000000000004
4.0,2.813
3.0,2.2479999999999993
3.9,1.966
2.0,4.952
4.0,4.1875
3.0,4.357499999999999
6.0,3.944
6.0,4.494000000000001
3.9,3.7885000000000004
3.0,3.5529999999999995
0.0,3.5540000000000003
3.0,3.8364999999999996
3.0,3.3914999999999997
5.1,2.9614999999999996
3.0,2.9300000000000006
3.0,3.279
4.2,3.8520000000000003
5.0,3.4419999999999997
3.4,3.2880000000000007
4.0,3.5015000000000005
7.0,2.9419999999999993
3.3,3.255499999999999
5.0,3.0809999999999995
2.9,2.6255
3.0,2.4314999999999998
0.0,1.8895000000000002
7.0,1.9805000000000001
9.0,5.0230000000000015
7.0,3.9659999999999997
1.0,4.3919999999999995
0.0,3.986999999999999
0.0,4.258499999999999
4.0,4.019
2.5,3.2925000000000004
0.0,2.3854999999999995
3.0,3.3794999999999997
6.0,3.3150000000000004
0.0,3.2499999999999996
2.0,3.2854999999999994
3.3,3.8004999999999995
3.0,3.7859999999999996
4.0,3.135
1.0,3.583999999999999
2.0,3.013
3.0,3.14
3.0,3.6000000000000005
0.0,2.9525
9.0,2.8975
3.5,2.112
3.8,1.9685
7.0,4.691
0.0,4.375000000000001
5.0,3.5465000000000004
4.0,3.3739999999999997
3.0,3.5199999999999996
6.0,3.112
7.0,2.6799999999999993
6.0,2.8579999999999997
5.0,2.436
2.0,2.6575
5.0,3.2425
5.0,3.3135000000000003
3.0,4.5504999999999995
4.0,3.8145
2.6,3.511999999999999
3.0,4.479999999999999
0.0,3.7899999999999996
0.0,4.061499999999999
0.0,3.850499999999999
2.0,2.9240000000000013
1.0,2.699
0.0,3.616
0.0,3.0675
2.0,3.0385000000000004
1.0,5.078
0.0,4.819500000000001
1.0,5.190499999999999
4.0,4.509
4.0,3.41
0.0,3.1860000000000004
0.0,2.6704999999999997
0.0,2.6329999999999996
2.0,2.4290000000000003
0.0,2.5825000000000005
0.0,2.733
1.0,2.4174999999999995
1.0,2.6064999999999996
0.0,3.1405000000000003
0.0,3.052
0.0,3.197
0.0,3.658
0.0,2.677
0.0,2.7565
0.0,2.9454999999999996
0.0,3.0364999999999998
0.0,2.49
0.0,2.5440000000000005
3.0,2.845500000000001
4.0,6.7775
2.0,8.2435
0.0,4.729500000000001
0.0,5.128999999999999
0.0,4.8149999999999995
0.0,3.6080000000000005
1.0,3.766
0.0,3.59
0.0,3.2845000000000004
0.0,3.4574999999999996
0.0,2.922499999999998
0.0,2.7785
0.0,2.5054999999999996
0.0,3.2064999999999997
0.0,2.981
0.0,3.4070000000000005
0.0,2.851000000000001
1.0,2.3150000000000004
0.0,2.2150000000000007
0.0,2.6505
0.0,2.7695
0.0,2.5860000000000003
3.0,2.424
3.0,2.8735000000000004
3.0,3.934
1.0,5.319500000000001
0.0,4.0809999999999995
0.0,4.235
1.0,3.8965000000000005
1.0,3.7104999999999997
0.0,3.6404999999999994
0.0,3.463
4.0,3.6379999999999995
5.0,3.663999999999999
0.0,3.3295
0.0,3.5435000000000008
0.0,3.3765000000000005
0.0,3.818499999999999
0.0,3.715499999999999
0.0,3.31
0.0,3.4539999999999997
2.0,3.278
0.0,3.09
0.0,2.6835000000000004
0.0,2.5610000000000004
0.0,2.246
0.0,1.932
0.0,2.2704999999999993
0.0,4.029999999999999
0.0,4.2585
2.0,4.343999999999999
1.0,3.635
0.0,3.7124999999999995
0.0,3.1504999999999996
1.0,3.357000000000001
0.0,3.8545000000000016
0.0,3.8914999999999997
3.0,4.063
5.0,3.1354999999999995
2.0,3.264999999999999
0.0,3.4119999999999995
0.0,3.2609999999999992
0.0,3.0735000000000015
0.0,4.156000000000001
0.0,3.927
1.0,3.3770000000000007
0.0,2.9145
0.0,2.7895
0.0,2.6875
0.0,2.873
0.0,2.8145
0.0,2.4585
0.0,2.9459999999999993
0.0,3.3235
0.0,4.8214999999999995
0.0,4.5675
1.0,4.2765
0.0,2.8790000000000004
0.0,3.1585
0.0,3.141
0.0,2.9335000000000004
2.0,2.6935000000000002
0.0,2.872
0.0,2.7095000000000002
0.0,2.6860000000000004
0.0,3.9810000000000008
1.0,3.7980000000000005
0.0,3.8309999999999995
0.0,3.2985
0.0,3.0245000000000006
0.0,3.509
0.0,2.8065
0.0,2.864
0.0,3.1150000000000007
0.0,2.1839999999999993
0.0,2.391000000000001
0.0,3.8759999999999986
0.0,5.272
0.0,4.510999999999999
1.0,4.201499999999999
0.0,3.565
0.0,3.0694999999999997
4.0,3.1315000000000004
6.0,2.9410000000000003
1.0,3.218
0.0,3.4695000000000005
0.0,3.153
1.0,3.4159999999999995
0.0,3.0595
0.0,3.6615
0.0,3.39
0.0,2.9984999999999995
0.0,3.71
0.0,2.905
0.0,2.8865000000000003
2.0,3.6069999999999998
4.0,2.7815000000000003
2.0,2.6945000000000006
0.0,3.3295
0.0,2.918499999999999
0.0,5.12
1.0,4.4795
1.0,4.742000000000001
1.0,4.512499999999999
0.0,4.0295
0.0,3.3314999999999997
0.0,3.8759999999999994
0.0,4.245
0.0,3.4945
0.0,3.570500000000001
0.0,2.8314999999999997
0.0,3.0005000000000006
0.0,2.82
0.0,3.027999999999999
0.0,3.114999999999999
0.0,3.0584999999999996
0.0,2.981500000000001
0.0,3.1879999999999997
0.0,2.7749999999999995
0.0,3.509
0.0,2.9754999999999994
0.0,3.485499999999999
0.0,2.723500000000001
0.0,3.1914999999999996
0.0,4.687
0.0,5.699
0.0,4.682500000000001
0.0,5.808
0.0,4.169
0.0,4.105999999999999
0.0,3.952000000000001
0.0,4.1265
0.0,3.7735
0.0,3.1414999999999997
2.0,3.2935000000000003
0.0,3.0485000000000007
0.0,1.9710000000000005
2.0,3.0295000000000005
1.0,2.7405
0.0,2.8640000000000003
0.0,2.7234999999999996
0.0,2.6409999999999996
0.0,2.241
0.0,2.6895
0.0,3.2565
0.0,3.2505
0.0,2.6595000000000004
0.0,3.017
0.0,4.132500000000001
0.0,3.9879999999999995
0.0,3.8425
0.0,3.991000000000001
0.0,3.29
3.0,2.6489999999999996
0.0,2.1515
0.0,3.3339999999999996
0.0,2.4725
0.0,2.7179999999999995
0.0,2.2529999999999997
0.0,2.121
0.0,1.9830000000000003
0.0,2.622500000000001
0.0,2.7255000000000003
0.0,2.9255
0.0,2.7885000000000004
1.0,2.28
0.0,2.654499999999999
0.0,2.9775
0.0,2.9085
0.0,2.7484999999999995
2.0,3.264
0.0,4.136
0.0,4.6625
1.0,4.2165
1.0,4.6095
0.0,3.4865
5.0,3.4899999999999993
4.0,3.563
0.0,3.1105000000000005
0.0,3.4019999999999997
0.0,2.6014999999999997
3.0,2.8854999999999995
0.0,3.2305
0.0,2.9539999999999997
0.0,3.0525
0.0,3.5399999999999987
0.0,3.0759999999999996
0.0,3.2775
0.0,2.8245
0.0,2.903
0.0,3.0640000000000005
0.0,2.9875
0.0,2.7625000000000006
0.0,2.9815000000000005
0.0,2.9925
0.0,3.0460000000000003
0.0,4.403000000000002
0.0,3.8155
0.0,3.618500000000001
1.0,4.5745
0.0,3.9165000000000014
0.0,2.9605000000000006
0.0,2.4395000000000002
0.0,2.488
0.0,2.8569999999999998
0.0,2.337999999999999
0.0,2.3085
2.0,2.4670000000000005
1.0,2.952
0.0,4.5264999999999995
0.0,2.8899999999999992
0.0,3.630000000000001
0.0,2.9739999999999998
0.0,2.9985000000000004
0.0,2.785
0.0,2.5414999999999996
0.0,3.0125000000000006
0.0,3.0585000000000004
0.0,2.2904999999999998
0.0,1.8070000000000004
3.0,4.1450000000000005
5.0,3.715
2.0,3.0540000000000003
0.0,3.9764999999999997
0.0,2.892
0.0,3.0355000000000003
0.0,2.5425
0.0,3.1135
0.0,2.845500000000001
0.0,3.429
0.0,3.2110000000000003
0.0,3.0389999999999993
2.0,3.1184999999999996
0.0,5.145499999999999
1.0,3.0784999999999996
1.0,3.12
1.0,3.1224999999999996
0.0,2.7739999999999996
0.0,2.9245
0.0,2.9225000000000008
2.0,2.7119999999999997
3.0,3.291500000000001
0.0,3.1785
0.0,3.2305
1.0,5.014
2.0,4.8505
1.0,4.141500000000001
0.0,4.408499999999999
1.0,3.5784999999999996
1.0,3.333499999999999
0.0,3.7290000000000005
0.0,3.3680000000000003
0.0,3.8415
0.0,3.661
0.0,3.0255000000000005
1.0,3.1005000000000003
2.0,2.6315
3.0,3.2604999999999995
3.0,2.8629999999999995
0.0,2.73
0.0,2.281
0.0,2.6915000000000004
0.0,3.3360000000000007
0.0,2.365
0.0,2.378
0.0,3.1245
0.0,2.0879999999999996
0.0,2.4135000000000004
1.0,6.587999999999998
0.0,4.401
0.0,3.7415
0.0,4.165
0.0,3.416499999999999
0.0,2.7335000000000003
0.0,3.4825000000000004
1.0,2.6175
2.0,2.7665
0.0,3.988000000000001
0.0,2.8299999999999996
0.0,2.5095000000000005
0.0,2.475
0.0,2.6795000000000004
0.0,2.9715000000000003
0.0,2.5654999999999997
0.0,3.2769999999999997
0.0,2.8634999999999997
0.0,3.3494999999999995
1.0,3.323500000000001
2.0,2.966
0.0,3.2315000000000005
0.0,3.2535000000000003
0.0,3.7585
0.0,3.9210000000000003
3.0,4.1
0.0,3.785499999999999
0.0,2.8034999999999997
4.0,2.988999999999999
3.0,2.7735000000000003
0.0,2.6889999999999996
0.0,2.5269999999999997
0.0,2.0029999999999992
0.0,2.4219999999999997
0.0,2.179
0.0,2.4370000000000003
0.0,3.2000000000000006
0.0,3.003
4.0,3.9589999999999987
1.0,3.3225
0.0,3.104000000000001
0.0,3.8420000000000005
0.0,3.215
0.0,3.1215
0.0,3.2475000000000005
0.0,2.3045
2.0,2.7195
4.0,4.576500000000001
1.0,4.466499999999999
0.0,4.3485000000000005
0.0,4.386500000000001
0.0,3.3235
0.0,3.1239999999999997
0.0,3.366
0.0,3.585
1.0,3.305
0.0,3.4875
0.0,2.7104999999999997
1.0,3.0780000000000003
0.0,2.946
0.0,2.853
0.0,2.9235
0.0,3.297499999999999
0.0,3.546499999999998
0.0,2.8699999999999988
0.0,2.4895
1.0,2.362
1.0,2.9764999999999997
1.0,2.7015
0.0,2.616
0.0,2.9745
