y_true,y_pred
5.0,0.8095999999999997
8.0,0.23320000000000007
11.0,2.5184
5.0,2.5708
11.0,2.2260000000000004
7.0,1.7460000000000004
1.0,1.2034000000000002
2.0,0.8163999999999998
3.1,0.7199999999999998
0.0,0.7640000000000002
8.0,-2.7652
2.7,0.21799999999999997
0.0,0.06080000000000041
3.0,0.06080000000000041
0.0,0.06080000000000041
1.3,-0.08960000000000079
2.0,-0.45640000000000036
6.0,-0.45640000000000036
1.0,-0.45640000000000036
7.6,-0.45640000000000036
0.0,0.2889999999999997
0.0,0.40559999999999974
6.0,0.49520000000000053
2.0,2.613
0.0,0.37180000000000035
3.0,0.49180000000000046
4.6,-1.0225999999999997
5.0,-1.1764000000000001
14.0,1.8321999999999998
2.0,0.9228000000000005
2.0,0.9228000000000005
0.0,0.9228000000000005
0.0,0.46140000000000025
2.0,0.14700000000000024
1.0,-2.869999999999999
1.0,-2.869999999999999
5.4,0.3937999999999997
0.0,-0.23160000000000025
1.0,0.5780000000000003
2.0,-0.23160000000000025
0.0,0.2704000000000004
4.2,-0.14540000000000042
3.0,-0.19779999999999998
0.0,-0.14540000000000042
3.0,0.8027999999999995
0.0,-0.19779999999999998
8.0,-0.19779999999999998
5.0,1.1088000000000005
1.5,0.06080000000000041
3.0,1.4924
5.0,1.1476000000000006
6.0,-0.26539999999999964
3.0,-0.9363999999999999
2.0,-1.146
0.0,0.7538
2.9,0.5780000000000003
0.0,0.5780000000000003
2.0,0.7504
4.0,-2.869999999999999
0.0,-2.869999999999999
4.0,0.011800000000000033
0.0,-2.869999999999999
2.0,0.49180000000000046
3.0,0.49180000000000046
4.0,-0.2839999999999998
1.0,-0.37019999999999964
4.0,-0.37019999999999964
0.0,0.2856000000000005
0.0,-0.02540000000000031
0.0,-0.02540000000000031
1.0,2.0096000000000003
5.0,2.0096000000000003
9.0,-0.9736000000000002
0.0,1.3758
2.5,1.5785999999999998
5.0,1.5262000000000002
3.0,1.5262000000000002
2.2,1.7764000000000002
2.0,1.0952000000000002
4.0,0.975200000000001
3.0,0.8027999999999995
3.0,0.9144000000000005
2.9,-0.9736000000000002
4.0,-0.9736000000000002
0.0,0.5476000000000001
2.0,0.23320000000000007
2.0,0.6303999999999998
1.0,0.7165999999999997
1.0,0.7165999999999997
0.0,0.6642000000000001
6.3,0.6642000000000001
4.0,0.6642000000000001
3.0,0.6642000000000001
1.0,1.7848000000000002
3.2,1.2744
2.0,0.6828000000000003
14.0,1.4924
3.2,1.2338000000000005
2.9,0.07939999999999969
0.0,-0.47160000000000046
4.0,0.7385999999999999
5.0,0.3193999999999999
4.0,-1.2474000000000007
5.0,-2.435599999999999
0.0,0.6490000000000009
0.0,0.49180000000000046
0.0,0.5442
3.0,0.3193999999999999
3.2,-1.9893999999999998
0.0,0.9228000000000005
0.0,0.9228000000000005
5.0,-0.7487999999999992
2.0,0.2856000000000005
5.0,0.2856000000000005
0.0,0.8365999999999998
1.0,-0.11160000000000014
1.0,-0.11160000000000014
0.0,2.6468
8.0,0.8027999999999995
7.0,0.7504
2.0,0.7504
5.6,0.06080000000000041
0.0,0.06080000000000041
2.0,0.06080000000000041
0.0,0.06080000000000041
4.0,0.06080000000000041
0.0,0.06080000000000041
9.0,0.06080000000000041
0.0,0.975200000000001
0.0,0.975200000000001
8.0,0.9228000000000005
4.0,-0.12679999999999936
0.0,0.44619999999999926
2.0,0.47659999999999947
5.5,1.2338000000000005
1.0,1.1814
7.0,1.1814
3.0,1.1814
1.0,0.2856000000000005
1.0,0.25180000000000025
0.0,0.14700000000000024
3.8,1.8372000000000002
11.0,0.5289999999999999
6.0,2.3544
1.0,-1.0074000000000005
0.0,-1.0598
2.0,1.0834000000000001
1.0,-0.6440000000000001
8.0,-0.9025999999999996
9.0,1.9404000000000003
5.8,1.839
4.0,0.3193999999999999
4.0,-2.3983999999999988
0.0,-2.869999999999999
3.0,1.0191999999999997
4.0,0.2856000000000005
4.0,0.6372
6.0,-2.3528000000000002
3.0,-2.3528000000000002
2.0,0.06080000000000041
3.0,0.14700000000000024
1.0,0.14700000000000024
0.5,0.14700000000000024
3.0,-2.869999999999999
0.0,-0.4039999999999999
2.0,-2.869999999999999
0.0,1.2930000000000001
4.6,0.6642000000000001
3.0,2.0418
1.0,0.8365999999999998
3.0,0.8365999999999998
12.0,0.8365999999999998
7.0,-0.4039999999999999
0.0,-0.12340000000000018
11.0,-0.02540000000000031
0.0,0.07939999999999969
5.3,-2.7652
7.0,0.2248000000000001
1.0,-2.869999999999999
4.0,-0.2839999999999998
0.0,-0.2839999999999998
2.0,-0.2839999999999998
1.0,-0.45640000000000036
3.0,-0.45640000000000036
8.0,-0.45640000000000036
1.0,-2.869999999999999
1.0,-0.40059999999999985
6.0,-0.2433999999999994
0.0,0.4580000000000002
6.0,-2.869999999999999
0.0,-2.869999999999999
4.0,4.095600000000001
1.0,4.268000000000001
6.0,-2.6079999999999988
0.0,1.1915999999999993
8.0,0.6676000000000002
3.0,4.2494
3.0,-2.660399999999999
9.0,0.35660000000000025
0.0,0.14700000000000024
4.0,-2.6079999999999988
1.0,-2.869999999999999
5.0,1.4908000000000001
1.0,-1.9556000000000004
0.0,-2.008
1.0,0.4090000000000007
4.0,0.3971999999999998
1.0,1.0412
6.0,-0.11160000000000014
0.0,-2.0418000000000003
3.0,-2.0942
2.0,-1.8507999999999996
8.0,-1.0225999999999997
3.0,-1.2321999999999997
4.5,-1.2321999999999997
4.0,-0.29579999999999984
3.0,4.5418
6.0,1.1020000000000003
2.0,0.5780000000000003
4.0,1.2626
2.0,4.2714
9.0,-1.806799999999999
1.0,-2.2935999999999996
2.0,-2.869999999999999
4.0,0.9025999999999996
5.6,-0.12679999999999936
4.0,0.8365999999999998
0.0,-2.869999999999999
1.0,-2.869999999999999
0.0,-2.8175999999999988
5.0,-2.869999999999999
4.8,-2.2142
0.0,-2.2666000000000004
9.1,0.96
4.0,0.3752000000000004
0.0,0.4276
7.5,2.9578
9.0,-1.3521999999999998
1.0,6.0208
10.0,1.5296000000000003
5.0,1.2675999999999998
6.0,-0.10820000000000007
0.0,-0.37019999999999964
6.0,-0.37019999999999964
0.0,-2.869999999999999
0.0,-2.869999999999999
0.0,0.32280000000000086
1.0,-2.869999999999999
3.0,0.49520000000000053
5.1,-1.8743999999999996
2.0,0.9887999999999995
0.0,-0.8263999999999996
6.0,-2.1887999999999987
8.6,-2.869999999999999
1.3,-2.869999999999999
3.0,1.2000000000000002
0.0,0.23659999999999926
4.0,0.7420000000000009
0.0,0.06080000000000041
6.0,0.7014000000000005
3.0,2.9054
5.0,3.1302
0.5,3.0778
9.0,2.9360000000000004
3.1,0.5780000000000003
1.0,3.5428000000000006
4.3,1.3200000000000003
8.0,1.4924
0.0,1.4400000000000004
9.0,0.06419999999999959
5.0,0.7267999999999999
0.0,-0.11160000000000014
4.0,0.8027999999999995
1.0,0.2737999999999996
0.0,0.6642000000000001
0.0,0.3193999999999999
0.0,-0.1791999999999998
0.0,1.9946000000000006
5.5,-0.8873999999999995
3.0,0.06080000000000041
5.2,-2.869999999999999
5.4,0.5780000000000003
1.0,0.5780000000000003
5.0,0.35660000000000025
6.0,0.9144000000000005
13.0,1.3978000000000002
3.0,-1.6969999999999992
3.0,-1.7493999999999996
5.0,-0.6440000000000001
1.0,-0.8011999999999997
5.7,-0.7013999999999996
4.8,3.6882000000000006
4.0,1.2136000000000005
5.5,1.2964000000000002
1.0,1.1088000000000005
3.0,-1.7797999999999998
7.0,0.7504
5.0,-2.506599999999999
3.4,1.1476000000000006
2.0,1.0276000000000005
1.0,0.2248000000000001
0.0,0.23659999999999926
5.8,0.1994000000000007
5.0,1.3537999999999997
3.0,0.3041999999999998
0.0,0.7165999999999997
4.0,0.6303999999999998
0.0,0.2856000000000005
3.2,1.871
6.0,1.871
5.0,1.871
6.0,1.5785999999999998
6.6,1.1814
1.0,1.1814
1.0,2.2328000000000006
0.0,0.8214000000000006
9.0,0.7165999999999997
3.0,0.7165999999999997
4.0,0.6642000000000001
0.0,0.6642000000000001
3.1,0.6642000000000001
2.0,0.6642000000000001
4.0,0.37180000000000035
3.9,0.3193999999999999
0.0,0.3193999999999999
3.0,0.3193999999999999
1.0,0.4580000000000002
0.0,-2.2666000000000004
1.0,-2.869999999999999
3.9,-2.869999999999999
4.2,-0.2839999999999998
0.0,-2.869999999999999
1.0,0.06080000000000041
0.0,-2.869999999999999
0.0,-2.869999999999999
4.0,-2.869999999999999
3.1,0.2856000000000005
0.7,0.23320000000000007
4.7,-2.869999999999999
3.0,-2.869999999999999
0.0,0.6303999999999998
0.0,0.49180000000000046
4.0,0.1841999999999997
3.0,-2.869999999999999
0.0,-2.869999999999999
3.0,-0.09299999999999997
7.0,0.14700000000000024
1.0,-0.11160000000000014
2.0,0.06080000000000041
0.0,-2.869999999999999
2.0,-0.6288
0.0,-0.2839999999999998
0.0,-0.7149999999999999
0.0,-0.2839999999999998
3.1,-0.7149999999999999
1.0,-0.7149999999999999
0.0,-0.7149999999999999
4.0,-2.869999999999999
1.3,-0.19779999999999998
3.0,-0.006800000000000139
0.0,0.06080000000000041
0.0,0.14700000000000024
0.1,-0.040599999999999525
1.0,0.1656000000000004
3.0,0.23320000000000007
4.0,-2.869999999999999
2.0,-2.869999999999999
2.0,-0.2839999999999998
3.2,-2.869999999999999
1.0,-2.869999999999999
0.0,-2.869999999999999
4.0,-2.869999999999999
2.0,-2.869999999999999
0.0,-0.02540000000000031
2.0,4.457
2.0,-0.02540000000000031
0.0,4.2846
0.0,0.6642000000000001
3.2,0.6642000000000001
3.0,0.49180000000000046
0.0,2.8192
3.0,1.7088
2.9,2.1296
8.0,2.0688000000000004
0.0,1.8558
0.0,1.6124
0.0,2.9781999999999997
3.5,1.5481999999999996
5.0,1.4958
4.0,0.8957999999999995
1.0,0.5174000000000003
1.0,0.3193999999999999
0.0,0.5730000000000004
0.0,-0.02540000000000031
0.0,0.40559999999999974
2.0,4.4776
2.8,0.3041999999999998
2.6,0.21799999999999997
2.7,0.11320000000000086
2.5,0.06080000000000041
2.2,1.6124
0.0,0.5999999999999996
5.0,0.23320000000000007
0.0,2.9054
4.0,2.2514
4.0,0.8365999999999998
0.0,1.4130000000000003
2.0,1.9032
1.0,1.0614000000000008
2.2,1.0090000000000003
2.0,0.40559999999999974
3.0,0.40559999999999974
7.0,0.2737999999999996
2.0,0.49180000000000046
0.0,0.40559999999999974
4.0,0.40559999999999974
1.0,0.23320000000000007
3.0,0.23320000000000007
4.0,-0.02540000000000031
0.0,0.06080000000000041
4.2,0.06080000000000041
2.0,0.49180000000000046
3.0,0.07939999999999969
3.4,-0.45640000000000036
3.0,0.16900000000000048
1.5,0.49180000000000046
1.0,-0.6288
8.0,-0.45640000000000036
6.0,-0.006800000000000139
1.0,0.40559999999999974
4.0,-0.4681999999999995
8.0,-0.8873999999999995
3.0,0.06080000000000041
3.1,0.1994000000000007
2.0,0.5137999999999998
3.0,-0.02200000000000024
5.1,-0.37019999999999964
0.0,0.2704000000000004
2.0,0.3193999999999999
0.0,0.44619999999999926
1.0,-0.37019999999999964
0.0,-0.37019999999999964
0.0,-0.02540000000000031
0.0,0.06080000000000041
0.0,-0.19779999999999998
3.0,0.11320000000000086
1.0,0.06080000000000041
3.0,2.0434
0.0,2.2158
2.0,0.2856000000000005
4.0,0.23320000000000007
3.8,0.49180000000000046
0.0,0.49180000000000046
2.0,1.1138000000000003
4.5,2.1296
6.2,2.7584
0.0,1.0090000000000003
0.0,0.8889999999999993
3.0,1.4502000000000006
1.0,0.5780000000000003
5.0,0.7504
0.0,1.484
2.0,0.1692000000000009
0.0,0.6303999999999998
0.0,0.4800000000000004
3.0,0.4580000000000002
0.0,0.4241999999999999
6.0,0.2873999999999999
3.0,0.39039999999999964
7.0,0.23320000000000007
2.0,1.1764000000000001
4.0,0.4428000000000001
4.0,0.026999999999999247
1.0,0.5780000000000003
0.0,0.40559999999999974
1.0,2.4744
0.0,1.9893999999999998
5.0,1.8372000000000002
3.2,1.6496000000000004
1.0,0.6303999999999998
3.0,0.6642000000000001
0.0,0.8062000000000005
0.0,0.49180000000000046
3.7,4.5048
5.0,-1.8135999999999992
2.0,0.6642000000000001
4.0,0.5780000000000003
2.0,0.5780000000000003
7.0,1.0090000000000003
0.0,0.2856000000000005
0.0,0.23320000000000007
0.0,0.23320000000000007
3.0,0.5780000000000003
2.0,0.5780000000000003
2.0,0.49180000000000046
2.0,0.5780000000000003
5.2,0.49180000000000046
0.0,0.49180000000000046
0.0,0.49180000000000046
3.0,0.49180000000000046
1.0,0.8027999999999995
9.8,1.6124
3.0,1.2000000000000002
3.0,1.2034000000000002
0.0,1.1696
3.0,1.2338000000000005
0.0,1.1696
0.0,1.2406000000000006
7.0,0.8027999999999995
3.0,0.6186000000000007
3.2,0.49520000000000053
5.0,0.49180000000000046
2.2,0.3752000000000004
1.2,0.2856000000000005
0.0,0.40559999999999974
2.6,0.06080000000000041
0.0,0.06080000000000041
2.7,0.06080000000000041
2.0,0.06080000000000041
2.0,0.5780000000000003
0.0,0.5780000000000003
4.0,0.14700000000000024
0.0,-2.6975999999999996
3.0,-0.19779999999999998
3.0,2.3544
3.2,1.5481999999999996
0.0,2.4322
8.0,-0.19779999999999998
1.0,-0.19779999999999998
3.4,-1.3183999999999996
3.3,1.6411999999999995
1.0,0.7504
1.0,0.7504
3.0,0.1994000000000007
5.0,0.14700000000000024
3.1,0.04560000000000031
0.0,0.1841999999999997
2.7,-0.02540000000000031
0.0,-0.02540000000000031
0.0,-0.19779999999999998
4.0,-0.02540000000000031
4.0,-0.02540000000000031
1.0,-0.02540000000000031
2.0,0.06080000000000041
0.0,-0.14540000000000042
3.0,-1.2321999999999997
0.0,-1.2321999999999997
0.0,0.27719999999999967
3.2,0.6642000000000001
7.0,0.8365999999999998
6.0,0.8365999999999998
5.0,1.1814
1.0,2.0434
1.0,0.9228000000000005
0.0,0.9228000000000005
1.7,0.9228000000000005
3.0,0.49180000000000046
1.8,-2.869999999999999
3.5,-2.869999999999999
1.0,-0.02540000000000031
2.0,1.8542000000000005
1.0,0.49180000000000046
0.0,-2.008
2.0,0.6642000000000001
7.0,0.5780000000000003
1.0,0.49180000000000046
2.0,0.23320000000000007
5.0,0.06080000000000041
2.7,0.06080000000000041
1.0,0.06080000000000041
1.0,0.3193999999999999
9.0,1.9572000000000003
3.4,2.6468
3.0,2.5404000000000004
2.0,1.9572000000000003
2.0,1.0614000000000008
2.0,1.3048000000000002
0.0,1.6834000000000007
3.0,1.3200000000000003
0.0,0.8889999999999993
2.0,0.7165999999999997
1.0,0.6642000000000001
5.0,1.3826
0.0,0.3193999999999999
0.0,0.6337999999999999
2.0,0.3193999999999999
0.0,2.733
0.0,1.0090000000000003
2.4,1.0090000000000003
2.9,0.8365999999999998
2.8,3.595
2.6,3.595
1.0,2.6468
3.5,1.0090000000000003
0.0,0.8365999999999998
0.0,1.0952000000000002
3.0,-0.19779999999999998
0.0,1.5262000000000002
0.0,1.5262000000000002
2.7,1.3572000000000006
3.4,1.3537999999999997
2.0,1.3537999999999997
0.0,1.0090000000000003
0.0,1.0343999999999998
1.0,0.7504
2.0,0.7504
1.0,-1.8219999999999992
0.0,1.1391999999999998
2.0,1.0343999999999998
1.0,2.9578
1.0,1.1391999999999998
1.0,0.2856000000000005
0.0,3.7674000000000003
3.6,0.8365999999999998
3.6,0.8365999999999998
4.0,3.9398
3.0,0.7504
0.0,2.302
0.0,0.9228000000000005
0.0,1.4585999999999997
1.0,1.2338000000000005
2.0,1.1814
0.0,-0.5426000000000002
1.0,2.0096000000000003
1.0,1.9572000000000003
5.0,1.9572000000000003
3.0,-2.5252
0.0,0.8889999999999993
0.0,0.8062000000000005
2.7,0.7723999999999993
0.0,2.1872
0.0,-1.7493999999999996
1.0,1.9572000000000003
0.0,2.5336000000000003
2.0,0.8027999999999995
2.0,0.8027999999999995
4.0,0.7504
0.0,0.7504
1.0,0.8924000000000003
0.0,0.6642000000000001
0.0,2.733
0.0,0.4428000000000001
5.0,0.4428000000000001
2.0,0.23320000000000007
2.4,0.23320000000000007
0.0,2.439
1.0,1.7696
10.0,2.6486
7.0,2.1348
3.0,2.7974000000000006
5.0,0.9110000000000005
0.0,2.7264000000000004
2.0,2.7788000000000004
2.0,2.3258000000000005
2.0,-1.7392000000000003
0.0,-1.3689999999999998
2.0,0.5103999999999997
6.0,2.2058
1.0,1.2523999999999997
3.0,1.1138000000000003
2.0,-1.0917999999999992
2.0,0.8027999999999995
3.0,1.2812000000000001
0.0,0.23320000000000007
2.0,-1.0074000000000005
0.0,-0.49019999999999975
7.0,1.5296000000000003
1.0,1.2675999999999998
0.0,2.1482
3.0,1.3268000000000004
1.0,0.8957999999999995
5.0,0.3193999999999999
11.3,0.7758000000000003
1.0,0.8772000000000002
4.0,0.5814000000000004
2.0,0.6186000000000007
0.0,1.0716
0.0,0.8095999999999997
2.0,0.7910000000000004
1.0,0.9413999999999998
1.0,4.1122
0.0,1.1476000000000006
3.8,0.6524000000000001
1.0,0.7504
4.0,0.7504
2.0,0.8365999999999998
0.0,1.4247999999999994
3.5,1.6124
3.0,1.0090000000000003
8.0,0.6642000000000001
2.0,1.2675999999999998
3.0,2.4406
4.0,2.3882
3.0,2.2682
0.0,2.1296
3.0,1.0684000000000005
4.0,1.7172
4.2,-2.031599999999999
0.0,0.9413999999999998
2.0,1.9032
3.5,1.6260000000000003
4.0,0.5780000000000003
3.0,0.6524000000000001
2.0,0.6337999999999999
0.0,0.3193999999999999
2.0,-1.0749999999999993
6.0,-1.2321999999999997
3.3,-0.9887999999999995
1.0,-0.5763999999999996
2.0,1.1915999999999993
5.9,0.4580000000000002
0.0,1.871
8.0,1.3537999999999997
2.1,1.7984
2.0,0.7504
0.0,0.8889999999999993
3.0,2.5184
0.0,2.0096000000000003
1.9,1.4400000000000004
0.0,1.8576000000000001
3.0,1.8238000000000003
4.0,0.8889999999999993
3.5,0.8365999999999998
2.9,0.8365999999999998
3.0,3.2876
2.8,0.7165999999999997
1.0,1.0868000000000002
2.6,0.8924000000000003
0.7,0.8738000000000001
3.0,0.3193999999999999
2.9,-2.008
2.0,-2.008
0.0,0.7504
0.0,0.6642000000000001
3.0,0.23320000000000007
0.0,0.3193999999999999
0.0,0.7504
0.0,0.8365999999999998
0.0,0.8365999999999998
2.0,1.751
0.0,1.2219999999999995
6.0,1.2051999999999996
0.6,1.3572000000000006
10.0,1.0952000000000002
3.0,0.9177999999999997
2.0,0.7876000000000003
0.0,0.5780000000000003
3.0,0.5510000000000002
3.6,0.4800000000000004
6.0,2.172
3.5,-2.3983999999999988
4.0,0.7538
0.0,1.5432000000000006
1.0,1.4383999999999997
5.6,0.23320000000000007
0.0,-2.035
1.0,0.7352000000000007
0.0,0.7165999999999997
0.0,0.6642000000000001
2.5,-2.7837999999999994
9.0,-2.0942
2.0,3.3212
7.0,3.164
6.0,1.3385999999999996
3.5,1.3572000000000006
1.0,1.4096000000000002
0.0,0.2839999999999998
2.0,-0.08779999999999966
4.0,-1.8694000000000006
0.0,-1.6074000000000002
3.6,-0.5829999999999993
3.4,0.5814000000000004
3.0,0.4090000000000007
3.4,0.5289999999999999
4.0,2.0672
3.0,-2.2935999999999996
0.0,-2.869999999999999
0.0,0.8095999999999997
7.0,0.23320000000000007
4.0,-2.869999999999999
2.0,-1.9267999999999992
0.0,0.4276
1.0,-2.660399999999999
0.6,1.4062000000000001
2.0,0.9786000000000001
20.0,1.8034
1.0,1.6985999999999999
2.0,1.6985999999999999
3.2,1.1662
7.0,1.0090000000000003
2.0,1.6936
6.0,0.7504
1.0,0.6861999999999995
1.0,0.3193999999999999
3.3,0.3193999999999999
3.0,-2.731399999999999
3.1,0.3193999999999999
5.0,0.026999999999999247
3.3,-0.4039999999999999
0.0,-0.02200000000000024
2.0,0.3193999999999999
3.0,0.5780000000000003
2.0,-1.6647999999999996
0.0,0.22140000000000004
0.0,1.2675999999999998
0.0,1.2675999999999998
5.0,1.2675999999999998
5.0,0.9448000000000008
5.0,0.5780000000000003
6.0,-0.7454000000000001
8.0,2.0114000000000005
0.0,-1.783199999999999
3.8,0.6642000000000001
0.0,-0.1943999999999999
4.8,-2.8175999999999988
1.0,2.647
2.0,0.34140000000000015
1.0,-0.02540000000000031
3.0,-0.02540000000000031
2.0,0.975200000000001
0.0,-0.14540000000000042
5.0,-0.26539999999999964
1.0,-0.4378000000000002
6.0,-0.5426000000000002
4.0,-2.8175999999999988
4.0,0.7165999999999997
2.0,1.3200000000000003
6.0,1.2675999999999998
0.0,0.20279999999999987
3.9,1.2102000000000004
2.0,1.8321999999999998
5.8,0.7385999999999999
8.0,0.3193999999999999
0.0,0.3193999999999999
4.0,2.2954000000000003
8.7,0.3786000000000005
6.0,0.8889999999999993
3.0,0.6557999999999993
0.0,0.11660000000000004
2.0,-0.19779999999999998
3.0,-0.19779999999999998
5.0,-0.19779999999999998
1.0,-2.8175999999999988
2.0,-0.19779999999999998
7.0,0.3937999999999997
4.0,-0.02540000000000031
2.0,-0.02540000000000031
0.0,-0.02540000000000031
6.0,0.4648000000000003
3.0,0.4833999999999996
1.0,1.0598
3.0,0.8315999999999999
2.0,0.7791999999999994
2.0,0.5763999999999996
6.0,0.7165999999999997
0.0,0.3041999999999998
4.0,-2.869999999999999
8.0,-2.869999999999999
8.6,2.1264000000000003
6.0,2.1754
1.0,-2.8175999999999988
4.0,0.1943999999999999
0.0,-0.29240000000000066
3.0,-0.9736000000000002
2.0,-0.4681999999999995
1.0,1.4417999999999997
0.0,-2.869999999999999
2.0,-2.869999999999999
3.0,-2.869999999999999
3.0,-2.869999999999999
5.0,-2.869999999999999
2.0,-2.869999999999999
3.0,-2.7652
2.0,0.3482000000000003
1.0,1.4417999999999997
10.0,1.2321999999999997
6.0,2.8634
9.0,-1.9267999999999992
1.0,1.0834000000000001
7.0,1.4535999999999998
1.0,-1.8219999999999992
10.0,2.8262000000000005
2.0,-1.9267999999999992
5.0,1.7004000000000001
3.0,0.7302
1.0,-0.3178000000000001
5.9,-1.9791999999999987
9.0,1.9286000000000003
5.0,0.5324000000000009
3.0,-2.241199999999999
7.0,0.5662000000000003
5.0,-1.5397999999999996
2.0,0.1352000000000002
5.0,-0.2839999999999998
5.7,0.8992000000000004
4.0,0.35660000000000025
3.4,0.14700000000000024
0.0,0.5627999999999993
0.0,0.40559999999999974
4.0,0.40559999999999974
10.0,0.40559999999999974
5.0,1.0276000000000005
7.0,0.9228000000000005
3.0,-0.5510000000000002
3.0,2.1314
8.0,1.1476000000000006
3.0,0.975200000000001
3.0,-1.6123999999999992
3.0,0.7504
3.0,0.7504
4.0,0.9329999999999998
4.0,0.14700000000000024
0.0,0.7504
1.7,0.2856000000000005
1.0,0.8365999999999998
0.0,0.8365999999999998
2.0,0.8365999999999998
0.0,-2.6113999999999997
2.0,-0.7149999999999999
1.0,0.3193999999999999
1.8,0.40559999999999974
0.0,1.1814
2.0,1.6124
5.0,1.871
1.0,0.7504
3.0,1.6985999999999999
4.0,0.3193999999999999
0.0,1.6158000000000001
3.0,1.3537999999999997
3.0,1.5448000000000004
1.9,1.1476000000000006
0.0,1.0952000000000002
1.0,2.7788000000000004
1.0,0.5780000000000003
2.0,0.026999999999999247
2.0,-0.02540000000000031
1.0,-0.02540000000000031
3.0,0.9329999999999998
0.0,0.14700000000000024
4.6,3.8536
3.2,0.6642000000000001
0.0,4.026
3.0,0.5780000000000003
1.0,0.3193999999999999
5.0,0.7504
0.0,0.7504
9.0,2.8192
1.0,1.1882000000000001
1.0,0.6642000000000001
6.0,0.49180000000000046
3.0,0.49180000000000046
3.6,-0.4781999999999993
4.0,1.2338000000000005
0.0,-2.2935999999999996
1.0,0.8552
1.0,0.14700000000000024
0.0,0.14700000000000024
2.0,0.7504
3.2,0.7504
3.4,0.6642000000000001
3.3,0.06080000000000041
2.0,0.06080000000000041
2.0,1.161200000000001
0.0,1.1088000000000005
3.2,0.14700000000000024
2.0,0.11320000000000086
0.0,-2.6975999999999996
3.0,0.5780000000000003
0.0,0.5780000000000003
0.0,0.06080000000000041
6.0,-0.8873999999999995
8.0,1.7646000000000002
6.0,0.7876000000000003
1.0,1.8508
6.0,-0.26539999999999964
2.2,1.7950000000000004
4.0,1.0090000000000003
0.7,1.8321999999999998
7.0,0.8365999999999998
1.0,0.9076000000000004
0.0,2.5388
0.0,3.4634
2.0,0.37180000000000035
1.0,0.5442
2.0,2.0858000000000003
1.0,0.22140000000000004
2.7,1.8272
3.2,1.8609999999999998
2.0,0.6642000000000001
1.0,1.9572000000000003
0.0,1.6328000000000005
1.0,1.6985999999999999
3.1,2.2158
3.4,1.1814
1.0,1.4315999999999995
4.0,0.8399999999999999
1.0,2.3866
5.0,2.1516
3.0,1.9640000000000004
1.0,1.0784000000000002
6.0,2.9614
5.0,3.2606
8.0,3.6798
3.8,2.8262000000000005
3.0,1.0380000000000003
6.0,0.9196
4.0,2.3816
6.0,1.9758
4.3,2.0620000000000003
5.0,0.6828000000000003
0.0,0.8840000000000003
0.0,0.9363999999999999
6.0,8.0104
4.0,0.4123999999999999
5.0,2.8192
2.0,1.4114000000000004
4.0,0.6929999999999996
1.0,0.6372
0.0,2.8564
5.0,2.6468
6.0,2.6468
0.0,3.4414000000000002
2.5,2.5996000000000006
6.0,2.2734000000000005
1.7,1.3506
1.8,-0.43100000000000005
2.0,0.09299999999999997
1.9,3.2014
0.0,1.5061999999999998
3.0,2.6066000000000003
6.0,1.6564000000000005
5.0,4.058400000000001
4.0,0.8399999999999999
0.6,0.8399999999999999
2.0,0.8399999999999999
4.0,0.7352000000000007
0.0,0.5476000000000001
4.0,0.49520000000000053
0.0,1.8914
0.0,1.6479999999999997
3.0,1.6294000000000004
2.4,0.46140000000000025
3.0,2.079
12.0,3.9164
3.0,1.8253999999999997
4.0,2.3882
5.0,3.1946
7.0,1.7054
0.0,3.4600000000000004
5.0,3.9908000000000006
2.3,1.3453999999999997
0.0,1.1915999999999993
4.0,1.0343999999999998
3.0,0.6524000000000001
2.0,1.0107999999999997
3.0,1.2964000000000002
8.0,1.5094000000000003
3.5,1.4570000000000007
0.0,0.6524000000000001
5.0,2.9054
1.0,0.49180000000000046
3.0,0.9702000000000002
8.0,0.9228000000000005
3.3,0.9228000000000005
2.0,0.7504
0.0,0.7504
12.0,2.6992
3.0,2.6468
3.8,2.755
0.0,2.2294
3.0,1.8744
4.0,1.5819999999999999
3.0,1.2710000000000008
6.0,1.1509999999999998
3.0,0.8365999999999998
0.0,2.6808000000000005
5.0,1.2930000000000001
3.0,3.4448
3.0,3.3364000000000003
1.0,3.7674000000000003
6.0,0.8399999999999999
0.0,0.3937999999999997
3.6,0.9448000000000008
4.0,0.8552
0.0,1.9032
2.0,0.4090000000000007
1.0,0.35660000000000025
2.0,0.49520000000000053
3.0,0.4428000000000001
0.0,0.2856000000000005
4.2,0.23320000000000007
4.4,3.3212
5.0,2.5826000000000002
4.0,3.4126000000000003
4.6,1.4164000000000003
0.0,1.7172
6.0,1.8930000000000002
4.0,2.7232000000000003
0.0,2.7044000000000006
4.6,1.5364000000000004
4.0,1.184800000000001
7.0,3.078
5.6,0.7199999999999998
2.0,2.2582
3.3,0.37180000000000035
0.0,0.7420000000000009
3.3,0.5848000000000004
4.5,0.1841999999999997
2.0,-1.146
3.0,0.6033999999999997
2.0,-0.02540000000000031
2.9,0.3937999999999997
0.0,-0.14540000000000042
0.0,0.2856000000000005
2.0,2.0096000000000003
3.0,2.8378
8.0,0.5780000000000003
2.0,4.1378
2.0,0.04560000000000031
0.0,3.2656
0.0,5.4478
7.0,0.6642000000000001
3.0,0.8027999999999995
3.0,-2.3528000000000002
5.0,-2.3528000000000002
4.3,1.0952000000000002
0.0,1.0952000000000002
0.0,0.47659999999999947
4.0,1.1476000000000006
5.1,1.0952000000000002
0.0,1.1814
5.1,0.3380000000000001
4.7,0.23320000000000007
2.0,0.23320000000000007
4.0,3.9620000000000006
11.0,0.3380000000000001
5.5,1.3605999999999998
3.0,1.9336000000000002
0.0,1.0952000000000002
0.0,1.0461999999999998
17.0,2.3528000000000002
4.0,2.302
4.7,1.871
5.5,1.7696
0.0,1.6124
20.0,-0.0743999999999998
12.0,2.2396
5.0,0.40559999999999974
0.0,1.3792
6.2,0.7504
3.0,2.603
1.0,1.0276000000000005
3.0,3.9398
19.0,1.1324000000000005
0.0,4.2846
5.8,0.9786000000000001
0.0,7.4052
4.1,5.0472
3.0,0.6254000000000008
5.1,1.4011999999999993
0.0,1.6260000000000003
1.0,-0.3582000000000001
3.0,3.4566
13.0,3.6762
19.0,2.995
3.0,4.590800000000001
3.9,1.359
23.0,-0.2129999999999992
6.0,1.9794
7.0,2.7348
21.0,4.687200000000001
7.0,1.3336000000000006
11.0,4.361
9.0,3.6240000000000006
23.0,10.9784
5.0,3.5376
5.0,11.245600000000001
22.0,2.6706
9.0,4.672000000000001
25.0,9.9356
6.0,4.5094
5.0,1.8845999999999998
6.5,1.9336000000000002
15.0,0.18100000000000005
5.0,8.748999999999999
4.0,1.8102
8.0,7.6248
4.0,3.4194000000000004
10.0,3.7152000000000003
0.0,3.4650000000000003
9.7,1.4451999999999998
13.0,1.2948000000000004
1.0,3.0476000000000005
1.0,0.4969999999999999
0.0,2.3968
7.0,5.5478000000000005
16.0,1.7004000000000001
0.0,3.7220000000000004
4.0,2.9244000000000003
25.0,0.32640000000000136
0.0,3.744
5.0,10.7926
4.0,11.0884
6.0,11.331800000000001
6.0,2.5810000000000004
6.0,1.8052000000000001
8.9,1.5617999999999999
13.0,8.940000000000001
6.1,1.7004000000000001
6.0,8.0678
8.0,2.0824
13.7,2.27
3.0,2.1364
1.0,2.6182
9.9,1.8744
3.0,2.2868
10.6,1.8034
3.0,2.3612
3.0,2.8430000000000004
2.0,2.0570000000000004
5.0,0.7352000000000007
1.0,4.234400000000001
4.0,4.508000000000001
3.0,4.055000000000001
4.0,1.9251999999999998
5.3,-0.0743999999999998
9.0,1.0006000000000004
2.0,-0.8973999999999993
0.0,0.4580000000000002
6.0,0.5814000000000004
2.0,0.3971999999999998
4.0,0.7791999999999994
6.3,2.0638000000000005
0.0,-2.7127999999999997
1.0,0.7165999999999997
3.0,0.5780000000000003
7.0,2.3882
0.0,1.6985999999999999
7.9,1.871
3.1,2.2158
1.0,1.871
5.0,1.5262000000000002
5.0,0.7352000000000007
0.0,0.7504
0.0,-2.869999999999999
0.0,0.2856000000000005
3.0,0.1994000000000007
2.0,0.14700000000000024
7.9,0.40559999999999974
0.0,0.40559999999999974
4.0,-0.37019999999999964
3.4,0.5780000000000003
0.0,-0.2839999999999998
4.0,0.40559999999999974
0.0,0.23320000000000007
4.0,0.3193999999999999
8.0,0.6642000000000001
7.0,1.6936
0.0,1.0952000000000002
3.0,-2.869999999999999
0.0,2.5894
3.0,1.2675999999999998
9.0,1.7915999999999999
2.0,1.2675999999999998
10.0,1.0614000000000008
7.0,0.37180000000000035
8.0,0.8365999999999998
1.0,0.23320000000000007
3.6,0.6642000000000001
6.0,0.5780000000000003
1.0,0.5780000000000003
2.8,0.49180000000000046
2.0,0.49180000000000046
2.0,0.49180000000000046
2.0,0.14700000000000024
1.0,0.14700000000000024
0.0,-0.45640000000000036
2.0,-2.6113999999999997
0.0,-2.008
2.3,0.23320000000000007
4.0,1.6902000000000008
3.0,0.9413999999999998
6.0,0.1994000000000007
3.3,0.14700000000000024
10.0,2.1804000000000006
2.8,0.9228000000000005
0.9,0.7504
0.0,0.1994000000000007
0.0,-1.2321999999999997
1.0,0.18759999999999977
3.0,0.3193999999999999
15.0,-0.5426000000000002
0.0,-0.11160000000000014
17.0,0.23320000000000007
2.0,-2.869999999999999
0.0,-2.869999999999999
3.8,-0.47160000000000046
3.0,-2.869999999999999
6.0,-2.869999999999999
0.0,-2.869999999999999
4.4,-0.16059999999999963
4.0,0.6896000000000004
10.0,2.182
6.0,0.7504
13.0,0.7504
0.8,0.975200000000001
5.0,0.9228000000000005
4.0,0.7504
3.9,1.0749999999999993
3.8,1.9996000000000005
0.0,10.343
3.0,11.3606
2.0,0.14700000000000024
25.4,4.9830000000000005
15.0,70.9428
39.0,62.802200000000006
21.0,-2.869999999999999
3.0,-2.869999999999999
0.0,-0.26539999999999964
2.6,1.0564
4.0,0.6710000000000003
2.0,-0.09299999999999997
0.0,1.6124
16.0,1.0952000000000002
4.7,0.026999999999999247
19.0,2.1956
22.0,1.6647999999999996
4.3,2.1550000000000002
20.0,1.5262000000000002
16.0,1.6598000000000006
2.0,1.2000000000000002
1.0,-0.8552
5.8,0.5476000000000001
0.0,0.2856000000000005
2.0,0.23320000000000007
0.0,-1.4908000000000001
2.0,0.49180000000000046
9.0,0.6896000000000004
3.8,0.3380000000000001
0.0,0.3380000000000001
2.0,-0.3178000000000001
2.0,-2.869999999999999
2.1,0.25180000000000025
3.0,-2.1803999999999997
6.0,0.3380000000000001
2.0,0.37180000000000035
4.0,0.39039999999999964
3.3,0.23320000000000007
10.0,2.6992
0.0,2.6468
9.0,-0.23160000000000025
4.6,2.0756000000000006
4.0,0.975200000000001
5.9,0.7690000000000001
10.0,1.7900000000000005
0.0,0.96
9.0,0.5966000000000005
4.0,1.6631999999999998
5.0,2.3816
6.9,0.49180000000000046
5.3,0.4800000000000004
3.0,-0.19779999999999998
16.0,0.2704000000000004
3.0,0.40559999999999974
4.0,0.7504
2.4,-2.869999999999999
0.0,-2.869999999999999
0.0,-0.02540000000000031
4.2,1.3537999999999997
8.0,1.9572000000000003
2.0,1.2675999999999998
16.0,4.7174
2.0,2.4576000000000002
11.0,1.8508
0.0,-0.11160000000000014
0.0,1.4062000000000001
4.0,1.9268
11.0,2.0688000000000004
2.0,-0.96
6.0,0.4464000000000006
0.0,4.5232
3.0,22.1214
2.0,0.21799999999999997
7.0,6.424800000000001
0.0,1.9032
15.0,34.397999999999996
7.0,7.6486
8.0,6.8812
4.2,42.5066
19.0,7.3866000000000005
5.0,12.827600000000002
8.0,6.6192
4.0,10.3582
6.2,4.5128
4.0,6.948600000000001
15.0,7.2884
9.0,2.9748
9.0,5.8162
15.0,5.921
3.0,20.256800000000002
5.8,18.9806
6.0,3.585
3.0,1.9454000000000002
9.0,2.6334000000000004
8.9,1.6226000000000003
10.8,6.9624
0.0,12.4002
18.0,8.6408
2.0,11.005600000000001
2.0,0.49520000000000053
0.0,8.2842
7.0,9.112400000000001
0.0,2.7450000000000006
0.0,6.538
3.0,8.6966
0.0,7.439
1.0,8.456600000000002
19.2,8.909600000000001
7.0,9.2848
16.0,2.2158
3.0,7.454200000000001
0.0,1.6124
9.2,8.9602
4.0,9.019400000000001
2.0,7.2986
4.8,1.1476000000000006
3.0,6.8524
3.2,0.7165999999999997
0.0,0.6642000000000001
2.0,0.7690000000000001
1.0,2.5134
3.0,13.407800000000002
11.0,5.2940000000000005
6.0,4.4032
0.0,0.8738000000000001
4.0,8.8354
10.0,1.2219999999999995
11.0,5.622
2.0,5.7842
3.3,1.0310000000000006
1.0,1.9133999999999998
8.0,1.8085999999999998
0.0,1.6294000000000004
5.0,3.6914000000000002
9.0,10.9802
3.0,4.819
7.0,13.2166
0.0,4.913600000000001
3.0,5.5052
1.0,3.0256
10.0,2.1364
0.0,1.2523999999999997
0.0,5.130000000000001
5.0,7.645200000000001
0.0,2.9952000000000005
0.0,3.3416
1.0,4.293200000000001
5.0,0.9144000000000005
0.2,0.8095999999999997
1.0,1.7308000000000003
4.0,3.0138
15.0,3.1862000000000004
22.0,4.457
27.0,3.2318000000000002
0.0,1.5736000000000008
11.0,4.457
3.0,4.393
17.0,3.23
3.7,8.3128
5.0,3.0728
6.0,9.8628
9.0,3.5140000000000002
4.0,1.6749999999999998
10.0,7.0722000000000005
7.0,14.932199999999998
4.0,4.893400000000001
6.0,4.0922
5.0,2.101
3.9,1.1053999999999995
1.0,2.1178
0.0,4.058400000000001
0.0,3.4482000000000004
4.0,0.7876000000000003
0.0,5.155200000000001
2.0,0.14700000000000024
3.5,4.736000000000001
3.0,4.4892
1.0,3.3364000000000003
4.0,4.359
5.0,1.1814
6.3,3.8858
0.0,1.7848000000000002
0.0,1.7848000000000002
0.0,2.4880000000000004
3.8,1.4400000000000004
5.0,6.867800000000001
4.0,-0.6253999999999991
2.0,2.0418
4.0,10.1114
2.0,11.780000000000001
0.0,1.8018000000000005
8.0,10.7622
7.0,3.294600000000001
0.0,1.7561999999999998
4.0,0.026999999999999247
0.0,1.6936
2.0,1.5465999999999998
4.5,2.2988
2.0,0.5882000000000005
1.0,2.2430000000000003
3.2,0.14700000000000024
0.0,-2.869999999999999
5.5,-2.869999999999999
2.8,-2.869999999999999
0.0,0.8247999999999998
2.0,0.40559999999999974
3.0,0.40559999999999974
2.2,1.0868000000000002
12.0,1.0614000000000008
3.0,1.0090000000000003
8.0,0.7165999999999997
5.0,-1.2979999999999992
2.2,-0.7739999999999991
5.0,-1.5075999999999992
2.4,-2.869999999999999
2.9,-2.869999999999999
6.0,-2.869999999999999
3.0,-2.869999999999999
0.6,0.40559999999999974
5.0,0.6642000000000001
2.0,0.8365999999999998
3.0,0.25180000000000025
0.0,0.25180000000000025
4.0,0.20279999999999987
3.0,0.13180000000000014
0.0,-0.02540000000000031
12.0,-0.19779999999999998
8.2,-0.19779999999999998
5.0,-0.9736000000000002
2.0,-0.9736000000000002
5.0,1.4062000000000001
0.0,1.2338000000000005
8.0,0.9972000000000003
0.0,-2.2074
1.0,1.1578
2.0,-0.09299999999999997
1.0,-0.059200000000000585
6.0,1.1814
0.0,1.1814
0.0,1.1814
5.0,-0.059200000000000585
2.0,0.4985999999999997
6.0,-0.02540000000000031
1.0,0.6303999999999998
0.0,-2.645199999999999
6.0,-0.5426000000000002
1.0,-2.869999999999999
1.0,0.23320000000000007
0.0,-2.869999999999999
5.0,0.49180000000000046
2.0,-2.869999999999999
0.0,0.6642000000000001
5.0,1.4619999999999997
0.0,1.0952000000000002
0.0,1.2000000000000002
9.0,3.5428000000000006
8.0,1.9860000000000002
7.0,0.8586000000000009
5.0,0.49180000000000046
0.0,-0.11160000000000014
1.0,0.11320000000000086
3.0,0.6710000000000003
0.0,0.14700000000000024
2.0,-0.11160000000000014
0.0,0.07939999999999969
3.7,-2.869999999999999
2.0,0.14700000000000024
5.8,-2.869999999999999
5.0,-2.869999999999999
1.0,-2.869999999999999
3.1,0.14700000000000024
0.0,-2.869999999999999
0.0,0.14700000000000024
3.0,2.3882
0.0,1.9336000000000002
5.0,1.4400000000000004
1.0,-2.1803999999999997
4.0,2.2294
5.0,1.5364000000000004
9.0,3.1676
5.0,1.67
0.0,1.0123999999999995
3.1,-2.450799999999999
0.0,-0.3547999999999991
10.0,0.7456000000000014
6.9,-0.09279999999999866
4.0,2.5016
3.0,5.334600000000001
3.0,-0.6691999999999991
4.0,-1.6647999999999996
3.0,3.6578000000000004
0.0,2.8194000000000004
3.0,0.6288
3.0,0.6337999999999999
1.0,0.3193999999999999
2.0,-0.3482000000000003
11.1,-0.7149999999999999
0.0,2.2682
8.0,1.4756
1.0,-2.334199999999999
10.0,0.6676000000000002
0.0,0.96
8.7,1.2186000000000003
1.0,1.2523999999999997
0.0,-2.3983999999999988
8.2,-2.869999999999999
0.0,1.5432000000000006
6.7,-2.8175999999999988
10.0,0.9668000000000001
2.0,0.9144000000000005
0.0,1.0310000000000006
4.0,0.9144000000000005
9.0,-2.7652
7.9,-2.660399999999999
1.0,0.6828000000000003
1.0,0.23320000000000007
0.0,0.23320000000000007
3.0,0.23320000000000007
0.0,0.23320000000000007
5.0,0.23320000000000007
2.0,3.7406000000000006
5.0,0.49180000000000046
5.2,3.5056000000000003
1.0,2.5134
3.0,2.723
0.0,2.3376000000000006
6.3,-2.869999999999999
3.0,-2.869999999999999
6.0,-2.869999999999999
4.0,0.6710000000000003
4.1,-2.7127999999999997
0.0,0.5324000000000009
3.9,0.975200000000001
2.0,1.2287999999999997
4.0,0.39039999999999964
4.0,0.23320000000000007
3.0,0.23320000000000007
2.0,0.6303999999999998
1.5,-2.6113999999999997
1.0,-2.869999999999999
3.7,-2.869999999999999
0.0,0.2856000000000005
3.9,0.6490000000000009
6.0,0.49180000000000046
5.0,0.49180000000000046
8.0,1.915
3.9,1.4247999999999994
3.4,1.4771999999999998
0.0,1.6378000000000004
6.0,2.1956
8.0,0.7352000000000007
3.1,0.8062000000000005
2.0,0.9668000000000001
5.0,0.9329999999999998
3.0,0.9972000000000003
4.7,24.060200000000002
1.0,3.5530000000000004
4.0,2.3748
3.0,3.7034000000000002
12.0,5.993800000000001
8.0,12.802600000000002
11.0,7.001200000000001
5.0,2.6098000000000003
0.0,0.14700000000000024
2.0,8.024000000000001
0.0,2.3900000000000006
2.0,0.9228000000000005
6.0,4.5788
3.5,3.164
6.0,2.1364
4.2,3.7354000000000003
0.0,20.251800000000003
0.0,1.2219999999999995
0.0,23.3654
2.9,1.1544000000000008
0.0,21.343799999999998
3.0,-0.4546000000000001
3.0,-1.3453999999999997
3.6,0.7165999999999997
0.0,14.8868
2.0,3.078
1.0,0.6676000000000002
2.0,32.53380000000001
6.1,-2.731399999999999
5.0,4.2494
10.0,5.6456
4.0,26.2912
6.0,84.23400000000001
7.0,25.336400000000005
6.0,26.174800000000005
23.0,3.94
10.0,5.8788
6.0,22.062
5.0,6.4028
3.1,25.414
4.0,34.3626
21.0,14.869800000000001
19.0,24.339000000000002
3.1,6.930200000000001
3.0,25.0642
11.0,4.7142
6.7,6.0496
3.0,17.6604
4.0,19.0146
11.0,15.882200000000001
4.5,4.8986
18.0,15.01
3.5,1.4653999999999998
30.0,16.2304
3.0,1.2219999999999995
1.0,24.9068
15.0,13.8048
18.0,42.2986
0.0,20.7622
0.0,4.4404
4.2,2.8836000000000004
3.6,2.0349999999999997
3.2,2.3493999999999997
8.0,1.5785999999999998
0.0,2.4136
6.0,-0.27719999999999967
1.0,1.0158000000000005
15.0,1.2710000000000008
9.0,0.9413999999999998
0.0,1.7984
2.0,0.8027999999999995
2.0,1.0123999999999995
4.0,4.337
3.0,4.2170000000000005
4.0,0.7352000000000007
0.0,1.4282000000000004
8.0,1.0090000000000003
3.2,-1.7543999999999995
0.0,1.6784
1.0,2.8378
2.0,0.8214000000000006
3.0,0.8214000000000006
0.0,0.8095999999999997
3.3,1.6936
8.0,2.7685999999999997
3.3,1.3537999999999997
3.3,2.4204
3.0,1.9674
0.0,1.9487999999999999
10.0,2.5996000000000006
3.0,1.6530000000000005
3.3,1.1814
5.0,1.4992
3.7,0.7014000000000005
3.3,0.49180000000000046
3.3,0.5103999999999997
1.0,0.40559999999999974
4.0,3.6812
0.0,3.6812
1.0,3.6812
4.0,3.6812
0.0,0.8889999999999993
0.0,0.8365999999999998
6.0,0.8365999999999998
2.0,0.8214000000000006
0.0,0.6642000000000001
3.0,0.7352000000000007
6.0,1.9674
7.0,2.2682
8.0,2.2682
12.0,2.2158
0.5,2.9984
0.0,2.4744
2.9,-0.7758000000000003
5.0,-1.4502000000000006
5.0,-1.9218000000000002
3.7,-2.2935999999999996
0.0,0.49180000000000046
6.0,0.6490000000000009
0.0,0.6303999999999998
0.0,0.14700000000000024
10.0,0.3193999999999999
4.0,2.733
4.0,2.9054
3.6,2.8192
3.0,2.733
6.0,0.6642000000000001
0.0,0.5780000000000003
0.0,0.6642000000000001
0.0,0.8552
1.0,1.2338000000000005
3.0,2.2936
9.0,4.0600000000000005
20.0,1.9758
2.0,1.7848000000000002
3.0,4.928800000000001
0.0,5.7944
8.0,1.7764000000000002
4.0,1.4400000000000004
5.0,2.5404000000000004
0.0,1.5448000000000004
1.0,1.7716000000000003
3.0,0.7504
0.0,0.6642000000000001
7.0,1.08
4.0,0.6303999999999998
4.3,1.1020000000000003
1.0,-1.1087999999999996
2.0,-1.0564
1.1,1.0632000000000001
1.0,1.2000000000000002
2.0,1.3572000000000006
2.0,3.7372
1.0,0.8247999999999998
2.0,3.4294000000000002
9.0,3.0102
0.0,2.2632
0.0,3.7270000000000003
5.0,4.6617999999999995
1.0,2.6908000000000003
1.0,3.7726
2.0,4.3896
2.0,5.7554
7.0,6.9082
5.8,1.6006
0.0,0.7944000000000004
5.4,5.1436
7.0,2.2328000000000006
3.0,1.1814
7.0,1.6006
2.0,3.6052
1.0,8.2164
2.0,5.0792
0.0,1.0614000000000008
0.0,4.2342
6.0,1.6564000000000005
3.0,11.036000000000001
4.5,1.7764000000000002
7.0,3.3484000000000003
4.1,6.3944
7.0,4.3676
7.0,4.4606
3.0,9.019400000000001
7.0,18.105
4.0,4.264600000000001
8.0,23.7204
3.7,3.8826
0.0,3.0408000000000004
0.0,3.1946
0.0,12.102599999999999
7.0,1.3521999999999998
0.0,4.2832
9.0,5.6456
9.0,2.373
10.0,4.0212
4.0,3.4226
2.0,5.1739999999999995
1.0,1.4164000000000003
3.0,4.9254
1.0,2.4052000000000002
4.0,1.3640000000000008
0.0,0.5780000000000003
2.3,3.1928
1.0,3.2132
3.0,3.3890000000000002
0.0,1.1476000000000006
8.0,1.0952000000000002
8.0,4.6466
1.0,1.5785999999999998
3.0,2.456
0.0,0.4648000000000003
0.0,5.1472000000000016
3.0,0.052400000000000446
1.0,-0.37019999999999964
3.0,1.741200000000001
0.0,0.7014000000000005
4.0,0.7352000000000007
0.0,-0.14200000000000035
2.0,-0.45640000000000036
1.0,-0.26539999999999964
3.0,-0.19779999999999998
4.9,-0.14540000000000042
3.0,0.11320000000000086
4.0,0.1656000000000004
5.8,0.21799999999999997
6.0,-0.19779999999999998
2.0,-0.19779999999999998
0.0,0.40559999999999974
1.0,0.40559999999999974
8.4,-1.5060000000000002
0.0,0.23320000000000007
7.0,0.14700000000000024
2.0,1.0090000000000003
2.0,0.23320000000000007
5.8,0.06080000000000041
0.0,-0.02540000000000031
5.0,-0.02540000000000031
6.1,0.37180000000000035
0.0,-0.11160000000000014
2.0,0.4580000000000002
5.8,0.1994000000000007
3.0,-0.2839999999999998
0.0,0.1994000000000007
3.0,0.14700000000000024
8.0,0.14700000000000024
2.0,0.14700000000000024
3.6,0.2856000000000005
0.0,0.23320000000000007
4.0,0.23320000000000007
0.5,2.7854
3.0,0.7690000000000001
2.8,0.6642000000000001
0.0,1.6530000000000005
4.0,1.0952000000000002
5.0,1.3200000000000003
4.0,1.1476000000000006
3.0,0.8889999999999993
0.0,0.5966000000000005
2.0,0.23320000000000007
3.0,0.14700000000000024
3.0,2.0148
1.0,0.9854000000000003
0.0,-0.006800000000000139
4.0,0.46140000000000025
5.0,0.47659999999999947
2.0,0.3380000000000001
2.4,-0.19779999999999998
3.0,1.0648
5.0,-0.19779999999999998
0.0,-0.14540000000000042
2.0,1.6006
6.0,2.4914
3.0,0.6303999999999998
1.0,0.9228000000000005
0.0,0.975200000000001
2.7,0.7572000000000001
0.0,1.6192000000000002
1.0,1.6834000000000007
1.0,3.6172000000000004
0.0,1.4585999999999997
8.0,0.25180000000000025
2.9,0.8129999999999997
2.7,0.2400000000000002
3.0,1.2508
4.0,-0.13860000000000028
0.0,0.08960000000000079
1.5,0.40559999999999974
4.0,7.794
4.0,-0.5578000000000003
4.0,4.4472
14.0,-0.2839999999999998
1.0,4.3424000000000005
3.0,7.0672
6.0,13.0932
0.0,5.5476
3.6,0.6337999999999999
3.0,0.5780000000000003
6.0,1.8576000000000001
7.0,-0.26200000000000045
7.0,-0.4378000000000002
1.0,0.9245999999999999
4.0,0.4276
3.0,0.3041999999999998
0.0,0.06080000000000041
0.0,-0.02540000000000031
3.0,0.49180000000000046
0.0,0.49180000000000046
3.2,0.49180000000000046
4.0,0.7014000000000005
1.0,1.1273999999999997
0.0,1.0936000000000003
5.0,2.6132
3.1,0.030400000000000205
3.0,1.277800000000001
0.0,4.9830000000000005
7.0,5.769
7.0,1.277800000000001
0.0,3.7626000000000004
3.0,7.640200000000001
0.0,1.6784
11.0,2.0976000000000004
1.0,1.3537999999999997
7.0,3.6898
5.0,1.4400000000000004
2.0,3.394
3.1,0.7504
5.3,0.3193999999999999
5.9,-0.02540000000000031
3.0,0.07939999999999969
0.0,-0.0033999999999991815
0.0,0.4090000000000007
5.3,0.6186000000000007
6.2,0.25180000000000025
1.0,0.1994000000000007
3.0,-0.7149999999999999
7.0,4.4202
5.0,-0.1791999999999998
0.0,1.6411999999999995
2.0,8.455
5.9,2.7720000000000002
8.0,3.5174000000000003
10.0,4.0194
0.0,-0.11999999999999922
15.0,0.2992000000000008
3.0,1.2964000000000002
8.6,1.5583999999999998
2.8,3.0678
2.0,1.6006
3.0,1.3453999999999997
2.0,1.7004000000000001
2.0,2.292
9.3,2.0486
2.0,9.8562
4.0,10.9922
5.0,0.6151999999999997
1.0,6.313400000000001
2.0,13.963800000000003
7.0,2.101
5.0,2.6944
4.9,-0.7149999999999999
6.0,0.23320000000000007
7.5,1.9624000000000001
0.0,9.8224
0.0,7.958000000000001
4.0,0.6101999999999999
0.0,0.9618000000000002
1.0,5.6254
0.0,5.3634
5.1,2.0098000000000003
0.0,2.1044000000000005
8.0,0.7165999999999997
2.0,-0.11160000000000014
2.0,0.7978000000000005
2.0,1.9506000000000001
2.1,0.1994000000000007
6.4,0.11320000000000086
4.0,1.5280000000000005
0.0,-0.37019999999999964
5.0,0.026999999999999247
8.0,0.1841999999999997
5.4,-0.040599999999999525
2.0,1.0158000000000005
6.0,0.8365999999999998
0.0,1.3336000000000006
1.0,1.7004000000000001
5.0,1.0936000000000003
10.0,1.4164000000000003
6.0,4.7514
4.6,2.603
0.0,4.6466
5.0,0.5780000000000003
1.0,0.9363999999999999
6.0,14.717600000000001
5.0,12.726400000000002
2.0,0.5442
3.3,1.3184000000000005
0.0,0.4580000000000002
3.7,0.4580000000000002
3.0,-0.24680000000000035
2.0,0.37180000000000035
4.0,-0.2129999999999992
2.0,0.37180000000000035
4.0,0.04560000000000031
2.0,0.13180000000000014
3.0,0.4580000000000002
1.0,0.40559999999999974
1.0,0.4580000000000002
0.0,0.37180000000000035
0.0,-0.19779999999999998
2.0,0.6676000000000002
0.0,0.8586000000000009
4.0,1.9066000000000005
7.0,2.0638000000000005
0.0,1.487400000000001
3.0,1.2523999999999997
0.0,0.06080000000000041
5.0,-0.02540000000000031
4.5,-0.02540000000000031
3.0,-0.09799999999999986
4.3,0.7165999999999997
0.0,0.6303999999999998
1.0,0.5780000000000003
3.3,0.6642000000000001
6.0,2.1838
3.0,0.7165999999999997
4.0,0.6642000000000001
7.0,0.06080000000000041
2.0,0.5103999999999997
4.0,0.06080000000000041
3.0,0.3380000000000001
0.0,0.14700000000000024
5.0,0.14700000000000024
0.0,0.14700000000000024
5.0,0.14700000000000024
3.0,3.918
3.8,1.751
2.0,1.6985999999999999
4.0,3.8960000000000004
5.0,1.8372000000000002
2.0,1.7848000000000002
2.0,1.391
2.0,0.3193999999999999
6.0,0.47659999999999947
11.0,0.8027999999999995
0.0,0.4580000000000002
11.0,0.7199999999999998
7.0,-0.02540000000000031
3.0,0.6303999999999998
0.0,0.5780000000000003
0.0,0.6490000000000009
2.0,0.49180000000000046
0.0,0.49180000000000046
0.0,-0.11160000000000014
2.0,-0.11160000000000014
0.0,1.2675999999999998
11.0,2.733
7.0,1.2338000000000005
11.0,1.4400000000000004
10.0,1.4400000000000004
7.0,1.1476000000000006
2.0,2.7906000000000004
3.4,1.1814
2.0,0.8889999999999993
3.4,1.9066000000000005
2.6,1.5956000000000001
0.0,0.23320000000000007
4.0,-0.11160000000000014
2.3,-0.11160000000000014
2.0,-0.11160000000000014
1.0,0.2889999999999997
3.0,-0.11160000000000014
11.0,0.5780000000000003
0.0,0.06080000000000041
0.0,9.5486
1.3,0.6642000000000001
14.0,9.729400000000002
6.0,17.4948
0.0,0.8027999999999995
1.8,13.274000000000001
12.0,12.854800000000001
2.9,12.540400000000002
1.7,3.509
0.0,3.3670000000000004
1.0,3.3822
2.0,2.8582
19.0,9.7226
18.0,13.809800000000001
2.0,1.394400000000001
2.0,1.1696
2.1,12.540400000000002
26.0,1.4164000000000003
14.0,0.8468
18.0,1.3251999999999997
3.0,0.1656000000000004
4.0,3.1270000000000002
17.0,3.8606000000000003
3.0,1.3556
7.0,4.437
7.0,9.021200000000002
13.0,7.606400000000001
5.0,3.6764000000000006
15.0,8.793000000000001
2.0,7.3596
8.0,6.8238
7.0,4.166399999999999
4.0,5.2143999999999995
17.0,21.059600000000003
18.0,1.9792
5.0,2.728
10.0,2.4204
17.0,5.4766
4.0,3.5378
5.8,3.957
16.0,0.9702000000000002
9.4,2.2818
19.0,-0.11160000000000014
9.0,-0.11160000000000014
1.0,-0.11160000000000014
7.0,1.0936000000000003
2.0,3.7322
9.0,1.5652
6.8,1.0952000000000002
7.4,3.6578000000000004
3.0,0.14700000000000024
7.0,0.14700000000000024
6.0,1.0952000000000002
8.5,1.0952000000000002
8.4,1.0952000000000002
5.0,-0.11160000000000014
5.0,1.5888
4.0,0.7504
5.0,1.5448000000000004
6.3,3.1844
8.0,1.6310000000000002
8.0,2.6858000000000004
4.0,1.0614000000000008
3.0,2.794
4.5,0.96
4.0,0.25180000000000025
4.3,0.14700000000000024
5.0,0.1841999999999997
2.0,0.7014000000000005
0.0,0.06080000000000041
3.0,1.6124
3.4,1.5026000000000002
0.0,0.06080000000000041
6.0,0.06080000000000041
4.0,1.0952000000000002
2.0,0.06080000000000041
0.0,0.14700000000000024
0.0,0.14700000000000024
5.6,1.0461999999999998
8.0,3.5088
2.0,2.2632
6.0,1.8372000000000002
6.4,1.4400000000000004
1.0,1.6647999999999996
0.0,2.008
1.0,1.7156000000000002
0.0,0.7504
6.1,0.40559999999999974
3.0,0.6524000000000001
3.9,0.25180000000000025
2.0,-0.02540000000000031
3.0,0.7165999999999997
1.0,2.1872
4.0,0.40559999999999974
1.0,-0.02540000000000031
1.6,0.5442
0.0,0.49520000000000053
0.0,-0.19779999999999998
0.0,-0.19779999999999998
0.0,0.49180000000000046
3.5,0.5780000000000003
0.0,-0.2839999999999998
2.0,1.6715999999999998
0.0,0.6642000000000001
3.3,0.6642000000000001
9.0,1.8372000000000002
3.0,1.7848000000000002
3.0,2.4744
0.0,2.2158
3.0,2.2158
4.0,1.3385999999999996
3.6,1.1764000000000001
0.0,0.7723999999999993
0.0,0.23320000000000007
4.0,0.8889999999999993
2.0,0.8027999999999995
3.0,0.4241999999999999
4.0,0.7690000000000001
3.5,1.1425999999999998
2.0,-0.02540000000000031
6.0,1.1509999999999998
7.1,1.5364000000000004
1.0,0.8365999999999998
3.0,0.8365999999999998
7.0,0.5442
0.0,-0.19779999999999998
3.8,-0.11160000000000014
1.0,1.8812000000000002
10.0,2.4136
3.5,1.7848000000000002
4.0,2.1280000000000006
11.0,2.733
1.0,1.6681999999999997
3.0,1.5819999999999999
2.0,1.6124
0.0,1.4130000000000003
3.0,3.2656
0.0,4.9086
3.0,1.0495999999999999
5.0,3.3248
2.0,1.7409999999999997
2.0,0.11320000000000086
2.0,3.0628
3.8,0.2856000000000005
4.0,-0.19779999999999998
4.0,2.8616000000000006
4.0,0.9228000000000005
3.3,0.06419999999999959
4.9,1.1646
1.0,1.697000000000001
2.0,2.8126
6.0,9.205400000000001
7.0,0.6642000000000001
7.7,2.3426
4.7,1.871
8.0,1.8508
4.0,1.9572000000000003
1.0,1.6124
5.0,2.0806
7.9,1.6867999999999999
9.0,1.2675999999999998
6.0,0.8502000000000001
5.0,2.1534
6.0,1.0834000000000001
3.0,0.06080000000000041
5.0,0.9413999999999998
5.0,-0.19779999999999998
5.8,1.0495999999999999
6.2,-0.11160000000000014
2.0,0.1656000000000004
8.8,0.06080000000000041
5.1,-0.11160000000000014
4.0,-0.11160000000000014
0.0,-0.11160000000000014
0.0,1.915
6.5,0.7504
5.0,0.6642000000000001
5.0,1.871
4.0,1.5785999999999998
6.1,2.733
0.0,1.8034
7.0,3.2502
6.0,2.6468
5.3,1.3572000000000006
5.0,1.5364000000000004
7.0,2.4306000000000005
4.0,1.2626
2.0,1.1240000000000006
5.0,5.3802
6.9,2.3292
0.0,5.851800000000001
13.5,1.4164000000000003
7.0,0.6303999999999998
2.0,1.1357999999999997
8.6,0.06080000000000041
2.0,1.1391999999999998
7.0,-0.11160000000000014
0.0,0.7116000000000007
6.4,5.2736
0.0,2.6012
9.0,5.5998
9.6,1.1206000000000005
0.0,2.0434
3.0,2.302
4.0,5.2212
3.0,2.2158
3.0,4.5992
0.0,1.6124
0.0,1.6124
8.0,1.1915999999999993
1.0,0.49520000000000053
1.0,0.23320000000000007
10.1,0.23320000000000007
12.0,0.49180000000000046
10.0,8.924800000000001
9.0,13.221600000000002
8.0,7.3528
2.0,7.079000000000001
6.0,7.27
1.0,14.4488
6.0,10.9076
0.0,9.3204
3.3,9.374400000000001
3.3,13.7946
2.1,2.7382000000000004
6.0,5.5678
2.1,3.5242000000000004
14.0,3.4176
7.0,3.4176
2.0,4.0582
0.0,4.2678
3.0,2.1144000000000003
3.0,2.8733999999999997
5.0,1.3537999999999997
1.0,1.053
5.0,1.5177999999999994
9.0,1.5364000000000004
1.0,1.0749999999999993
4.0,2.3038
1.0,1.7561999999999998
11.0,0.3937999999999997
4.7,0.07939999999999969
6.5,-0.2096
5.7,-0.4378000000000002
8.4,-0.26539999999999964
3.6,-0.2839999999999998
5.0,-0.2839999999999998
13.0,-0.2839999999999998
3.0,0.39039999999999964
3.5,1.8372000000000002
0.0,1.7848000000000002
3.6,0.20279999999999987
11.0,0.2856000000000005
0.0,0.6303999999999998
0.0,0.1656000000000004
9.0,0.06080000000000041
3.0,0.06080000000000041
0.0,-0.19779999999999998
10.2,-0.5763999999999996
1.0,-0.6288
5.2,-0.2129999999999992
5.0,-0.040599999999999525
1.0,0.3937999999999997
5.0,2.5878000000000005
9.0,0.49180000000000046
0.0,0.49180000000000046
6.1,0.1656000000000004
4.5,0.06080000000000041
0.0,0.1352000000000002
0.0,1.8626
0.0,0.8772000000000002
3.0,1.0834000000000001
2.0,0.6642000000000001
6.0,1.871
5.0,1.871
4.0,0.9228000000000005
3.9,1.4062000000000001
2.0,1.7848000000000002
0.0,0.5915999999999997
6.0,0.6490000000000009
2.0,0.018600000000000172
7.0,1.068200000000001
5.2,0.026999999999999247
3.0,-0.02540000000000031
2.0,0.07939999999999969
5.5,3.3552000000000004
3.0,0.4090000000000007
4.3,0.14700000000000024
1.0,0.47659999999999947
3.7,0.5814000000000004
3.6,0.06080000000000041
4.0,1.0378000000000007
4.3,-0.02540000000000031
4.9,2.0824
1.0,3.4176
12.0,2.7364
6.0,3.4464
0.0,3.2368
2.0,3.4396
7.0,6.019
3.0,3.4176
9.0,2.2294
2.7,2.5708
3.0,2.3646000000000003
1.0,1.9860000000000002
8.0,1.6749999999999998
5.0,0.25180000000000025
2.7,0.25180000000000025
2.7,0.14700000000000024
3.0,-0.19779999999999998
1.0,-0.2839999999999998
9.0,0.3937999999999997
0.0,2.0858000000000003
1.3,0.2889999999999997
3.0,0.9228000000000005
0.0,0.06080000000000041
0.0,0.6642000000000001
0.0,1.0276000000000005
11.0,1.5819999999999999
5.0,1.2675999999999998
4.0,1.9234
12.0,0.6861999999999995
2.0,0.3193999999999999
2.0,0.3193999999999999
3.5,0.49180000000000046
0.0,1.3537999999999997
4.0,1.3537999999999997
13.0,1.3537999999999997
4.0,1.1544000000000008
2.0,0.5780000000000003
0.0,0.06080000000000041
2.0,3.6138
4.3,0.37180000000000035
9.0,-0.11160000000000014
0.0,-0.11160000000000014
4.0,0.6642000000000001
1.0,-0.19779999999999998
7.0,-0.19779999999999998
7.0,0.1994000000000007
4.2,0.14700000000000024
2.1,0.14700000000000024
0.0,1.3385999999999996
7.0,-0.2839999999999998
2.0,1.2862
7.0,-0.02540000000000031
4.0,1.1324000000000005
3.0,0.9228000000000005
5.0,1.9218000000000002
3.8,1.6310000000000002
0.0,0.9228000000000005
5.0,0.8365999999999998
10.0,0.49180000000000046
4.2,0.6676000000000002
2.0,0.975200000000001
6.0,1.1662
6.6,1.0495999999999999
0.0,-0.02540000000000031
3.0,0.7876000000000003
7.0,0.8214000000000006
3.0,0.6490000000000009
1.0,0.49180000000000046
5.5,1.0090000000000003
2.8,0.9228000000000005
5.0,-0.11160000000000014
0.0,0.8552
1.0,1.2710000000000008
1.0,2.177
8.0,2.9578
9.0,1.0952000000000002
5.0,1.0952000000000002
5.0,1.6647999999999996
0.0,1.871
12.0,1.5785999999999998
3.0,1.5262000000000002
1.8,1.5262000000000002
6.1,1.5262000000000002
0.0,1.1882000000000001
7.0,0.6642000000000001
5.0,0.6642000000000001
1.0,0.06080000000000041
0.0,0.14700000000000024
0.0,0.14700000000000024
4.3,0.8027999999999995
0.0,0.96
0.0,-0.02540000000000031
9.0,-0.11160000000000014
0.0,-0.11160000000000014
0.0,-0.11160000000000014
1.0,-0.11160000000000014
0.9,1.0090000000000003
5.0,0.5103999999999997
7.0,3.1302
6.0,1.6564000000000005
6.0,1.1476000000000006
3.0,1.871
6.0,1.5364000000000004
7.0,0.9076000000000004
7.0,1.5109999999999992
0.0,1.4096000000000002
7.0,1.08
3.0,1.5516000000000005
7.0,1.9708000000000006
2.0,1.0191999999999997
3.0,1.2474000000000007
3.0,1.9556
6.1,0.96
1.0,1.1240000000000006
0.0,0.23320000000000007
0.0,-0.02540000000000031
0.0,0.7385999999999999
3.6,0.6151999999999997
0.0,2.1212000000000004
10.0,-0.19779999999999998
5.0,1.3081999999999994
1.0,2.302
4.0,1.9640000000000004
4.0,1.3723999999999998
7.0,2.0502000000000002
6.0,1.7612000000000005
4.2,1.9184000000000005
6.0,1.0564
6.0,1.9100000000000001
9.0,1.7528000000000001
3.0,4.6196
2.0,1.0495999999999999
4.4,1.161200000000001
2.0,1.8203999999999998
0.0,1.0495999999999999
10.5,-0.11160000000000014
2.0,-0.19779999999999998
5.0,1.1696
0.0,0.7385999999999999
6.0,0.8062000000000005
3.0,0.5780000000000003
4.0,1.8372000000000002
7.0,1.5481999999999996
12.0,1.6124
3.0,1.6647999999999996
9.0,1.8406000000000002
7.0,1.3723999999999998
1.0,1.1240000000000006
4.0,1.3537999999999997
1.0,1.5109999999999992
4.2,1.9825999999999997
4.1,1.6681999999999997
0.0,1.3537999999999997
11.0,1.3537999999999997
8.0,0.9228000000000005
7.0,-0.02540000000000031
4.1,0.7538
0.0,0.8365999999999998
8.0,0.8889999999999993
4.0,0.7352000000000007
0.0,1.1476000000000006
0.0,1.0952000000000002
5.0,1.0952000000000002
5.1,1.0952000000000002
0.0,2.515
0.0,1.8406000000000002
1.0,1.5262000000000002
2.0,2.0502000000000002
0.0,1.2812000000000001
10.0,0.9228000000000005
5.0,0.6642000000000001
4.2,4.205400000000001
4.0,0.9144000000000005
8.0,9.107400000000002
10.4,0.4985999999999997
5.6,0.030400000000000205
10.0,3.0628
5.0,3.7964
5.0,0.15039999999999942
4.0,2.5472000000000006
6.7,3.7524000000000006
6.0,1.1646
1.0,1.4604
10.0,6.053
5.0,6.598800000000001
7.0,4.083600000000001
3.7,4.895
3.7,2.6908000000000003
13.0,2.5184
8.0,2.657
3.1,2.919
10.0,2.3190000000000004
2.0,2.0536
1.0,1.068200000000001
0.0,1.3826
1.0,1.484
11.0,1.9066000000000005
3.0,2.008
3.1,1.394400000000001
2.0,1.6564000000000005
9.0,1.0276000000000005
0.0,0.8889999999999993
0.0,0.8365999999999998
3.0,0.8365999999999998
26.0,1.1662
9.0,2.8768000000000002
3.1,-0.2839999999999998
8.0,1.2710000000000008
13.0,4.2306
15.0,1.7172
2.0,1.6107999999999993
5.0,3.2232
0.0,2.6468
12.0,2.8598
6.7,2.6468
0.0,2.1296
1.0,1.5819999999999999
7.0,1.4771999999999998
19.0,1.4198000000000004
5.0,7.5506
6.5,7.1838
5.0,3.3468
15.0,0.5510000000000002
5.0,12.341000000000001
23.0,0.2737999999999996
11.0,12.9174
8.0,15.709800000000001
23.0,2.8042
2.0,6.0496
0.0,0.2856000000000005
0.0,1.2287999999999997
11.0,0.23320000000000007
6.5,0.23320000000000007
5.0,2.0434
18.1,2.4744
1.0,2.733
2.0,1.7696
12.4,6.4602
1.0,1.5633999999999997
1.0,1.3572000000000006
5.0,1.1476000000000006
17.0,1.1206000000000005
2.0,0.5780000000000003
5.0,0.23320000000000007
22.0,5.84
0.0,2.4526000000000003
17.0,9.017800000000001
12.0,8.913
11.0,9.639800000000001
2.7,0.06080000000000041
2.0,8.8876
9.0,9.7852
9.0,10.2568
2.0,9.8376
22.0,10.025200000000002
5.8,10.8568
5.2,2.2598000000000003
7.7,9.8628
23.0,2.1872
6.1,5.7114
27.0,3.4802
26.0,5.905800000000001
0.0,3.1032
4.6,7.3578
1.0,1.2626
5.0,1.0936000000000003
26.0,1.0040000000000004
6.6,0.11320000000000086
16.0,0.06080000000000041
6.2,0.3193999999999999
27.0,7.116200000000001
27.0,5.7014000000000005
5.0,6.697000000000001
3.0,10.3126
3.0,1.5094000000000003
12.0,1.6142000000000003
10.0,2.101
5.3,1.8272
10.0,-0.11160000000000014
8.0,3.0812
5.0,2.3748
5.4,1.9944000000000002
4.3,2.2176
6.0,2.1466
14.0,0.8365999999999998
4.0,1.5109999999999992
12.0,1.7190000000000003
16.0,2.1296
3.0,1.1509999999999998
4.0,0.6642000000000001
5.0,4.002600000000001
4.0,0.6861999999999995
7.4,0.3193999999999999
6.7,1.2287999999999997
3.0,0.9228000000000005
34.4,1.6867999999999999
3.0,1.8406000000000002
8.0,1.5262000000000002
4.0,1.5262000000000002
7.0,2.8464
0.0,2.7602
1.0,1.7172
2.0,2.2412
10.0,1.9640000000000004
10.0,2.2006
8.0,1.9234
0.0,2.302
5.4,2.302
2.0,1.3200000000000003
3.0,0.9110000000000005
1.0,0.49180000000000046
3.0,1.5633999999999997
4.9,0.44619999999999926
10.0,0.40559999999999974
3.0,0.2704000000000004
5.4,0.6828000000000003
5.4,0.39039999999999964
3.0,0.7572000000000001
5.4,0.7758000000000003
0.0,0.7233999999999998
2.0,0.6303999999999998
1.0,0.7048000000000005
4.6,-0.2839999999999998
3.0,0.7572000000000001
3.0,0.23320000000000007
0.0,0.23320000000000007
5.0,0.23320000000000007
3.7,2.204
7.0,1.8998000000000004
4.2,1.3385999999999996
4.3,1.9825999999999997
0.0,1.4585999999999997
8.5,2.3392
0.0,1.4062000000000001
4.0,1.1476000000000006
5.0,1.8253999999999997
0.0,1.9032
5.0,1.08
3.0,3.5952000000000006
8.0,1.9184000000000005
4.4,1.1324000000000005
6.0,0.14700000000000024
4.0,0.9059999999999997
5.2,-0.4039999999999999
0.0,-0.37019999999999964
2.0,-0.2129999999999992
4.0,1.0598
0.0,-0.45640000000000036
0.0,-0.37019999999999964
6.0,0.5510000000000002
2.0,1.6936
8.0,0.7504
0.0,2.1432
7.0,1.4062000000000001
5.2,1.3537999999999997
5.1,1.2000000000000002
1.0,0.06080000000000041
4.0,0.6303999999999998
1.3,0.7723999999999993
7.0,0.8889999999999993
0.0,1.3302000000000005
6.0,1.1544000000000008
3.0,0.5780000000000003
13.0,1.3723999999999998
7.0,0.5814000000000004
7.0,0.3193999999999999
4.0,1.2862
3.0,1.1814
7.0,0.8772000000000002
6.0,1.1662
6.3,1.6310000000000002
1.0,1.8034
7.0,-0.02540000000000031
5.0,2.4254000000000002
14.0,0.6642000000000001
8.0,2.4136
2.0,2.302
11.0,1.9944000000000002
1.0,1.7848000000000002
4.0,2.9952000000000005
4.0,1.7088
0.0,0.8806000000000003
4.0,1.5144000000000002
20.0,1.0952000000000002
6.0,1.2523999999999997
6.7,0.8062000000000005
8.0,0.49180000000000046
2.0,0.49180000000000046
6.0,0.16900000000000048
4.3,0.6896000000000004
0.0,0.8806000000000003
0.0,1.2254000000000005
14.0,1.9336000000000002
1.0,1.0952000000000002
12.0,2.373
3.0,1.1814
11.0,2.755
0.0,1.6124
5.0,2.6874000000000002
6.0,4.0296
3.5,1.0952000000000002
4.0,1.1814
4.4,0.96
3.0,0.14700000000000024
6.0,0.7385999999999999
6.5,1.0716
4.0,1.1950000000000003
0.0,0.14700000000000024
5.8,0.4090000000000007
0.0,0.7014000000000005
13.0,0.25180000000000025
3.5,0.9413999999999998
0.0,0.5966000000000005
3.3,0.35660000000000025
1.0,0.4241999999999999
0.0,0.11320000000000086
1.0,-0.28059999999999974
12.0,0.6337999999999999
2.0,0.3193999999999999
7.0,4.011
6.1,1.9758
9.0,2.3798
5.0,2.8142
3.0,0.40559999999999974
3.0,4.7783999999999995
6.3,2.9444
3.0,1.5109999999999992
6.0,2.4272
1.0,2.199
7.0,0.9413999999999998
1.0,1.5026000000000002
5.3,0.3193999999999999
6.0,0.3193999999999999
2.0,0.3193999999999999
4.9,-0.22820000000000018
5.5,-0.37019999999999964
1.0,0.5476000000000001
1.0,-0.2839999999999998
1.0,0.7165999999999997
1.0,-0.11160000000000014
0.0,2.5100000000000002
5.0,1.7426000000000004
5.0,1.0090000000000003
5.2,1.6985999999999999
7.0,2.7500000000000004
1.0,2.8328
2.0,1.871
6.6,2.0536
4.0,1.2675999999999998
6.2,1.2675999999999998
5.0,0.5103999999999997
1.0,0.8889999999999993
6.0,0.8365999999999998
1.0,-0.24680000000000035
5.0,0.6151999999999997
0.0,-0.19779999999999998
0.0,0.6642000000000001
4.1,0.6642000000000001
2.5,0.7504
3.3,0.14700000000000024
0.0,0.7504
0.6,0.7504
0.0,-0.19779999999999998
0.0,1.6124
3.0,2.0434
7.0,1.8372000000000002
3.2,1.6124
3.0,2.7500000000000004
1.0,1.4400000000000004
2.0,2.2142000000000004
3.2,0.40559999999999974
11.0,2.1500000000000004
8.0,0.6303999999999998
3.0,0.5780000000000003
4.0,0.9634
2.5,0.49180000000000046
7.0,0.3193999999999999
8.0,0.3193999999999999
4.0,-0.19779999999999998
1.0,-0.19779999999999998
4.9,-0.37019999999999964
0.0,-0.02540000000000031
4.0,-0.02540000000000031
0.0,-0.5426000000000002
10.0,-0.5426000000000002
0.0,0.6018000000000008
5.9,-0.2839999999999998
6.1,-0.11160000000000014
0.0,-0.02540000000000031
5.4,0.4241999999999999
4.0,0.06080000000000041
5.4,0.06080000000000041
2.0,0.5324000000000009
0.0,-0.37019999999999964
5.5,0.8992000000000004
2.0,-0.45640000000000036
4.0,0.37180000000000035
0.0,0.13180000000000014
2.0,-0.02540000000000031
5.0,-0.5426000000000002
0.0,0.14700000000000024
2.7,0.21799999999999997
3.1,1.7258000000000004
3.0,1.5313999999999997
1.0,-0.19779999999999998
1.2,-0.5426000000000002
0.0,-0.5426000000000002
4.0,-0.45640000000000036
3.2,-0.45640000000000036
10.0,-0.02540000000000031
1.0,0.40559999999999974
6.0,0.40559999999999974
2.0,1.5785999999999998
0.0,1.3200000000000003
6.0,1.2675999999999998
13.0,1.0614000000000008
3.0,0.9076000000000004
4.1,1.3640000000000008
1.0,0.5780000000000003
0.0,0.7504
3.9,-0.37019999999999964
3.7,-0.45640000000000036
0.0,-0.45640000000000036
3.0,-0.45640000000000036
4.0,0.9583999999999993
2.0,-0.45640000000000036
4.9,-0.5426000000000002
0.0,-0.3178000000000001
4.0,0.11320000000000086
4.0,0.4580000000000002
3.0,-0.11160000000000014
0.8,-0.11160000000000014
2.0,1.6124
6.0,1.5448000000000004
12.0,1.8034
5.0,3.3112
5.0,2.9174
6.0,1.2896
3.0,0.7690000000000001
5.0,0.4580000000000002
0.0,1.8609999999999998
3.7,2.1078
4.0,0.44619999999999926
0.0,0.23659999999999926
0.0,-0.02540000000000031
7.0,1.146
3.0,-0.37019999999999964
0.0,-0.45640000000000036
0.0,0.06080000000000041
0.0,-0.2839999999999998
11.0,-0.4192
0.0,-0.37019999999999964
12.0,-0.37019999999999964
5.9,-0.11160000000000014
12.0,-0.11160000000000014
4.0,1.4585999999999997
7.0,3.2098000000000004
5.0,0.9938000000000002
12.0,1.7950000000000004
7.4,2.0756000000000006
1.0,0.06080000000000041
4.9,-0.11160000000000014
0.0,1.8170000000000002
8.0,0.6642000000000001
1.0,3.9164
5.0,0.4985999999999997
7.0,0.9413999999999998
7.4,1.3336000000000006
2.0,-0.02540000000000031
5.0,1.1476000000000006
8.1,0.9854000000000003
3.0,1.1020000000000003
0.0,1.5109999999999992
6.0,1.7544000000000004
7.0,2.1432
12.0,3.4228
6.0,0.7504
8.6,1.5262000000000002
7.0,1.5262000000000002
7.0,2.3493999999999997
7.2,2.1432
9.0,0.9076000000000004
4.0,0.8738000000000001
7.0,1.0952000000000002
4.0,1.0952000000000002
4.0,1.6024000000000003
2.0,0.14700000000000024
10.0,1.0107999999999997
2.0,2.3596000000000004
7.0,0.5780000000000003
8.0,0.8992000000000004
1.0,0.06080000000000041
2.0,-0.11160000000000014
1.0,0.23320000000000007
0.0,0.23320000000000007
2.0,0.9938000000000002
2.0,0.011800000000000033
0.0,-0.2839999999999998
4.0,3.2148000000000003
1.0,0.5780000000000003
1.9,1.702
11.0,1.4400000000000004
6.0,0.7165999999999997
12.0,0.9972000000000003
3.0,0.40559999999999974
6.0,1.3200000000000003
0.0,0.6303999999999998
8.0,0.3193999999999999
0.0,0.3193999999999999
0.0,-0.3448000000000002
4.0,0.3193999999999999
13.0,0.11160000000000014
0.0,-0.19779999999999998
2.4,-0.19779999999999998
0.0,1.5060000000000002
0.0,1.7679999999999998
0.0,-0.3330000000000002
1.2,1.9066000000000005
1.0,-0.11160000000000014
2.0,-0.17580000000000062
6.0,-0.5053999999999998
7.0,-0.19779999999999998
2.9,-0.19779999999999998
5.0,-0.19779999999999998
7.0,1.5262000000000002
7.0,1.6124
4.5,1.6124
1.0,1.6124
12.0,0.5103999999999997
2.8,1.2675999999999998
3.0,-0.02540000000000031
0.0,-0.02540000000000031
0.0,-0.02540000000000031
9.0,-0.11160000000000014
7.0,0.11320000000000086
4.0,0.06080000000000041
2.0,-0.11160000000000014
0.0,1.0158000000000005
0.0,-0.6288
11.0,0.1841999999999997
13.0,-0.02540000000000031
0.0,0.07939999999999969
1.0,-0.7149999999999999
6.0,0.25180000000000025
0.0,1.5736000000000008
0.0,0.7876000000000003
4.0,1.0495999999999999
4.9,1.5854
4.0,0.975200000000001
6.0,1.8372000000000002
2.0,1.5109999999999992
8.0,1.9234
7.0,1.1814
3.0,1.8576000000000001
3.8,1.4585999999999997
5.0,0.23320000000000007
5.0,1.4417999999999997
4.4,1.2170000000000005
6.2,1.3928000000000003
2.0,0.06080000000000041
2.0,0.8924000000000003
4.1,1.0040000000000004
2.0,1.2474000000000007
7.0,0.34140000000000015
5.4,0.2856000000000005
3.0,1.4164000000000003
6.0,1.5922
6.0,0.49180000000000046
0.0,0.49180000000000046
5.0,0.9448000000000008
5.5,1.7240000000000002
7.5,2.1584
9.0,1.5262000000000002
5.0,2.2344
3.0,2.7026
6.0,2.0604
16.0,3.0136
1.0,1.1476000000000006
3.0,0.9413999999999998
1.0,0.9076000000000004
4.0,0.8552
1.0,0.40559999999999974
2.0,0.7690000000000001
3.0,0.8214000000000006
5.0,0.23320000000000007
4.0,0.14700000000000024
5.0,0.7165999999999997
0.0,0.4241999999999999
2.0,0.23320000000000007
5.0,0.23320000000000007
0.0,0.7352000000000007
6.0,0.6642000000000001
3.4,0.6372
0.0,-0.1048
0.0,0.6303999999999998
2.0,0.06080000000000041
6.0,0.3193999999999999
3.5,1.6647999999999996
0.0,0.8214000000000006
8.5,1.1950000000000003
4.0,0.7690000000000001
2.0,0.6642000000000001
8.0,0.8957999999999995
6.0,0.8620000000000001
0.0,0.030400000000000205
5.0,-0.2839999999999998
6.0,0.23659999999999926
1.0,-0.02540000000000031
3.0,-0.02540000000000031
3.0,-0.02540000000000031
6.0,0.4800000000000004
5.7,0.39039999999999964
5.8,-0.11160000000000014
5.5,1.0614000000000008
1.0,1.0090000000000003
0.0,1.0090000000000003
0.0,0.8433999999999999
0.0,0.7385999999999999
7.0,1.7764000000000002
11.0,2.0620000000000003
6.0,1.8896000000000002
7.0,1.7848000000000002
3.8,2.133
3.0,1.6647999999999996
2.0,1.6124
6.0,0.3193999999999999
5.0,1.1324000000000005
0.0,0.9228000000000005
4.0,0.9228000000000005
2.0,1.6479999999999997
4.0,0.6676000000000002
0.0,1.1425999999999998
8.0,0.14700000000000024
1.0,0.14700000000000024
4.0,0.8027999999999995
5.0,0.8552
5.0,-0.11160000000000014
6.0,-0.11160000000000014
2.0,0.5476000000000001
3.0,0.5289999999999999
0.0,0.6303999999999998
8.0,1.6598000000000006
4.0,1.5177999999999994
7.0,1.173
7.0,1.2338000000000005
4.0,1.2219999999999995
7.0,1.3268000000000004
2.0,1.0090000000000003
9.0,1.6479999999999997
6.0,0.14700000000000024
7.0,0.06080000000000041
4.0,0.06080000000000041
1.0,0.5442
4.0,0.49180000000000046
5.0,0.49180000000000046
3.0,0.49180000000000046
5.0,0.49180000000000046
1.0,0.7504
2.0,0.9177999999999997
3.0,0.39039999999999964
3.0,0.23320000000000007
1.0,0.8365999999999998
4.0,-0.19779999999999998
2.0,-0.19779999999999998
4.0,1.5432000000000006
10.0,0.49180000000000046
8.0,0.9228000000000005
5.2,1.6647999999999996
9.0,1.6124
2.0,1.3723999999999998
2.0,1.6867999999999999
4.7,1.2675999999999998
5.8,2.2210000000000005
15.0,0.975200000000001
4.0,0.9228000000000005
3.0,-0.02540000000000031
3.0,-0.02540000000000031
1.8,0.4241999999999999
0.0,1.9996000000000005
1.0,-0.11160000000000014
4.9,-0.02540000000000031
0.0,-0.02540000000000031
3.6,-0.02540000000000031
7.0,-0.11160000000000014
2.0,0.026999999999999247
0.0,0.975200000000001
0.0,1.1814
9.0,2.3882
3.0,2.3882
4.0,1.6124
3.0,1.4619999999999997
6.0,1.3758
3.1,1.7848000000000002
3.3,1.9572000000000003
0.0,1.9572000000000003
3.2,1.1814
2.0,1.1814
1.8,1.0090000000000003
4.0,-0.37019999999999964
0.0,0.14700000000000024
5.0,0.14700000000000024
3.0,-0.02540000000000031
3.0,0.23320000000000007
1.0,0.14700000000000024
4.5,0.14700000000000024
4.0,0.40559999999999974
2.0,0.06080000000000041
3.0,-0.11160000000000014
2.0,0.9076000000000004
2.0,1.0648
0.0,0.23320000000000007
4.0,0.06080000000000041
10.0,0.40559999999999974
4.4,1.7679999999999998
2.5,2.1296
1.0,2.0012
3.0,1.9301999999999997
0.0,1.871
0.0,1.6985999999999999
0.0,1.4924
6.0,1.1578
2.0,0.4241999999999999
5.2,0.1994000000000007
2.6,0.06080000000000041
3.2,0.49180000000000046
0.0,0.5999999999999996
0.0,0.1994000000000007
5.0,0.06080000000000041
4.0,0.06080000000000041
0.0,0.8027999999999995
0.0,-0.11160000000000014
5.0,-0.11160000000000014
0.0,0.4090000000000007
4.0,-0.19779999999999998
3.0,-0.11160000000000014
5.0,1.4400000000000004
2.0,0.49180000000000046
2.2,0.49180000000000046
0.3,2.0434
0.0,2.0434
2.4,1.7544000000000004
3.0,1.6985999999999999
0.0,2.968
4.0,3.0086
0.0,1.0090000000000003
5.0,1.0090000000000003
0.0,0.6642000000000001
3.0,0.7504
0.0,-0.006800000000000139
0.0,0.06080000000000041
4.0,-0.09299999999999997
4.0,-0.19779999999999998
3.0,0.7504
2.0,0.7504
4.0,-0.02540000000000031
2.0,-0.02540000000000031
7.0,0.1656000000000004
0.0,0.8552
2.0,0.8552
2.0,0.3193999999999999
3.0,0.8365999999999998
8.0,2.3544
3.0,2.0620000000000003
0.0,2.0096000000000003
2.9,1.9082
1.0,1.1053999999999995
6.0,17.6198
1.0,1.0040000000000004
9.0,1.5633999999999997
4.5,0.5882000000000005
1.0,0.5358
3.2,1.4653999999999998
2.0,1.0632000000000001
3.0,1.7273999999999994
3.4,0.7420000000000009
4.0,0.3448000000000002
1.0,0.8282000000000007
0.0,1.2998000000000003
4.0,0.6372
6.0,0.07939999999999969
2.0,1.7273999999999994
10.0,1.2034000000000002
6.0,2.8074
5.6,1.8896000000000002
10.0,1.7950000000000004
3.0,3.1574000000000004
3.0,1.0158000000000005
11.0,1.8034
5.4,2.1296
4.4,0.9110000000000005
5.1,1.173
2.0,0.8586000000000009
1.0,1.0158000000000005
5.6,0.49180000000000046
5.0,1.5888
5.0,0.6033999999999997
14.0,0.32280000000000086
8.0,0.23659999999999926
9.0,0.8468
3.0,2.7856000000000005
18.0,2.6842
9.0,10.4394
18.0,9.372800000000002
14.0,10.368400000000001
13.0,10.491800000000001
17.0,5.5678
9.0,2.4998
11.0,2.6756
4.0,5.767200000000001
6.0,6.5532
1.0,4.589
7.0,11.6918
14.3,11.7442
15.0,2.4694000000000003
7.0,2.6266000000000003
8.0,1.5888
5.0,2.2666000000000004
16.8,1.0090000000000003
3.0,4.819
15.0,0.11320000000000086
6.8,2.2210000000000005
8.0,3.7998
16.0,1.9100000000000001
4.0,2.8616000000000006
6.0,3.1236000000000006
10.1,4.276400000000001
12.0,3.0374
10.8,7.4914
0.0,3.6088
3.0,4.2748
8.0,2.0216000000000003
9.0,2.0908
6.0,2.5624000000000002
13.0,2.3376000000000006
0.6,6.189800000000001
10.0,4.198600000000001
5.0,3.8132
4.0,3.394
4.1,1.9301999999999997
5.0,2.0012
3.0,2.3190000000000004
11.0,1.6378000000000004
5.0,0.3041999999999998
7.0,1.6666000000000007
4.0,1.6852
7.0,0.5324000000000009
9.0,1.2812000000000001
11.7,-0.11160000000000014
11.1,1.2254000000000005
12.4,2.8988
8.0,1.3032000000000004
9.0,2.6368
0.0,2.1652
4.0,3.0526000000000004
11.0,3.3822
12.7,2.1466
0.0,0.8365999999999998
2.0,0.8365999999999998
7.0,1.4924
1.0,1.5854
12.0,1.8896000000000002
0.0,1.6124
0.0,1.5448000000000004
6.5,1.4400000000000004
8.5,2.248
2.0,3.8014
3.0,1.1814
4.0,1.161200000000001
12.0,0.44619999999999926
10.0,0.5695999999999994
7.5,2.2464
1.0,0.6219999999999999
1.0,0.6744000000000003
8.0,0.9177999999999997
6.0,0.6219999999999999
2.0,2.3562
7.0,1.0074000000000005
8.0,1.8660000000000005
0.0,3.039
0.0,2.5674
8.0,1.5448000000000004
6.5,2.1668000000000003
2.0,1.7848000000000002
4.0,1.6715999999999998
0.0,1.4604
3.0,2.4474
4.0,1.8253999999999997
0.0,1.3537999999999997
3.4,0.5780000000000003
0.0,1.0868000000000002
1.0,0.14700000000000024
3.0,0.8806000000000003
4.6,0.1841999999999997
2.0,-0.02540000000000031
0.0,0.026999999999999247
3.0,1.2557999999999998
4.0,0.8129999999999997
2.0,1.4992
6.1,0.5171999999999999
0.0,0.4833999999999996
5.0,-0.19779999999999998
0.0,-0.37019999999999964
6.8,1.5481999999999996
6.0,2.0282
8.0,1.9572000000000003
7.0,1.7172
7.0,1.6124
1.0,1.1578
6.0,1.9082
6.5,1.4350000000000005
5.1,0.49180000000000046
3.0,1.6124
6.0,1.0952000000000002
0.0,1.7950000000000004
6.0,0.6033999999999997
2.0,0.6186000000000007
9.0,0.14700000000000024
0.0,0.23320000000000007
2.0,1.1324000000000005
5.1,0.23320000000000007
5.0,0.8889999999999993
7.0,6.8626
22.0,3.2520000000000002
9.3,1.7848000000000002
0.0,-0.11160000000000014
2.0,0.8214000000000006
7.0,1.9606
6.0,1.8253999999999997
5.0,2.4744
1.0,1.4282000000000004
2.0,1.3081999999999994
13.0,1.1391999999999998
11.0,1.5785999999999998
20.0,2.0654
13.0,1.6530000000000005
14.0,0.975200000000001
5.3,0.5848000000000004
7.2,5.720000000000001
15.0,6.058000000000001
1.0,11.813600000000001
2.0,12.023200000000001
7.4,10.0134
24.0,6.4502
2.0,0.5324000000000009
28.0,9.388000000000002
4.0,0.9177999999999997
8.0,0.8129999999999997
0.0,4.1328
3.0,6.668200000000001
5.3,4.5434
0.0,1.871
9.0,1.5262000000000002
15.0,0.6676000000000002
4.5,3.6002
13.0,2.2158
3.9,3.7422
3.1,1.7915999999999999
13.0,2.106
5.0,0.7504
0.0,2.794
21.0,8.5918
24.0,1.4198000000000004
2.0,7.963
6.4,8.754000000000001
16.0,1.0902000000000003
1.0,7.6418
15.0,10.0016
15.0,10.245000000000001
21.0,8.149000000000001
18.0,10.0354
10.0,3.247
23.0,3.8234
17.0,12.155000000000001
12.0,7.0722000000000005
17.3,3.0374
5.0,4.6888000000000005
9.0,2.4068
19.0,2.4778000000000002
15.0,1.1357999999999997
17.2,1.1357999999999997
17.5,1.2862
0.0,1.3537999999999997
0.0,2.0046000000000004
3.0,3.3552000000000004
5.0,4.7024
5.0,0.7352000000000007
6.2,2.7484
2.0,0.23320000000000007
2.0,0.9261999999999997
17.0,0.14700000000000024
6.7,0.06080000000000041
6.0,0.06080000000000041
11.0,-0.02540000000000031
3.0,1.2675999999999998
14.0,1.0276000000000005
7.0,0.9938000000000002
3.3,1.8558
3.0,1.7088
5.0,0.9228000000000005
3.4,2.5116
8.0,2.302
7.0,1.4247999999999994
7.0,1.1138000000000003
1.7,1.391
2.7,1.1814
3.9,0.7504
4.8,0.37180000000000035
5.0,2.3444
3.5,1.0985999999999994
3.0,1.1138000000000003
8.0,1.6107999999999993
3.5,0.06080000000000041
5.0,0.2704000000000004
9.0,0.06080000000000041
4.9,2.6926000000000005
1.0,1.2355999999999998
4.0,1.5736000000000008
4.0,-0.02540000000000031
2.0,1.5094000000000003
12.0,1.5549999999999997
10.0,2.2210000000000005
4.0,5.0472
9.0,1.7848000000000002
4.0,5.7098
7.3,2.0096000000000003
5.0,2.0434
6.0,2.1296
6.0,1.391
1.0,7.0908
4.8,8.913
2.0,0.8365999999999998
4.0,0.8889999999999993
3.0,1.4653999999999998
5.6,1.4130000000000003
5.0,1.6749999999999998
4.0,2.1432
4.0,0.6642000000000001
5.1,0.1656000000000004
2.0,0.11320000000000086
0.0,0.2856000000000005
1.0,0.23320000000000007
3.0,-0.37019999999999964
0.0,-0.37019999999999964
4.2,-0.37019999999999964
9.0,-0.37019999999999964
13.0,4.834200000000001
3.7,1.6647999999999996
3.0,4.4826
0.0,5.0404
7.0,1.4282000000000004
2.0,4.4978
11.0,1.2675999999999998
3.0,2.3122000000000003
8.0,1.5262000000000002
3.0,1.0461999999999998
5.2,0.8365999999999998
5.6,1.8018000000000005
3.0,0.49180000000000046
0.0,1.068200000000001
4.0,0.07939999999999969
0.0,-0.02540000000000031
2.0,0.5966000000000005
4.9,0.23320000000000007
4.1,0.23320000000000007
0.0,0.23320000000000007
2.0,-0.11160000000000014
2.0,0.10139999999999993
0.0,-0.37019999999999964
4.0,4.742999999999999
9.0,0.40559999999999974
0.0,0.40559999999999974
3.0,1.4771999999999998
0.0,0.6642000000000001
0.0,0.9228000000000005
3.0,3.5428000000000006
3.0,1.4062000000000001
1.0,0.6642000000000001
2.0,0.6303999999999998
2.0,-0.14540000000000042
0.0,-0.19779999999999998
3.2,-0.19779999999999998
4.0,0.40559999999999974
0.0,-0.02540000000000031
0.0,0.3193999999999999
2.7,0.4800000000000004
0.0,-0.19779999999999998
2.2,0.2704000000000004
6.0,0.06080000000000041
2.0,-0.02540000000000031
0.0,0.40559999999999974
0.0,0.40559999999999974
12.0,-0.26539999999999964
3.0,0.6642000000000001
0.0,0.6642000000000001
1.0,1.4400000000000004
3.0,2.1144000000000003
6.0,1.9572000000000003
0.0,0.9228000000000005
2.8,0.6642000000000001
5.0,0.7504
1.4,1.9944000000000002
2.0,1.7679999999999998
1.0,0.7199999999999998
7.0,0.7690000000000001
0.0,0.7165999999999997
2.0,0.3380000000000001
2.1,0.3380000000000001
3.0,0.23320000000000007
1.0,0.4580000000000002
0.0,1.0090000000000003
2.7,0.14700000000000024
0.0,1.2439999999999998
5.0,0.06080000000000041
4.0,0.5814000000000004
6.0,0.3193999999999999
2.0,0.975200000000001
4.0,1.6124
5.0,2.1296
3.0,2.1296
0.0,1.6985999999999999
0.0,2.6468
2.0,2.3882
7.0,2.3882
2.0,1.3200000000000003
1.0,1.2675999999999998
3.2,1.2675999999999998
2.0,1.3860000000000001
3.0,0.23320000000000007
2.0,0.5966000000000005
4.0,0.23320000000000007
6.0,0.23320000000000007
4.0,0.37180000000000035
0.0,0.23320000000000007
1.0,0.06080000000000041
2.0,0.06080000000000041
7.5,-0.02540000000000031
4.0,-0.11160000000000014
2.0,0.1994000000000007
5.0,-0.19779999999999998
4.1,-0.11160000000000014
2.0,1.1476000000000006
4.0,1.0952000000000002
10.0,1.0952000000000002
4.0,0.7504
4.0,2.9038
4.0,2.2682
1.0,2.3646000000000003
3.9,2.1296
0.0,2.4086
1.0,1.9606
5.0,1.6985999999999999
5.0,1.6378000000000004
0.0,1.8321999999999998
4.0,0.8738000000000001
2.0,1.0276000000000005
0.0,0.8433999999999999
9.0,1.4924
2.0,1.4924
1.0,0.6676000000000002
3.0,0.7199999999999998
1.0,1.8777999999999997
4.0,0.6067999999999998
1.0,1.0952000000000002
2.0,-0.11160000000000014
0.0,2.2158
1.0,2.133
4.0,1.871
6.0,1.2896
12.0,0.23320000000000007
0.0,0.23320000000000007
3.0,0.23320000000000007
7.0,2.2108
2.7,1.6343999999999994
0.0,1.2675999999999998
6.9,1.0191999999999997
5.1,0.06080000000000041
1.0,0.06080000000000041
7.1,-0.02540000000000031
4.0,-0.11160000000000014
5.0,0.06080000000000041
3.4,-0.02540000000000031
4.2,0.39039999999999964
7.0,-0.006800000000000139
4.8,0.21799999999999997
2.0,0.09799999999999986
1.0,0.23320000000000007
0.0,0.25180000000000025
3.6,1.2000000000000002
0.0,1.8372000000000002
11.0,2.302
8.0,2.2716000000000003
3.0,2.515
11.0,2.182
4.0,2.0434
7.0,1.8439999999999999
2.0,1.5785999999999998
3.0,1.8102
0.0,1.751
5.0,0.06080000000000041
0.1,0.06080000000000041
3.6,-0.02540000000000031
0.0,1.9572000000000003
6.0,1.2102000000000004
0.0,1.5330000000000004
1.0,1.0090000000000003
5.0,0.6861999999999995
1.0,1.6310000000000002
0.0,1.4400000000000004
3.6,0.14700000000000024
6.1,-0.02540000000000031
3.6,-0.02540000000000031
6.0,1.5785999999999998
0.0,2.733
4.0,1.4653999999999998
7.0,0.8365999999999998
0.0,2.0434
17.0,1.7392000000000003
3.7,1.7358000000000002
2.0,1.5144000000000002
3.1,1.7544000000000004
5.0,1.6598000000000006
11.0,0.6642000000000001
4.8,1.3200000000000003
7.0,0.7233999999999998
3.0,-0.5426000000000002
5.0,-0.5426000000000002
2.0,0.23320000000000007
2.0,0.23320000000000007
2.0,0.23320000000000007
3.0,-0.19779999999999998
0.0,0.11320000000000086
5.4,0.06080000000000041
1.0,0.06080000000000041
1.0,1.3537999999999997
3.0,1.3537999999999997
5.0,1.9792
10.0,1.6124
2.7,2.182
4.0,1.7764000000000002
2.0,2.1296
2.0,1.6647999999999996
2.0,1.8896000000000002
2.0,1.5785999999999998
3.1,1.3640000000000008
3.0,2.1178
6.0,1.2964000000000002
2.0,0.40559999999999974
0.0,0.3193999999999999
3.0,1.3792
9.0,2.5388
3.1,1.5888
0.0,-0.02540000000000031
5.0,-0.02540000000000031
3.5,-0.02540000000000031
3.0,1.3537999999999997
4.4,1.3537999999999997
4.0,1.3537999999999997
0.7,0.8889999999999993
2.0,0.8365999999999998
4.7,1.2219999999999995
0.0,1.9572000000000003
0.0,2.0282
5.9,1.7882000000000002
4.0,1.5262000000000002
4.0,1.8592000000000004
8.0,2.0434
3.4,2.4254000000000002
8.0,1.7797999999999998
6.0,1.5262000000000002
0.0,1.0090000000000003
0.0,1.4383999999999997
3.5,1.2474000000000007
4.0,1.1172000000000004
1.0,0.7504
2.0,0.7504
8.0,-0.11160000000000014
14.0,1.484
5.0,1.0648
3.2,-0.19779999999999998
2.9,1.1662
1.0,1.0090000000000003
1.0,1.0090000000000003
1.0,1.4315999999999995
13.0,1.2372000000000005
6.0,0.9228000000000005
1.0,0.8924000000000003
8.0,3.088
1.0,2.0958
1.0,0.7199999999999998
3.0,1.5785999999999998
8.0,1.2675999999999998
2.0,0.975200000000001
2.0,0.975200000000001
7.0,0.6219999999999999
3.0,1.6107999999999993
2.7,0.40559999999999974
4.0,0.4985999999999997
4.9,-0.02540000000000031
1.0,-0.02540000000000031
3.5,-0.02540000000000031
2.0,0.35660000000000025
4.0,-0.11160000000000014
2.0,0.07939999999999969
2.0,0.07939999999999969
3.0,-0.02540000000000031
1.0,2.1432
2.6,2.6198
3.0,0.7504
8.0,0.9228000000000005
0.0,0.9228000000000005
3.0,2.2868
3.1,1.9758
7.0,1.751
10.0,0.7504
1.0,0.08280000000000065
3.0,1.8694000000000002
6.0,0.06080000000000041
6.0,0.14700000000000024
4.0,0.7165999999999997
4.0,0.975200000000001
4.0,-0.11160000000000014
0.0,0.5999999999999996
4.0,-0.19779999999999998
0.0,0.8365999999999998
2.0,-0.2839999999999998
0.0,-0.02540000000000031
3.2,-0.02540000000000031
4.0,1.1814
2.8,1.3537999999999997
3.0,1.3537999999999997
5.0,1.3537999999999997
3.0,1.3537999999999997
0.0,1.5330000000000004
3.0,0.14700000000000024
2.7,1.5296000000000003
6.0,1.7426000000000004
3.1,0.11320000000000086
3.0,0.06080000000000041
4.0,0.25180000000000025
0.0,1.0191999999999997
11.0,0.23320000000000007
1.0,0.6710000000000003
2.0,0.2856000000000005
3.0,0.23320000000000007
0.0,0.3752000000000004
1.0,0.06080000000000041
6.0,0.4090000000000007
3.2,0.17239999999999966
1.0,-0.45640000000000036
7.0,1.8034
8.0,1.4434000000000005
14.0,1.1814
11.0,2.603
5.0,1.5026000000000002
0.0,0.1994000000000007
8.0,1.7088
3.9,2.0012
6.0,0.14700000000000024
3.0,0.06080000000000041
4.0,0.06080000000000041
4.0,-0.02540000000000031
4.4,-0.11160000000000014
10.0,1.8018000000000005
2.0,1.1476000000000006
0.0,-0.02540000000000031
1.0,-0.02540000000000031
3.3,1.0006000000000004
3.0,-0.02540000000000031
1.0,-0.02540000000000031
4.0,0.8027999999999995
1.0,-0.02540000000000031
1.0,-0.11160000000000014
5.0,-0.11160000000000014
5.0,0.49180000000000046
0.0,1.751
0.0,0.8365999999999998
7.0,0.8365999999999998
5.0,1.5819999999999999
0.0,1.2675999999999998
1.0,1.2675999999999998
3.0,1.6496000000000004
0.0,1.2406000000000006
2.0,-0.02540000000000031
0.0,-0.02540000000000031
1.0,-0.02540000000000031
6.0,0.5137999999999998
2.0,0.14700000000000024
4.0,0.14700000000000024
2.0,0.6642000000000001
0.0,0.6642000000000001
3.0,0.6642000000000001
0.0,-0.11160000000000014
3.0,0.23659999999999926
1.0,0.20279999999999987
3.0,0.04560000000000031
2.0,0.20279999999999987
10.0,-0.11160000000000014
1.0,1.9640000000000004
1.0,1.7205999999999992
2.0,7.013
5.0,1.4585999999999997
0.0,0.14700000000000024
0.0,0.14700000000000024
3.4,1.8777999999999997
5.0,1.5516000000000005
5.0,1.6378000000000004
1.0,0.14700000000000024
3.8,1.6074000000000002
3.0,0.6642000000000001
3.2,0.7165999999999997
2.9,0.9144000000000005
4.0,3.0848
0.0,1.0936000000000003
10.0,1.8170000000000002
12.0,1.0191999999999997
3.0,1.8272
5.0,1.2508
1.0,2.6132
3.0,4.384600000000001
6.0,2.0216000000000003
0.0,1.6226000000000003
1.0,3.8826
5.0,0.37180000000000035
3.0,1.4350000000000005
3.0,2.0502000000000002
2.0,1.3048000000000002
5.0,1.9978000000000002
3.0,1.5262000000000002
6.0,0.7504
6.1,1.277800000000001
4.0,2.3258000000000005
1.0,2.1280000000000006
3.0,11.4992
5.0,2.9512
8.0,1.2744
0.0,0.7081999999999997
4.0,15.275400000000001
5.0,18.471799999999998
3.0,10.4208
6.0,0.6744000000000003
0.0,5.747
6.7,1.0834000000000001
6.7,-0.040599999999999525
3.0,4.612800000000001
1.0,4.6196
6.0,4.8764
6.0,2.9292000000000002
11.0,2.0164000000000004
10.0,2.5522
3.0,2.7804
10.0,3.4092000000000002
10.0,5.086
11.0,2.1668000000000003
10.0,1.1053999999999995
4.0,0.8992000000000004
9.0,0.6642000000000001
11.8,0.5882000000000005
5.0,1.6818
6.0,7.1314
4.0,0.5510000000000002
13.0,0.8806000000000003
2.0,0.6372
3.0,4.3355999999999995
8.8,0.2889999999999997
2.0,3.9502000000000006
9.6,4.264600000000001
7.7,1.068200000000001
5.0,0.7014000000000005
12.0,2.6908000000000003
1.0,1.5785999999999998
6.0,3.137
5.0,1.5212000000000003
2.0,2.9646
5.0,2.4406
11.0,3.2148000000000003
0.0,1.2338000000000005
6.0,3.6222000000000003
5.0,0.8586000000000009
3.0,1.487400000000001
3.0,4.2798
5.0,0.07939999999999969
5.0,1.173
3.0,1.6631999999999998
9.0,1.0123999999999995
8.0,0.7504
5.0,0.06080000000000041
2.0,0.8738000000000001
4.0,2.1162000000000005
1.0,0.49180000000000046
3.0,0.47659999999999947
5.0,0.3193999999999999
6.6,0.6642000000000001
0.0,1.9234
9.0,2.0096000000000003
9.6,1.9572000000000003
0.0,1.9572000000000003
12.0,1.871
7.7,1.871
8.0,1.6124
0.0,1.9234
8.7,1.2338000000000005
5.0,0.5137999999999998
0.0,0.14700000000000024
4.0,0.8738000000000001
2.0,0.23320000000000007
5.0,1.1206000000000005
8.0,-0.02540000000000031
2.0,1.7122000000000002
7.7,1.3723999999999998
0.0,1.3200000000000003
5.0,1.4585999999999997
5.0,1.2930000000000001
5.0,0.6642000000000001
3.0,1.4400000000000004
10.7,1.4400000000000004
5.0,1.0090000000000003
1.0,1.2557999999999998
6.0,2.7212
4.0,1.871
4.0,2.7178
0.0,1.4771999999999998
4.0,1.2675999999999998
8.0,1.2675999999999998
0.0,1.9234
4.0,1.5448000000000004
0.0,0.8365999999999998
0.0,0.8163999999999998
6.0,2.03
7.0,0.23320000000000007
3.0,0.23320000000000007
3.0,0.5999999999999996
5.7,0.23320000000000007
5.0,0.23320000000000007
2.0,0.23320000000000007
7.7,-0.11160000000000014
0.0,0.32280000000000086
5.0,0.9972000000000003
2.9,1.3453999999999997
8.0,0.6642000000000001
7.0,2.6046
6.0,1.2710000000000008
5.0,1.6985999999999999
6.0,1.4400000000000004
0.0,1.8744
3.0,1.1544000000000008
1.0,0.6303999999999998
5.0,1.9420000000000002
5.0,1.7696
2.0,3.2368
0.0,0.5848000000000004
2.0,1.1578
3.0,1.6107999999999993
5.2,0.5627999999999993
1.0,1.0343999999999998
4.0,0.6033999999999997
5.0,0.2889999999999997
5.0,1.1798000000000002
0.0,0.23659999999999926
3.0,0.9786000000000001
2.0,0.06080000000000041
4.0,1.6834000000000007
0.0,1.5262000000000002
10.0,0.5780000000000003
1.0,1.2439999999999998
4.0,1.0310000000000006
3.5,1.1053999999999995
9.0,0.3193999999999999
0.0,1.7696
3.0,1.6124
2.0,1.3081999999999994
3.0,1.2000000000000002
3.0,1.0952000000000002
3.0,1.0952000000000002
2.0,1.0952000000000002
3.0,-0.16059999999999963
4.0,-0.23160000000000025
0.0,-0.02540000000000031
1.0,0.4648000000000003
3.0,-0.11160000000000014
4.4,0.44619999999999926
1.0,0.6303999999999998
0.0,0.5780000000000003
2.0,0.5780000000000003
0.0,0.5103999999999997
3.0,1.0310000000000006
2.0,1.751
0.0,1.6647999999999996
1.0,0.8586000000000009
0.0,0.9261999999999997
0.0,0.6642000000000001
7.0,1.6496000000000004
0.0,1.9082
4.2,0.14700000000000024
5.0,1.1357999999999997
3.6,1.0006000000000004
6.0,0.3193999999999999
6.0,0.4090000000000007
3.0,0.1656000000000004
4.0,-0.3178000000000001
2.0,-0.19779999999999998
3.0,0.23320000000000007
2.0,-0.19779999999999998
4.1,-0.19779999999999998
0.0,0.7165999999999997
2.0,1.8372000000000002
4.4,0.7504
5.0,1.4400000000000004
2.0,1.4400000000000004
3.0,1.9234
3.5,1.751
9.0,1.6985999999999999
0.0,1.6985999999999999
0.0,1.1476000000000006
3.0,1.2186000000000003
3.0,0.6303999999999998
3.2,0.7165999999999997
1.0,0.6372
3.0,0.6303999999999998
1.0,0.6186000000000007
1.0,2.2954000000000003
2.0,0.9413999999999998
0.0,-0.12679999999999936
5.0,0.14700000000000024
5.0,0.8586000000000009
6.0,0.49180000000000046
4.0,3.563
3.1,1.5262000000000002
8.0,1.5262000000000002
4.0,2.302
4.2,1.9758
6.0,1.9572000000000003
4.7,1.1324000000000005
2.0,1.0090000000000003
4.0,1.2523999999999997
4.0,0.9076000000000004
5.0,1.0834000000000001
3.1,0.06080000000000041
0.0,0.6676000000000002
2.0,-0.02540000000000031
3.2,0.2889999999999997
2.0,-0.26539999999999964
0.0,0.5780000000000003
0.0,0.1841999999999997
0.0,1.0648
1.0,0.7504
2.0,0.7504
0.0,0.7165999999999997
0.0,-0.19779999999999998
7.0,0.06080000000000041
2.0,1.8372000000000002
9.0,1.7172
0.0,1.6124
0.0,1.6124
2.0,1.871
3.0,2.3392
3.0,2.1296
4.0,1.0614000000000008
0.0,1.0090000000000003
2.0,1.0090000000000003
6.0,1.0090000000000003
6.0,0.20279999999999987
6.6,-0.11160000000000014
7.0,0.7165999999999997
4.0,-0.040599999999999525
5.0,0.8957999999999995
7.0,0.7504
0.0,0.06080000000000041
1.0,0.06080000000000041
0.0,0.8365999999999998
3.0,0.8365999999999998
4.2,0.5442
6.0,0.9228000000000005
3.9,1.4400000000000004
4.0,1.4400000000000004
3.2,1.4400000000000004
5.0,1.4400000000000004
5.0,2.5488
3.0,2.1296
3.0,1.2862
5.0,1.9978000000000002
5.0,1.5262000000000002
5.0,0.6642000000000001
2.0,0.3193999999999999
5.9,0.14700000000000024
0.0,1.8203999999999998
3.0,0.40559999999999974
4.0,0.06080000000000041
2.0,0.14700000000000024
2.0,1.3723999999999998
5.0,1.1357999999999997
9.0,1.4383999999999997
3.0,1.3572000000000006
2.0,1.4756
1.0,0.4496000000000002
1.0,-0.11160000000000014
6.0,1.0648
5.8,1.871
12.0,1.9572000000000003
3.0,0.8365999999999998
5.5,2.0958
2.0,3.2486
3.0,1.9487999999999999
6.0,1.7172
6.0,1.2675999999999998
1.0,0.7504
2.0,2.1921999999999997
9.0,1.8356000000000003
1.0,0.14700000000000024
5.0,0.975200000000001
3.2,-0.11160000000000014
3.5,0.5476000000000001
0.0,-0.11160000000000014
4.0,-0.11160000000000014
5.0,0.7233999999999998
5.0,1.2338000000000005
1.0,-0.02540000000000031
3.0,0.8806000000000003
0.0,1.1476000000000006
4.2,2.1702
4.7,2.1482
7.0,1.8372000000000002
3.0,2.8598
4.4,1.5785999999999998
5.0,2.1296
4.0,1.5785999999999998
6.0,1.4924
2.5,1.7578
2.5,1.3116000000000003
1.0,0.6642000000000001
2.5,0.23320000000000007
7.0,0.06080000000000041
4.0,0.4241999999999999
3.0,0.3193999999999999
4.4,0.6303999999999998
0.0,1.6479999999999997
4.7,-0.12679999999999936
0.0,0.7758000000000003
6.0,0.1656000000000004
3.0,-0.02200000000000024
4.0,-0.0743999999999998
0.0,-0.040599999999999525
3.8,-0.19779999999999998
4.0,-0.4192
0.0,-0.02540000000000031
0.0,0.06080000000000041
0.0,2.0434
3.0,2.0873999999999997
16.0,1.3537999999999997
6.0,1.4400000000000004
9.0,1.4400000000000004
1.0,0.9177999999999997
1.0,1.4062000000000001
4.0,0.3193999999999999
4.0,0.23320000000000007
2.0,0.1656000000000004
11.0,0.06080000000000041
9.0,0.06080000000000041
2.0,-0.02540000000000031
3.3,-0.37019999999999964
2.0,-0.19779999999999998
3.0,0.7504
3.1,-0.11160000000000014
1.0,0.23320000000000007
0.0,0.8365999999999998
0.0,-0.11160000000000014
0.0,-0.11160000000000014
2.0,0.030400000000000205
9.0,0.06080000000000041
7.0,1.871
5.0,0.7504
1.0,1.5668000000000006
0.0,1.751
4.0,0.40559999999999974
7.0,0.23320000000000007
6.0,0.40559999999999974
3.0,1.9556
12.0,-0.02540000000000031
4.0,0.5966000000000005
4.0,0.49180000000000046
3.0,0.06080000000000041
3.0,1.2068000000000003
6.0,0.8027999999999995
2.0,0.6303999999999998
6.0,0.5780000000000003
3.0,1.4400000000000004
3.3,1.4400000000000004
0.0,1.5262000000000002
3.0,0.5780000000000003
1.0,0.5780000000000003
2.0,1.1206000000000005
2.0,0.49180000000000046
10.0,2.0958
1.0,1.6124
7.0,1.915
0.0,2.0722
5.0,1.1814
3.7,1.6985999999999999
0.0,1.4400000000000004
2.0,1.4924
1.0,0.6642000000000001
0.0,1.1138000000000003
0.0,1.0090000000000003
3.0,2.0942
6.0,1.2338000000000005
4.0,0.23320000000000007
2.0,0.23320000000000007
3.0,1.0276000000000005
0.0,1.1138000000000003
5.0,1.0090000000000003
1.0,1.3149999999999995
2.0,-0.19779999999999998
6.0,-0.11160000000000014
2.0,-0.11160000000000014
4.0,1.3081999999999994
6.0,1.8896000000000002
6.0,1.2675999999999998
5.2,1.8474000000000004
0.0,1.8812000000000002
4.6,1.0952000000000002
6.0,2.0536
9.0,1.6985999999999999
4.0,1.5785999999999998
2.0,1.5262000000000002
10.2,1.5736000000000008
3.0,0.06080000000000041
0.0,0.06080000000000041
5.4,0.9076000000000004
5.9,1.1324000000000005
0.0,0.9228000000000005
6.0,0.9228000000000005
6.0,1.370800000000001
0.0,-0.19779999999999998
4.0,0.39039999999999964
6.8,-0.11160000000000014
8.0,0.4276
4.0,0.44619999999999926
3.0,-0.11160000000000014
6.0,-0.19779999999999998
0.0,1.8034
5.0,1.6985999999999999
4.0,1.8845999999999998
5.6,1.7358000000000002
5.0,1.5262000000000002
5.0,1.6985999999999999
5.0,1.4062000000000001
13.0,1.5364000000000004
0.0,1.0123999999999995
3.0,0.7504
3.0,1.5109999999999992
1.0,1.4585999999999997
3.0,2.008
2.0,1.7984
5.1,0.9413999999999998
3.0,1.3200000000000003
8.0,1.3200000000000003
0.0,1.2675999999999998
5.0,1.2675999999999998
1.0,1.2675999999999998
5.0,0.06080000000000041
3.0,0.5103999999999997
0.0,1.4062000000000001
3.0,2.0164000000000004
6.0,2.2344
7.0,1.9758
7.0,1.9234
4.0,2.1296
1.0,2.013
12.0,1.7915999999999999
1.0,1.2675999999999998
0.0,1.6834000000000007
1.0,1.4062000000000001
7.0,1.0090000000000003
6.0,1.068200000000001
5.0,0.35660000000000025
8.0,1.5280000000000005
2.0,0.7690000000000001
5.0,0.6642000000000001
0.0,1.0564
4.0,0.5966000000000005
5.0,0.49180000000000046
0.0,0.49180000000000046
2.0,-0.11160000000000014
0.0,0.14700000000000024
2.0,0.3193999999999999
0.0,0.9481999999999999
2.0,-0.0033999999999991815
4.8,0.4580000000000002
9.0,1.1814
3.0,0.5020000000000007
16.0,0.9228000000000005
6.7,0.8365999999999998
13.0,0.6524000000000001
10.0,0.40559999999999974
4.0,1.3537999999999997
0.0,0.23320000000000007
5.1,1.0614000000000008
4.0,1.0090000000000003
5.0,1.0090000000000003
2.0,1.0090000000000003
4.5,-0.2839999999999998
5.7,-0.14540000000000042
7.0,-0.19779999999999998
0.3,0.37180000000000035
4.9,0.3193999999999999
0.0,0.3193999999999999
4.0,0.3193999999999999
2.0,0.3193999999999999
3.8,0.14700000000000024
4.0,1.0090000000000003
8.0,1.5144000000000002
7.0,1.0952000000000002
5.0,0.23320000000000007
1.0,1.751
2.0,0.8365999999999998
4.0,1.5330000000000004
5.0,1.7273999999999994
0.0,1.3537999999999997
3.1,1.2675999999999998
3.5,1.580400000000001
8.0,0.3193999999999999
7.0,0.3193999999999999
0.0,0.23320000000000007
1.0,0.23320000000000007
3.0,0.7538
3.0,1.4908000000000001
4.0,0.23320000000000007
2.0,0.23320000000000007
1.0,1.2287999999999997
1.0,0.8433999999999999
0.0,1.1764000000000001
5.0,0.23320000000000007
5.5,0.23320000000000007
1.0,-0.02540000000000031
2.0,1.1476000000000006
2.0,0.6642000000000001
2.5,1.4722
7.0,1.1764000000000001
3.0,1.6530000000000005
2.4,0.6642000000000001
3.3,1.7646000000000002
4.0,2.0266
4.0,0.8552
2.0,1.604000000000001
9.0,0.6303999999999998
0.0,0.5442
4.0,0.8095999999999997
5.0,0.23320000000000007
0.0,-0.14540000000000042
4.0,-0.19779999999999998
5.5,-0.19779999999999998
0.0,-0.19779999999999998
4.0,0.5442
2.8,0.4580000000000002
6.0,0.3041999999999998
4.1,0.14700000000000024
0.0,0.8365999999999998
0.0,0.14700000000000024
3.0,0.37180000000000035
2.0,0.23320000000000007
0.0,-0.04899999999999949
4.0,-0.8873999999999995
1.0,1.4400000000000004
0.0,1.2203999999999997
0.0,0.9448000000000008
2.9,0.9413999999999998
6.0,1.2439999999999998
4.7,-0.4192
4.0,1.2439999999999998
4.0,1.1814
0.0,-0.11160000000000014
0.0,0.23320000000000007
5.0,-0.02540000000000031
6.0,0.6744000000000003
3.0,0.7504
7.1,0.06080000000000041
1.0,0.7199999999999998
6.4,0.7199999999999998
0.0,0.35999999999999943
3.0,1.0276000000000005
2.0,0.8552
3.3,0.3193999999999999
11.0,2.1280000000000006
8.0,1.4400000000000004
4.3,1.4400000000000004
5.0,1.3674
0.0,0.3193999999999999
4.0,0.14700000000000024
4.0,0.14700000000000024
4.5,0.2856000000000005
2.0,-0.36679999999999957
1.0,-0.6288
0.0,-0.02540000000000031
4.1,4.514800000000001
0.0,0.06080000000000041
3.0,0.975200000000001
0.0,0.9228000000000005
1.0,-0.040599999999999525
7.5,0.6896000000000004
5.7,-0.02540000000000031
9.0,0.975200000000001
14.0,0.9228000000000005
6.0,1.7205999999999992
3.0,1.9234
6.5,1.6902000000000008
6.9,1.7273999999999994
7.0,0.8365999999999998
2.6,0.8365999999999998
4.0,0.8365999999999998
1.0,1.9251999999999998
1.0,1.08
2.0,1.8998000000000004
1.0,0.46140000000000025
0.0,0.4090000000000007
5.0,0.7165999999999997
2.0,0.47659999999999947
0.0,1.0749999999999993
0.0,0.6033999999999997
4.6,-0.02540000000000031
5.0,-0.11160000000000014
0.0,0.40559999999999974
4.0,0.40559999999999974
0.0,0.40559999999999974
5.0,0.8889999999999993
10.0,1.4400000000000004
0.0,1.7172
6.0,1.6124
0.0,1.3537999999999997
2.7,1.7848000000000002
4.5,1.5785999999999998
1.9,0.6642000000000001
0.0,0.3193999999999999
1.0,0.14700000000000024
3.0,0.8365999999999998
2.0,-0.11160000000000014
3.0,-0.11160000000000014
2.9,-0.11160000000000014
2.0,-0.11160000000000014
0.0,0.4580000000000002
3.0,0.40559999999999974
6.0,-0.19779999999999998
3.0,0.7504
3.1,0.35660000000000025
0.0,0.14700000000000024
5.0,-0.19779999999999998
0.0,0.4800000000000004
5.0,0.8889999999999993
2.7,0.8365999999999998
0.0,1.8744
2.0,1.9758
1.0,1.871
2.0,2.182
5.0,1.3572000000000006
5.0,1.9234
4.0,1.6985999999999999
1.0,1.4062000000000001
0.0,1.3537999999999997
0.0,0.7538
0.0,0.7876000000000003
1.0,0.3193999999999999
2.0,2.8194000000000004
3.0,0.2856000000000005
0.1,0.23320000000000007
1.0,0.14700000000000024
0.0,0.23320000000000007
2.0,0.23320000000000007
1.0,0.23320000000000007
2.5,0.5442
0.0,0.06080000000000041
3.6,0.6642000000000001
3.4,1.184800000000001
6.0,1.2744
0.0,1.8372000000000002
6.0,1.7848000000000002
6.0,1.8896000000000002
6.0,1.3234000000000004
6.0,1.5330000000000004
3.0,1.6124
6.0,1.6985999999999999
9.0,1.751
6.0,1.1020000000000003
0.0,0.6642000000000001
6.0,0.3193999999999999
2.9,0.06080000000000041
0.0,-0.02540000000000031
4.0,0.6303999999999998
1.0,1.053
1.0,0.14700000000000024
2.0,1.1662
5.0,1.0090000000000003
6.0,1.0090000000000003
2.4,0.2704000000000004
0.0,0.09799999999999986
2.5,0.14700000000000024
2.5,-0.006800000000000139
1.0,0.14700000000000024
3.1,2.7432000000000003
2.0,1.8896000000000002
4.0,1.9420000000000002
3.0,2.7804
5.1,1.7848000000000002
1.0,1.7848000000000002
2.0,1.6158000000000001
0.0,2.0266
4.9,-0.02540000000000031
4.6,-0.02540000000000031
2.0,-0.08960000000000079
6.0,-0.2129999999999992
2.0,0.9329999999999998
3.0,0.8365999999999998
1.0,-0.26539999999999964
2.8,0.8365999999999998
3.0,-0.23160000000000025
0.0,0.2704000000000004
5.1,0.7504
1.0,0.1994000000000007
2.0,0.14700000000000024
3.5,1.0090000000000003
1.0,0.6642000000000001
3.4,1.3336000000000006
2.0,1.7848000000000002
2.0,1.5668000000000006
3.0,1.9860000000000002
3.0,1.0952000000000002
0.0,1.5972000000000008
4.0,1.4400000000000004
1.0,1.9218000000000002
0.0,0.49180000000000046
3.2,0.14700000000000024
0.0,1.6226000000000003
5.7,0.46140000000000025
4.0,-0.23160000000000025
2.0,0.6303999999999998
0.0,0.8027999999999995
2.0,0.14700000000000024
2.0,0.1994000000000007
5.0,0.8027999999999995
1.0,0.7504
1.0,0.7504
3.0,-0.11160000000000014
0.0,1.2744
5.0,1.7308000000000003
3.0,1.7882000000000002
8.4,1.5262000000000002
6.8,1.5262000000000002
2.0,1.5262000000000002
8.0,1.4400000000000004
5.0,1.4924
8.0,0.4580000000000002
0.0,0.14700000000000024
5.0,0.14700000000000024
2.0,0.14700000000000024
2.0,1.1138000000000003
0.0,-0.19779999999999998
5.0,0.11660000000000004
7.0,0.2889999999999997
3.0,0.7690000000000001
3.3,0.6642000000000001
2.9,0.6642000000000001
0.0,0.6642000000000001
6.0,0.8027999999999995
8.0,1.0343999999999998
3.0,1.0343999999999998
2.0,-0.11160000000000014
0.0,0.3193999999999999
4.1,2.3612
7.0,1.4400000000000004
3.0,1.8896000000000002
8.0,1.7848000000000002
9.0,3.7388000000000003
3.0,2.5860000000000003
0.0,2.2902
6.0,2.0654
0.0,1.5516000000000005
4.3,1.6411999999999995
8.0,1.1020000000000003
2.6,1.1578
4.0,1.0902000000000003
4.4,-0.040599999999999525
7.0,0.06080000000000041
4.2,-0.02540000000000031
1.0,0.49180000000000046
0.0,0.07939999999999969
2.0,-0.02540000000000031
5.0,-0.02540000000000031
2.0,0.5780000000000003
0.0,0.5780000000000003
4.2,0.8062000000000005
0.0,0.8889999999999993
9.0,1.184800000000001
13.0,2.9224
3.0,6.575200000000001
5.0,8.985600000000002
1.0,2.777
1.0,1.1662
2.0,6.605600000000001
3.6,1.5785999999999998
1.0,2.0620000000000003
1.0,0.9448000000000008
2.0,0.5780000000000003
3.8,0.6490000000000009
1.0,0.49180000000000046
3.0,1.0614000000000008
3.7,1.0276000000000005
3.9,0.7352000000000007
10.0,0.7538
3.8,0.4428000000000001
1.0,0.3380000000000001
0.0,0.40559999999999974
3.0,0.8399999999999999
2.0,0.3193999999999999
7.0,1.0090000000000003
15.0,0.49180000000000046
5.0,1.3048000000000002
8.0,1.0952000000000002
5.0,1.2523999999999997
7.0,1.1324000000000005
2.0,1.5262000000000002
10.0,2.3054
2.0,1.1814
0.0,2.0620000000000003
0.0,1.8406000000000002
3.2,0.6642000000000001
2.9,0.14700000000000024
1.0,-0.11160000000000014
7.0,0.7504
1.0,0.4580000000000002
6.0,0.40559999999999974
1.0,0.5780000000000003
0.0,0.2856000000000005
1.0,0.23320000000000007
2.4,0.23320000000000007
5.8,0.6828000000000003
2.0,0.6828000000000003
1.0,0.6642000000000001
6.0,0.7504
1.0,0.7504
4.8,0.7504
7.0,1.2186000000000003
9.0,1.0090000000000003
2.7,1.0090000000000003
1.0,1.6124
3.0,1.6124
1.0,1.6124
6.0,1.0614000000000008
3.0,0.40559999999999974
1.0,1.2675999999999998
0.0,0.14700000000000024
0.0,0.7504
2.3,-0.02540000000000031
0.0,0.14700000000000024
0.0,0.06080000000000041
2.0,0.06080000000000041
3.0,0.06080000000000041
3.2,0.06080000000000041
4.0,0.14700000000000024
4.0,0.14700000000000024
0.0,-0.02540000000000031
6.0,-0.11160000000000014
2.0,0.6642000000000001
0.0,3.1472
9.0,1.3537999999999997
3.0,1.5262000000000002
4.0,2.0434
10.0,2.0434
1.0,1.9572000000000003
2.1,0.8027999999999995
0.0,1.3537999999999997
2.3,1.5109999999999992
1.0,1.2523999999999997
7.0,1.0952000000000002
5.0,-0.11160000000000014
5.0,0.47659999999999947
1.0,0.3193999999999999
0.0,0.49180000000000046
2.0,0.6861999999999995
5.0,0.49180000000000046
1.5,0.5780000000000003
0.0,0.06080000000000041
1.6,0.6642000000000001
1.0,1.0090000000000003
1.9,1.0090000000000003
3.0,1.0090000000000003
1.0,1.0952000000000002
2.6,1.2862
4.0,0.7910000000000004
2.7,0.3193999999999999
3.0,1.0090000000000003
6.0,1.0090000000000003
4.0,0.8365999999999998
3.0,0.9413999999999998
3.0,0.8365999999999998
3.0,1.3200000000000003
6.0,1.2557999999999998
6.0,0.8365999999999998
2.0,0.3193999999999999
4.0,0.3193999999999999
1.0,0.23320000000000007
0.0,0.6303999999999998
1.0,0.7758000000000003
4.0,0.7758000000000003
5.0,0.14700000000000024
0.0,0.14700000000000024
3.5,0.35660000000000025
3.0,0.39039999999999964
3.0,0.39039999999999964
2.8,1.0648
0.0,2.1668000000000003
10.0,1.9572000000000003
0.0,1.9572000000000003
2.0,1.9572000000000003
2.0,2.373
4.0,1.9572000000000003
3.1,1.4400000000000004
0.0,0.6151999999999997
3.0,0.40559999999999974
3.0,1.3537999999999997
6.0,0.23320000000000007
4.0,0.23320000000000007
7.0,0.23320000000000007
0.0,0.23320000000000007
2.0,0.06080000000000041
0.0,0.1841999999999997
1.0,-0.8163999999999998
0.0,-0.14540000000000042
0.0,-0.45640000000000036
4.0,-0.006800000000000139
5.0,0.1994000000000007
5.0,0.09799999999999986
1.5,0.1994000000000007
0.0,0.8365999999999998
0.0,0.8365999999999998
1.0,0.8365999999999998
0.0,1.3792
6.0,0.40559999999999974
5.0,0.40559999999999974
0.0,0.40559999999999974
1.0,0.8365999999999998
2.2,1.4400000000000004
3.0,1.1476000000000006
4.0,1.0952000000000002
2.0,1.3537999999999997
4.0,0.975200000000001
2.0,0.9228000000000005
6.0,0.3193999999999999
2.0,0.25180000000000025
4.0,0.14700000000000024
9.6,0.14700000000000024
0.0,0.2889999999999997
5.0,-0.02540000000000031
1.0,0.5780000000000003
4.0,0.13180000000000014
3.4,0.7504
1.0,-0.02540000000000031
0.0,-0.02540000000000031
8.9,-0.11160000000000014
10.0,-0.11160000000000014
0.0,1.4400000000000004
4.0,1.2557999999999998
3.0,0.8365999999999998
0.0,1.5972000000000008
5.0,2.7618
1.0,2.9562
6.0,1.2896
5.7,2.5928000000000004
8.0,1.2034000000000002
6.4,2.2514
6.1,2.03
6.0,0.11320000000000086
0.0,0.46140000000000025
0.0,0.14700000000000024
5.0,-0.35160000000000036
2.6,-0.14540000000000042
4.4,0.23320000000000007
0.0,-0.2839999999999998
3.0,-0.2839999999999998
3.0,-0.2839999999999998
3.0,-0.2839999999999998
0.0,0.13180000000000014
0.0,1.0952000000000002
6.0,1.0952000000000002
4.0,1.871
4.0,1.871
3.0,1.4958
8.7,1.1814
2.0,1.1814
5.8,1.6985999999999999
0.0,1.0090000000000003
2.0,1.9978000000000002
7.0,0.9938000000000002
0.0,1.1882000000000001
6.2,0.23320000000000007
5.0,0.06080000000000041
2.0,0.2856000000000005
4.0,-0.26539999999999964
7.0,-0.37019999999999964
2.0,1.1814
5.2,1.1814
4.9,1.1814
0.0,1.1814
4.5,-0.11160000000000014
0.0,0.11320000000000086
0.0,0.06080000000000041
4.0,1.2034000000000002
9.0,1.3200000000000003
11.0,1.4924
0.0,2.2412
7.0,1.604000000000001
3.0,1.604000000000001
12.0,0.9228000000000005
4.6,2.3882
2.0,2.0434
2.0,1.8068000000000004
4.0,1.0378000000000007
2.0,0.8365999999999998
7.0,0.21799999999999997
0.0,0.6303999999999998
5.0,0.40559999999999974
0.0,-0.4344000000000001
0.0,-0.3178000000000001
1.0,-0.11160000000000014
5.0,-0.02540000000000031
0.0,0.11320000000000086
4.0,-0.1943999999999999
0.0,-0.45640000000000036
1.0,0.06419999999999959
7.0,-0.02540000000000031
2.0,0.7876000000000003
7.0,0.14700000000000024
0.0,2.5065999999999997
11.0,3.8132
6.2,3.2740000000000005
7.1,2.0468
14.0,2.6486
8.0,1.7205999999999992
3.0,0.06080000000000041
7.9,0.06080000000000041
7.6,0.06080000000000041
4.0,2.9174
0.0,0.6642000000000001
7.3,-0.11160000000000014
7.3,-0.11160000000000014
4.0,1.0343999999999998
3.0,1.839
6.0,0.8095999999999997
12.0,0.06080000000000041
6.0,1.4046000000000003
14.0,0.1994000000000007
6.4,0.9448000000000008
0.0,0.5780000000000003
6.0,2.4170000000000003
7.0,2.5708
10.0,1.1814
3.0,3.6492
2.0,2.9156
4.0,2.6486
2.0,2.4914
3.0,2.799
4.0,0.35660000000000025
2.3,0.35660000000000025
6.0,1.1391999999999998
4.0,0.8399999999999999
7.0,2.5236000000000005
5.0,2.4188000000000005
6.0,0.7048000000000005
2.0,1.8576000000000001
3.0,2.0418
5.0,2.199
4.0,0.21799999999999997
6.0,2.6588
9.0,1.2474000000000007
5.0,-0.11160000000000014
3.6,1.08
2.0,1.2372000000000005
2.2,1.1814
7.0,1.9572000000000003
5.0,1.9572000000000003
1.5,1.7848000000000002
5.0,1.7848000000000002
0.0,1.6124
4.5,1.6985999999999999
1.0,1.6985999999999999
2.6,1.3537999999999997
4.0,0.8365999999999998
3.0,0.4580000000000002
2.0,0.6151999999999997
1.0,0.5814000000000004
0.0,0.23320000000000007
5.0,0.4428000000000001
1.1,-0.37019999999999964
5.0,-0.2839999999999998
2.0,0.06080000000000041
0.0,0.06080000000000041
4.0,0.06080000000000041
4.0,-0.02540000000000031
3.7,-0.02540000000000031
6.3,0.9076000000000004
0.0,1.0090000000000003
5.6,1.6124
0.0,1.9572000000000003
3.0,1.9572000000000003
4.1,1.9572000000000003
3.8,1.9572000000000003
3.0,1.0648
1.0,1.6985999999999999
5.0,1.6985999999999999
1.0,0.23320000000000007
2.0,0.23320000000000007
0.0,0.14700000000000024
3.2,4.0736
2.0,0.1656000000000004
2.5,0.06080000000000041
0.0,0.06080000000000041
0.0,0.3193999999999999
0.0,0.06080000000000041
1.0,0.06080000000000041
1.6,0.06080000000000041
0.0,0.6642000000000001
0.0,0.23320000000000007
0.0,-0.02540000000000031
0.0,1.6124
4.0,1.6124
7.0,1.4400000000000004
3.0,1.2675999999999998
4.0,1.6985999999999999
1.0,0.8552
2.3,2.1296
2.0,1.4400000000000004
1.0,1.7848000000000002
2.8,0.6151999999999997
0.0,1.4400000000000004
0.0,0.7504
4.0,1.2219999999999995
0.0,0.7165999999999997
1.0,0.6642000000000001
4.0,0.14700000000000024
1.0,0.21799999999999997
1.0,0.7504
8.0,0.3380000000000001
1.0,0.14700000000000024
0.0,0.3041999999999998
3.0,-0.02540000000000031
0.0,0.06080000000000041
2.0,-0.02540000000000031
2.8,-0.02540000000000031
8.0,1.3234000000000004
1.0,1.0090000000000003
5.0,1.2372000000000005
6.0,1.2862
5.0,2.5184
1.0,1.6124
3.0,0.7504
5.0,1.1509999999999998
3.0,1.1172000000000004
0.0,0.23320000000000007
4.0,0.14700000000000024
1.0,0.8214000000000006
2.7,0.06080000000000041
2.0,0.7048000000000005
4.0,0.7690000000000001
3.0,0.5814000000000004
2.0,0.3193999999999999
0.0,0.3193999999999999
4.0,-0.02540000000000031
2.5,0.25180000000000025
2.5,0.3193999999999999
2.0,-0.11160000000000014
0.0,0.6828000000000003
0.0,1.1476000000000006
2.4,1.6985999999999999
5.0,0.5780000000000003
3.8,0.8552
10.0,1.6124
4.0,1.6124
0.0,1.6124
0.0,0.8214000000000006
3.0,0.6642000000000001
3.5,1.2675999999999998
2.0,0.6642000000000001
3.0,0.6642000000000001
4.0,0.7723999999999993
3.3,0.22140000000000004
2.0,0.11320000000000086
5.0,-0.14540000000000042
7.0,0.25180000000000025
0.0,0.14700000000000024
3.0,-0.11160000000000014
2.0,0.23320000000000007
3.0,-0.2992000000000008
1.3,-0.5426000000000002
0.0,-0.02540000000000031
1.3,0.37180000000000035
0.0,0.7690000000000001
4.0,1.3723999999999998
0.0,1.2675999999999998
9.0,2.3916
1.8,1.2372000000000005
2.0,1.3537999999999997
2.0,1.2675999999999998
0.0,0.5848000000000004
2.0,0.2889999999999997
0.0,0.15039999999999942
5.0,-0.4039999999999999
3.5,-0.45640000000000036
3.5,-0.6777999999999995
4.0,-0.8688000000000002
3.6,-0.02540000000000031
0.0,-0.6288
0.0,0.1656000000000004
3.4,0.11320000000000086
2.0,-0.19779999999999998
2.0,-0.4039999999999999
2.0,0.06080000000000041
0.0,0.2856000000000005
1.0,-0.11160000000000014
6.0,-0.11160000000000014
2.0,1.1814
0.0,0.6861999999999995
2.7,1.4400000000000004
4.0,1.1476000000000006
3.0,2.1026000000000002
6.0,1.7392000000000003
1.0,1.3453999999999997
3.0,0.3193999999999999
0.0,0.23320000000000007
4.0,0.23320000000000007
0.0,0.23320000000000007
3.0,-0.02540000000000031
2.0,0.06080000000000041
0.0,0.06080000000000041
1.0,0.06080000000000041
0.0,0.8957999999999995
5.0,0.7385999999999999
0.0,-0.3178000000000001
0.0,-0.23160000000000025
3.4,0.6642000000000001
0.0,0.2856000000000005
0.0,0.06080000000000041
2.0,1.2675999999999998
7.0,1.2675999999999998
1.0,1.184800000000001
1.0,0.8889999999999993
6.0,1.4400000000000004
5.0,1.4400000000000004
3.3,0.96
1.0,0.49180000000000046
2.0,0.47659999999999947
3.0,0.40559999999999974
2.0,0.06080000000000041
1.0,0.5137999999999998
3.0,0.7420000000000009
0.0,1.0040000000000004
1.0,-0.12679999999999936
2.0,-0.2839999999999998
3.0,-0.14200000000000035
3.4,-0.45640000000000036
1.1,-0.45640000000000036
4.0,0.4580000000000002
4.0,-0.0743999999999998
4.0,0.2856000000000005
1.0,0.2704000000000004
0.0,-0.5763999999999996
0.3,0.37180000000000035
8.0,1.1172000000000004
1.0,0.7504
3.0,1.3453999999999997
3.0,0.23320000000000007
0.0,0.23320000000000007
9.0,1.2338000000000005
0.0,1.9082
4.4,0.975200000000001
3.9,0.9228000000000005
3.0,0.9228000000000005
1.0,1.1020000000000003
3.0,-0.23160000000000025
0.0,-0.10820000000000007
5.0,-0.02540000000000031
2.0,-0.02540000000000031
0.0,0.1656000000000004
0.0,-0.26539999999999964
0.0,-0.37019999999999964
1.0,-0.37019999999999964
2.0,-0.19779999999999998
0.0,-0.11160000000000014
0.0,0.7910000000000004
0.0,1.3116000000000003
7.0,1.5364000000000004
4.0,1.3420000000000005
2.9,2.182
3.0,1.3420000000000005
2.0,0.9228000000000005
0.0,0.9228000000000005
8.0,1.702
0.0,1.1814
2.0,1.1814
0.0,0.06080000000000041
4.0,-0.02540000000000031
2.1,0.23320000000000007
2.5,0.6642000000000001
4.0,0.6337999999999999
2.0,0.3193999999999999
1.0,-0.02540000000000031
1.0,-0.02540000000000031
4.0,0.2856000000000005
0.0,-0.6963999999999997
5.1,-0.7149999999999999
0.0,-0.5426000000000002
0.0,-0.5426000000000002
0.0,0.4090000000000007
0.0,-0.2129999999999992
6.0,-0.37019999999999964
4.0,1.6749999999999998
4.0,0.06080000000000041
3.5,1.4062000000000001
3.0,1.3537999999999997
0.0,1.3537999999999997
2.0,1.3537999999999997
0.0,1.3537999999999997
1.0,0.06080000000000041
3.2,0.8924000000000003
4.0,0.4580000000000002
3.0,-0.2992000000000008
0.0,-0.45640000000000036
4.0,-0.38540000000000063
4.8,-0.19099999999999984
0.0,0.1656000000000004
2.7,0.23320000000000007
0.0,0.49180000000000046
2.0,-0.45640000000000036
0.0,-0.45640000000000036
1.0,0.40559999999999974
0.0,0.1994000000000007
2.0,-0.2839999999999998
8.0,0.14700000000000024
4.7,0.9228000000000005
4.0,0.7504
0.0,1.5262000000000002
3.0,0.5780000000000003
1.0,2.1550000000000002
5.0,1.1476000000000006
8.0,1.1476000000000006
6.0,1.3268000000000004
1.0,1.3200000000000003
13.0,0.5103999999999997
4.6,-0.11160000000000014
4.2,0.8365999999999998
2.0,0.8365999999999998
1.0,0.35660000000000025
0.0,0.23320000000000007
0.0,0.23320000000000007
0.0,0.7165999999999997
3.0,0.06080000000000041
3.0,0.3041999999999998
1.0,0.37180000000000035
0.0,0.40559999999999974
3.5,1.266
0.0,0.06080000000000041
2.0,0.06080000000000041
0.0,1.1814
0.0,0.49180000000000046
0.0,0.49180000000000046
7.0,1.6124
3.0,1.9234
3.5,1.9082
0.0,1.751
0.0,1.0952000000000002
2.0,1.1544000000000008
1.0,0.6303999999999998
3.0,0.23320000000000007
4.0,0.23320000000000007
0.0,-0.24680000000000035
3.0,-0.45640000000000036
2.0,0.14700000000000024
1.0,0.11320000000000086
2.0,0.14700000000000024
0.0,0.25180000000000025
2.0,0.6642000000000001
2.9,0.7165999999999997
2.8,0.6642000000000001
2.0,-0.02540000000000031
2.0,1.8896000000000002
5.0,1.8034
2.0,0.9228000000000005
0.0,0.9228000000000005
7.0,1.8744
2.0,3.7608
2.3,3.5512
5.4,3.0796
8.0,0.9261999999999997
2.0,0.7199999999999998
0.0,2.292
11.0,1.9066000000000005
2.0,0.49180000000000046
4.0,0.9228000000000005
3.7,1.0191999999999997
8.0,2.1196
7.0,3.7626000000000004
0.9,0.4276
3.7,1.6446000000000005
9.0,1.2287999999999997
3.0,0.23320000000000007
11.0,1.2406000000000006
8.0,0.06080000000000041
4.0,0.06080000000000041
6.0,0.06080000000000041
10.0,1.2675999999999998
15.0,2.5658
7.0,0.8365999999999998
8.0,1.871
7.5,1.871
9.1,1.7882000000000002
11.1,2.8142
10.6,1.871
7.0,1.0310000000000006
5.0,2.4576000000000002
2.0,1.0952000000000002
0.0,1.5128000000000004
2.0,0.1994000000000007
15.0,0.3041999999999998
6.2,2.3782000000000005
5.0,0.14700000000000024
2.0,0.40059999999999985
7.0,0.06080000000000041
6.0,-0.11160000000000014
8.0,1.4756
0.0,-0.37019999999999964
6.0,1.3184000000000005
7.0,0.9516000000000009
7.1,-0.37019999999999964
6.0,0.5780000000000003
7.2,0.5780000000000003
6.9,1.9572000000000003
5.0,1.9572000000000003
3.0,2.182
11.0,2.3544
8.0,2.5336000000000003
8.0,2.4306000000000005
3.0,2.4864
9.0,2.341
3.0,1.2523999999999997
0.0,1.0461999999999998
5.0,0.06080000000000041
0.0,0.37180000000000035
1.0,0.7420000000000009
0.5,0.29240000000000066
2.0,0.06080000000000041
5.0,0.06080000000000041
8.0,-0.02540000000000031
4.0,-0.02540000000000031
0.0,-0.37019999999999964
0.0,-0.02540000000000031
0.0,-0.2839999999999998
2.0,-0.2839999999999998
5.0,-0.2839999999999998
0.0,0.14700000000000024
5.5,0.14700000000000024
3.0,0.14700000000000024
5.0,1.2338000000000005
2.0,1.3537999999999997
1.0,0.96
3.0,1.1814
5.0,1.1324000000000005
5.0,1.3792
4.0,1.3978000000000002
2.0,0.8620000000000001
4.0,-0.2839999999999998
5.0,-0.2839999999999998
0.0,-0.2839999999999998
0.0,0.5780000000000003
0.0,-0.2839999999999998
3.0,0.2704000000000004
2.0,0.3041999999999998
0.0,-0.19779999999999998
2.0,-0.19779999999999998
3.8,0.1841999999999997
2.0,-0.02540000000000031
4.0,0.14700000000000024
3.7,1.3200000000000003
2.7,1.4400000000000004
0.0,1.5262000000000002
2.0,2.2192000000000003
0.0,1.3268000000000004
5.0,0.7504
0.0,1.3200000000000003
3.0,1.1814
0.0,1.1814
7.0,1.6006
3.0,0.8365999999999998
5.0,0.7081999999999997
6.0,-0.02540000000000031
3.0,0.8620000000000001
0.7,0.23320000000000007
3.0,0.23320000000000007
2.8,-0.11160000000000014
0.0,-0.11160000000000014
3.0,-0.11160000000000014
2.8,-0.059200000000000585
0.0,-0.2839999999999998
3.5,-0.19779999999999998
4.0,0.5966000000000005
5.0,0.49180000000000046
4.0,1.4924
3.7,1.4400000000000004
4.0,1.3200000000000003
6.0,0.23320000000000007
0.0,0.8365999999999998
4.0,1.702
0.0,1.4400000000000004
4.0,0.5780000000000003
2.0,1.3605999999999998
0.0,1.8694000000000002
4.0,2.1162000000000005
6.0,-0.09299999999999997
2.0,0.4580000000000002
4.0,1.1088000000000005
1.0,0.7420000000000009
1.0,0.5780000000000003
3.6,-0.4039999999999999
0.0,0.40559999999999974
4.0,0.06080000000000041
3.2,0.5780000000000003
3.5,0.6642000000000001
0.0,0.13180000000000014
0.0,0.3193999999999999
8.0,1.6985999999999999
14.0,1.4924
6.0,1.6867999999999999
0.0,0.5780000000000003
8.0,1.6647999999999996
5.0,1.6124
4.0,1.4062000000000001
3.6,1.3537999999999997
0.0,0.3193999999999999
4.0,0.8552
3.8,0.7504
4.0,0.7504
3.5,1.0952000000000002
2.0,1.0868000000000002
8.0,1.0495999999999999
7.0,0.7165999999999997
2.0,-0.02540000000000031
0.0,-0.11160000000000014
1.0,-0.11160000000000014
1.0,-0.11160000000000014
0.0,0.5814000000000004
5.0,0.8214000000000006
8.0,1.0090000000000003
6.0,1.1814
9.0,1.7358000000000002
3.0,1.4400000000000004
9.0,0.975200000000001
2.0,0.8027999999999995
3.0,0.8027999999999995
0.0,0.2856000000000005
4.0,-0.11160000000000014
1.0,1.1240000000000006
4.0,0.7233999999999998
5.2,0.14700000000000024
3.0,0.14700000000000024
4.3,-0.2839999999999998
1.0,-0.2839999999999998
4.4,0.5848000000000004
3.0,0.06080000000000041
3.0,-0.19779999999999998
4.0,-0.11160000000000014
3.0,-0.11160000000000014
3.9,1.9606
2.0,1.6985999999999999
4.0,2.0164000000000004
3.0,1.5516000000000005
6.0,1.8102
6.0,2.0434
3.9,2.0434
3.0,1.7172
0.0,2.3426
3.0,1.5972000000000008
3.0,1.4400000000000004
5.1,2.2632
3.0,1.2439999999999998
3.0,1.6107999999999993
4.2,1.2964000000000002
5.0,0.8552
3.4,0.7504
4.0,1.1240000000000006
7.0,0.5966000000000005
3.3,0.32280000000000086
5.0,-0.02540000000000031
2.9,-0.02540000000000031
3.0,0.9228000000000005
0.0,0.9228000000000005
7.0,1.9606
9.0,2.1178
7.0,1.6985999999999999
1.0,2.4017999999999997
0.0,3.6408000000000005
0.0,1.6124
4.0,1.6647999999999996
2.5,1.6124
0.0,2.1516
3.0,1.0090000000000003
6.0,0.9413999999999998
0.0,0.3193999999999999
2.0,0.6828000000000003
3.3,0.06080000000000041
3.0,0.96
4.0,0.8552
1.0,1.0902000000000003
2.0,-0.11160000000000014
3.0,-0.11160000000000014
3.0,-0.11160000000000014
0.0,0.7504
9.0,-0.11160000000000014
3.5,-0.11160000000000014
3.8,0.7165999999999997
7.0,0.40559999999999974
0.0,1.9572000000000003
5.0,1.871
4.0,1.0090000000000003
3.0,2.0654
6.0,1.0090000000000003
7.0,1.0090000000000003
6.0,1.7848000000000002
5.0,1.7848000000000002
2.0,1.4062000000000001
5.0,0.14700000000000024
5.0,1.0614000000000008
3.0,2.5726
4.0,0.3193999999999999
2.6,0.06080000000000041
3.0,1.7004000000000001
0.0,0.9329999999999998
0.0,0.14700000000000024
0.0,0.14700000000000024
2.0,0.14700000000000024
1.0,0.4985999999999997
0.0,0.8365999999999998
0.0,0.8365999999999998
2.0,1.9758
1.0,2.613
0.0,2.0434
1.0,2.0434
4.0,1.3200000000000003
4.0,2.0096000000000003
0.0,1.9572000000000003
0.0,1.3537999999999997
0.0,1.3537999999999997
2.0,1.0952000000000002
0.0,1.0614000000000008
0.0,0.11320000000000086
1.0,0.06080000000000041
1.0,0.06080000000000041
0.0,-0.02540000000000031
0.0,0.06080000000000041
0.0,0.06080000000000041
0.0,0.06080000000000041
0.0,0.4090000000000007
0.0,-0.11160000000000014
0.0,-0.02540000000000031
0.0,0.06080000000000041
0.0,-0.02540000000000031
0.0,0.6642000000000001
3.0,-0.02540000000000031
4.0,0.49180000000000046
2.0,-0.37019999999999964
0.0,-0.37019999999999964
0.0,1.4400000000000004
0.0,1.0985999999999994
0.0,1.9301999999999997
1.0,1.4400000000000004
0.0,1.4400000000000004
0.0,0.40559999999999974
0.0,1.5262000000000002
0.0,1.4400000000000004
0.0,1.4400000000000004
0.0,0.7504
0.0,1.0090000000000003
0.0,1.0090000000000003
0.0,-0.11160000000000014
0.0,-0.45640000000000036
1.0,-0.45640000000000036
0.0,-0.19779999999999998
0.0,-0.11160000000000014
0.0,-0.02540000000000031
0.0,0.14700000000000024
3.0,0.14700000000000024
3.0,-0.37019999999999964
3.0,-0.37019999999999964
1.0,2.1888
0.0,3.0982000000000003
0.0,0.7352000000000007
1.0,0.5103999999999997
1.0,1.3537999999999997
0.0,1.0952000000000002
0.0,2.6046
4.0,0.8365999999999998
5.0,0.8365999999999998
0.0,0.7014000000000005
0.0,0.49180000000000046
0.0,-0.37019999999999964
0.0,-0.37019999999999964
0.0,-0.2839999999999998
0.0,-0.11160000000000014
0.0,-0.19779999999999998
2.0,-0.19779999999999998
0.0,-0.11160000000000014
0.0,-0.11160000000000014
0.0,-0.19779999999999998
0.0,0.6828000000000003
0.0,0.5780000000000003
0.0,0.49180000000000046
0.0,0.49180000000000046
0.0,2.0806
2.0,1.1814
1.0,1.6124
0.0,2.302
0.0,0.9076000000000004
1.0,-0.26539999999999964
0.0,0.6303999999999998
0.0,1.0090000000000003
3.0,2.1956
5.0,3.0374
2.0,-0.6288
0.0,-0.37019999999999964
0.0,-0.19779999999999998
0.0,6.102
0.0,3.9722000000000004
0.0,2.7670000000000003
1.0,-0.19779999999999998
0.0,-0.19779999999999998
0.0,-0.19779999999999998
0.0,-0.19779999999999998
0.0,0.6642000000000001
0.0,0.6642000000000001
0.0,0.3193999999999999
0.0,1.1814
0.0,1.1814
0.0,1.6124
0.0,1.6124
1.0,1.0090000000000003
0.0,1.1814
0.0,1.1814
0.0,1.1814
0.0,0.9413999999999998
2.0,1.3200000000000003
0.0,1.2675999999999998
0.0,1.1476000000000006
0.0,0.8552
0.0,4.4066
1.0,0.3193999999999999
0.0,0.8027999999999995
0.0,0.7504
0.0,0.7504
0.0,0.6710000000000003
0.0,0.14700000000000024
0.0,-0.19779999999999998
0.0,0.5814000000000004
0.0,1.3537999999999997
0.0,1.3537999999999997
0.0,1.3200000000000003
0.0,1.2675999999999998
0.0,1.2675999999999998
1.0,1.5262000000000002
0.0,1.5109999999999992
0.0,0.8365999999999998
4.0,1.2557999999999998
6.0,1.1544000000000008
1.0,0.5780000000000003
0.0,1.2523999999999997
0.0,0.9295999999999998
1.0,2.199
0.0,0.11660000000000004
0.0,-0.4192
0.0,-0.02540000000000031
0.0,0.6490000000000009
0.0,-0.1791999999999998
0.0,-0.2839999999999998
0.0,4.8292
2.0,-0.19779999999999998
4.0,-0.19779999999999998
2.0,1.2136000000000005
0.0,0.37180000000000035
0.0,0.4241999999999999
0.0,1.0648
1.0,0.8738000000000001
1.0,1.2523999999999997
1.0,0.5442
0.0,0.49180000000000046
0.0,0.8027999999999995
0.0,0.7504
0.0,0.8027999999999995
0.0,-0.26539999999999964
0.0,0.1994000000000007
0.0,0.11320000000000086
0.0,1.0225999999999997
0.0,-0.02540000000000031
0.0,-0.16059999999999963
0.0,-0.37019999999999964
0.0,-0.37019999999999964
0.0,0.026999999999999247
0.0,0.9329999999999998
0.0,0.1994000000000007
0.0,1.0040000000000004
0.0,0.9329999999999998
0.0,0.9481999999999999
0.0,0.1656000000000004
0.0,-0.37019999999999964
0.0,0.9177999999999997
0.0,1.1391999999999998
0.0,0.23320000000000007
0.0,0.40559999999999974
0.0,1.751
0.0,1.6985999999999999
0.0,0.9228000000000005
0.0,1.5972000000000008
0.0,1.1814
0.0,1.1814
2.0,1.3537999999999997
0.0,0.8365999999999998
0.0,1.3537999999999997
2.0,0.8095999999999997
1.0,0.23320000000000007
0.0,-0.19779999999999998
0.0,-0.19779999999999998
0.0,0.7504
0.0,0.8365999999999998
0.0,-0.11160000000000014
0.0,-0.11160000000000014
0.0,0.1994000000000007
0.0,0.14700000000000024
0.0,0.975200000000001
0.0,0.49180000000000046
0.0,1.3723999999999998
0.0,1.2675999999999998
0.0,1.7848000000000002
0.0,1.4585999999999997
3.0,1.6985999999999999
0.0,2.777
0.0,1.2862
0.0,1.5448000000000004
0.0,0.7504
0.0,0.4580000000000002
0.0,0.40559999999999974
0.0,0.6642000000000001
0.0,0.7572000000000001
0.0,-0.19779999999999998
0.0,0.975200000000001
0.0,0.3041999999999998
1.0,-0.2839999999999998
0.0,0.9228000000000005
0.0,0.1656000000000004
0.0,-0.2839999999999998
0.0,1.0952000000000002
2.0,1.0952000000000002
0.0,0.1994000000000007
0.0,0.14700000000000024
1.0,1.4400000000000004
1.0,1.4400000000000004
0.0,2.2158
5.0,1.6985999999999999
4.0,1.4400000000000004
0.0,1.2338000000000005
0.0,1.0461999999999998
0.0,0.8365999999999998
3.0,1.6124
0.0,1.6124
0.0,0.3041999999999998
0.0,2.9022000000000006
0.0,0.975200000000001
0.0,0.23320000000000007
0.0,0.23320000000000007
0.0,0.14700000000000024
0.0,0.8772000000000002
0.0,1.2675999999999998
0.0,1.2675999999999998
0.0,1.2675999999999998
0.0,1.2675999999999998
0.0,0.40559999999999974
0.0,0.40559999999999974
0.0,0.40559999999999974
0.0,0.40559999999999974
0.0,1.3234000000000004
1.0,2.2158
0.0,2.2158
0.0,1.7172
0.0,1.1476000000000006
0.0,1.6124
0.0,0.2856000000000005
0.0,1.0090000000000003
0.0,1.2710000000000008
2.0,0.40559999999999974
1.0,2.0638000000000005
0.0,0.49180000000000046
0.0,0.23320000000000007
0.0,0.6642000000000001
0.0,0.6642000000000001
0.0,0.6642000000000001
0.0,0.06080000000000041
0.0,0.026999999999999247
0.0,0.5780000000000003
0.0,-0.02540000000000031
0.0,1.0090000000000003
0.0,0.6642000000000001
3.0,2.0434
5.0,2.0434
2.0,2.0434
0.0,0.06080000000000041
0.0,0.49520000000000053
0.0,0.23320000000000007
0.0,0.9413999999999998
0.0,0.40559999999999974
0.0,0.23320000000000007
0.0,0.23320000000000007
0.0,0.14700000000000024
0.0,0.7165999999999997
2.0,0.6642000000000001
0.0,1.3336000000000006
1.0,-0.23160000000000025
1.0,0.6828000000000003
1.0,0.5780000000000003
0.0,0.06080000000000041
0.0,-0.02540000000000031
0.0,0.3193999999999999
2.0,0.6372
3.0,0.37180000000000035
0.0,-0.02540000000000031
0.0,0.8586000000000009
1.0,0.14700000000000024
2.0,0.14700000000000024
1.0,1.1476000000000006
0.0,1.1476000000000006
1.0,2.5826000000000002
1.0,2.2158
0.0,2.2158
0.0,2.204
0.0,0.9938000000000002
0.0,1.6124
0.0,1.0276000000000005
1.0,0.8552
2.0,0.7504
3.0,-0.02540000000000031
3.0,0.49180000000000046
0.0,0.37180000000000035
0.0,0.3193999999999999
0.0,0.14700000000000024
0.0,0.8365999999999998
0.0,0.40559999999999974
0.0,0.35660000000000025
0.0,1.266
0.0,0.3193999999999999
0.0,0.5780000000000003
1.0,1.4400000000000004
0.0,1.1814
0.0,1.4400000000000004
0.0,1.3537999999999997
0.0,1.9082
0.0,0.7165999999999997
0.0,0.6642000000000001
1.0,0.5442
2.0,1.394400000000001
0.0,1.0952000000000002
0.0,-0.2839999999999998
0.0,-0.19779999999999998
0.0,-0.19779999999999998
0.0,-0.45640000000000036
0.0,-0.45640000000000036
0.0,-0.37019999999999964
0.0,0.14700000000000024
0.0,0.1656000000000004
0.0,0.06080000000000041
1.0,0.21799999999999997
2.0,0.06080000000000041
0.0,0.06080000000000041
0.0,0.14700000000000024
0.0,0.5442
0.0,0.6642000000000001
3.0,0.8365999999999998
0.0,1.2675999999999998
0.0,0.8889999999999993
4.0,0.8889999999999993
3.0,0.8365999999999998
0.0,2.0434
0.0,1.2675999999999998
0.0,1.6124
0.0,0.7504
0.0,-0.059200000000000585
0.0,-0.11160000000000014
0.0,-0.11160000000000014
0.0,-0.2839999999999998
4.0,1.161200000000001
1.0,-0.38540000000000063
0.0,-0.6288
0.0,-0.02540000000000031
0.0,-0.19779999999999998
0.0,0.3193999999999999
0.0,0.21799999999999997
0.0,0.5814000000000004
2.0,0.25180000000000025
4.0,0.14700000000000024
1.0,0.4241999999999999
0.0,1.6124
0.0,1.5262000000000002
0.0,1.871
0.0,2.6790000000000003
0.0,1.2523999999999997
0.0,-0.09299999999999997
1.0,-0.19779999999999998
0.0,0.6642000000000001
0.0,-0.02540000000000031
1.0,-0.02540000000000031
0.0,-0.2839999999999998
0.0,-0.37019999999999964
0.0,-0.2839999999999998
0.0,-0.2839999999999998
0.0,0.07939999999999969
0.0,-0.45640000000000036
0.0,-0.02540000000000031
1.0,-0.02540000000000031
1.0,-0.19779999999999998
1.0,-0.11160000000000014
0.0,0.23320000000000007
0.0,0.23320000000000007
